 -6.846  0.0000E+00  0.0000E+00
 -6.845  0.2588E-04  0.2588E-07
 -6.844  0.3823E-03  0.4082E-06
 -6.843  0.1157E-02  0.1565E-05
 -6.842  0.2351E-02  0.3916E-05
 -6.841  0.3962E-02  0.7878E-05
 -6.840  0.5993E-02  0.1387E-04
 -6.839  0.8442E-02  0.2231E-04
 -6.838  0.1131E-01  0.3362E-04
 -6.837  0.1459E-01  0.4822E-04
 -6.836  0.1830E-01  0.6652E-04
 -6.835  0.2242E-01  0.8894E-04
 -6.834  0.2696E-01  0.1159E-03
 -6.833  0.3192E-01  0.1478E-03
 -6.832  0.3730E-01  0.1851E-03
 -6.831  0.2814E-01  0.2133E-03
 -6.830  0.2964E-01  0.2429E-03
 -6.829  0.3114E-01  0.2740E-03
 -6.828  0.3266E-01  0.3067E-03
 -6.827  0.3419E-01  0.3409E-03
 -6.826  0.3573E-01  0.3766E-03
 -6.825  0.3729E-01  0.4139E-03
 -6.824  0.3886E-01  0.4528E-03
 -6.823  0.4044E-01  0.4932E-03
 -6.822  0.4204E-01  0.5353E-03
 -6.821  0.4365E-01  0.5789E-03
 -6.820  0.4528E-01  0.6242E-03
 -6.819  0.4692E-01  0.6711E-03
 -6.818  0.4857E-01  0.7197E-03
 -6.817  0.5078E-01  0.7705E-03
 -6.816  0.5452E-01  0.8250E-03
 -6.815  0.5810E-01  0.8831E-03
 -6.814  0.6152E-01  0.9446E-03
 -6.813  0.6478E-01  0.1009E-02
 -6.812  0.6789E-01  0.1077E-02
 -6.811  0.7083E-01  0.1148E-02
 -6.810  0.7362E-01  0.1222E-02
 -6.809  0.7624E-01  0.1298E-02
 -6.808  0.7871E-01  0.1377E-02
 -6.807  0.8102E-01  0.1458E-02
 -6.806  0.8317E-01  0.1541E-02
 -6.805  0.8517E-01  0.1626E-02
 -6.804  0.8700E-01  0.1713E-02
 -6.803  0.7306E-01  0.1786E-02
 -6.802  0.7381E-01  0.1860E-02
 -6.801  0.7457E-01  0.1934E-02
 -6.800  0.7533E-01  0.2010E-02
 -6.799  0.7611E-01  0.2086E-02
 -6.798  0.7689E-01  0.2163E-02
 -6.797  0.7769E-01  0.2240E-02
 -6.796  0.7849E-01  0.2319E-02
 -6.795  0.7930E-01  0.2398E-02
 -6.794  0.8012E-01  0.2478E-02
 -6.793  0.8094E-01  0.2559E-02
 -6.792  0.8178E-01  0.2641E-02
 -6.791  0.8262E-01  0.2724E-02
 -6.790  0.8348E-01  0.2807E-02
 -6.789  0.8427E-01  0.2891E-02
 -6.788  0.8476E-01  0.2976E-02
 -6.787  0.8528E-01  0.3062E-02
 -6.786  0.8582E-01  0.3147E-02
 -6.785  0.8639E-01  0.3234E-02
 -6.784  0.8698E-01  0.3321E-02
 -6.783  0.8760E-01  0.3408E-02
 -6.782  0.8825E-01  0.3497E-02
 -6.781  0.8892E-01  0.3585E-02
 -6.780  0.8962E-01  0.3675E-02
 -6.779  0.9034E-01  0.3765E-02
 -6.778  0.9109E-01  0.3857E-02
 -6.777  0.9186E-01  0.3948E-02
 -6.776  0.9266E-01  0.4041E-02
 -6.775  0.9352E-01  0.4135E-02
 -6.774  0.9455E-01  0.4229E-02
 -6.773  0.9559E-01  0.4325E-02
 -6.772  0.9664E-01  0.4421E-02
 -6.771  0.9771E-01  0.4519E-02
 -6.770  0.9879E-01  0.4618E-02
 -6.769  0.9988E-01  0.4718E-02
 -6.768  0.1010E+00  0.4819E-02
 -6.767  0.1021E+00  0.4921E-02
 -6.766  0.1032E+00  0.5024E-02
 -6.765  0.1044E+00  0.5128E-02
 -6.764  0.1056E+00  0.5234E-02
 -6.763  0.1067E+00  0.5341E-02
 -6.762  0.1079E+00  0.5449E-02
 -6.761  0.1092E+00  0.5558E-02
 -6.760  0.1111E+00  0.5669E-02
 -6.759  0.1128E+00  0.5782E-02
 -6.758  0.1144E+00  0.5896E-02
 -6.757  0.1158E+00  0.6012E-02
 -6.756  0.1171E+00  0.6129E-02
 -6.755  0.1183E+00  0.6247E-02
 -6.754  0.1193E+00  0.6367E-02
 -6.753  0.1202E+00  0.6487E-02
 -6.752  0.1209E+00  0.6608E-02
 -6.751  0.1215E+00  0.6729E-02
 -6.750  0.1219E+00  0.6851E-02
 -6.749  0.1223E+00  0.6973E-02
 -6.748  0.1224E+00  0.7096E-02
 -6.747  0.1203E+00  0.7216E-02
 -6.746  0.1209E+00  0.7337E-02
 -6.745  0.1214E+00  0.7458E-02
 -6.744  0.1219E+00  0.7580E-02
 -6.743  0.1224E+00  0.7703E-02
 -6.742  0.1229E+00  0.7826E-02
 -6.741  0.1234E+00  0.7949E-02
 -6.740  0.1239E+00  0.8073E-02
 -6.739  0.1244E+00  0.8197E-02
 -6.738  0.1249E+00  0.8322E-02
 -6.737  0.1254E+00  0.8448E-02
 -6.736  0.1259E+00  0.8574E-02
 -6.735  0.1263E+00  0.8700E-02
 -6.734  0.1268E+00  0.8827E-02
 -6.733  0.1272E+00  0.8954E-02
 -6.732  0.1272E+00  0.9081E-02
 -6.731  0.1273E+00  0.9208E-02
 -6.730  0.1274E+00  0.9336E-02
 -6.729  0.1276E+00  0.9463E-02
 -6.728  0.1278E+00  0.9591E-02
 -6.727  0.1280E+00  0.9719E-02
 -6.726  0.1283E+00  0.9847E-02
 -6.725  0.1286E+00  0.9976E-02
 -6.724  0.1289E+00  0.1010E-01
 -6.723  0.1293E+00  0.1023E-01
 -6.722  0.1297E+00  0.1036E-01
 -6.721  0.1302E+00  0.1049E-01
 -6.720  0.1307E+00  0.1062E-01
 -6.719  0.1312E+00  0.1076E-01
 -6.718  0.1318E+00  0.1089E-01
 -6.717  0.1323E+00  0.1102E-01
 -6.716  0.1329E+00  0.1115E-01
 -6.715  0.1335E+00  0.1129E-01
 -6.714  0.1340E+00  0.1142E-01
 -6.713  0.1346E+00  0.1156E-01
 -6.712  0.1352E+00  0.1169E-01
 -6.711  0.1358E+00  0.1183E-01
 -6.710  0.1364E+00  0.1196E-01
 -6.709  0.1370E+00  0.1210E-01
 -6.708  0.1376E+00  0.1224E-01
 -6.707  0.1382E+00  0.1238E-01
 -6.706  0.1388E+00  0.1251E-01
 -6.705  0.1394E+00  0.1265E-01
 -6.704  0.1400E+00  0.1279E-01
 -6.703  0.1406E+00  0.1293E-01
 -6.702  0.1412E+00  0.1308E-01
 -6.701  0.1418E+00  0.1322E-01
 -6.700  0.1424E+00  0.1336E-01
 -6.699  0.1431E+00  0.1350E-01
 -6.698  0.1438E+00  0.1365E-01
 -6.697  0.1444E+00  0.1379E-01
 -6.696  0.1451E+00  0.1394E-01
 -6.695  0.1458E+00  0.1408E-01
 -6.694  0.1465E+00  0.1423E-01
 -6.693  0.1473E+00  0.1438E-01
 -6.692  0.1480E+00  0.1452E-01
 -6.691  0.1487E+00  0.1467E-01
 -6.690  0.1495E+00  0.1482E-01
 -6.689  0.1502E+00  0.1497E-01
 -6.688  0.1510E+00  0.1512E-01
 -6.687  0.1518E+00  0.1527E-01
 -6.686  0.1525E+00  0.1543E-01
 -6.685  0.1533E+00  0.1558E-01
 -6.684  0.1541E+00  0.1573E-01
 -6.683  0.1549E+00  0.1589E-01
 -6.682  0.1557E+00  0.1605E-01
 -6.681  0.1566E+00  0.1620E-01
 -6.680  0.1574E+00  0.1636E-01
 -6.679  0.1582E+00  0.1652E-01
 -6.678  0.1591E+00  0.1668E-01
 -6.677  0.1599E+00  0.1684E-01
 -6.676  0.1607E+00  0.1700E-01
 -6.675  0.1615E+00  0.1716E-01
 -6.674  0.1621E+00  0.1732E-01
 -6.673  0.1627E+00  0.1748E-01
 -6.672  0.1632E+00  0.1765E-01
 -6.671  0.1637E+00  0.1781E-01
 -6.670  0.1641E+00  0.1797E-01
 -6.669  0.1644E+00  0.1814E-01
 -6.668  0.1647E+00  0.1830E-01
 -6.667  0.1648E+00  0.1847E-01
 -6.666  0.1649E+00  0.1863E-01
 -6.665  0.1650E+00  0.1880E-01
 -6.664  0.1650E+00  0.1896E-01
 -6.663  0.1663E+00  0.1913E-01
 -6.662  0.1667E+00  0.1930E-01
 -6.661  0.1671E+00  0.1946E-01
 -6.660  0.1675E+00  0.1963E-01
 -6.659  0.1679E+00  0.1980E-01
 -6.658  0.1682E+00  0.1997E-01
 -6.657  0.1686E+00  0.2014E-01
 -6.656  0.1690E+00  0.2030E-01
 -6.655  0.1693E+00  0.2047E-01
 -6.654  0.1697E+00  0.2064E-01
 -6.653  0.1700E+00  0.2081E-01
 -6.652  0.1704E+00  0.2098E-01
 -6.651  0.1707E+00  0.2115E-01
 -6.650  0.1710E+00  0.2133E-01
 -6.649  0.1713E+00  0.2150E-01
 -6.648  0.1716E+00  0.2167E-01
 -6.647  0.1718E+00  0.2184E-01
 -6.646  0.1721E+00  0.2201E-01
 -6.645  0.1724E+00  0.2218E-01
 -6.644  0.1727E+00  0.2236E-01
 -6.643  0.1729E+00  0.2253E-01
 -6.642  0.1732E+00  0.2270E-01
 -6.641  0.1736E+00  0.2288E-01
 -6.640  0.1739E+00  0.2305E-01
 -6.639  0.1742E+00  0.2323E-01
 -6.638  0.1745E+00  0.2340E-01
 -6.637  0.1749E+00  0.2357E-01
 -6.636  0.1752E+00  0.2375E-01
 -6.635  0.1756E+00  0.2393E-01
 -6.634  0.1759E+00  0.2410E-01
 -6.633  0.1763E+00  0.2428E-01
 -6.632  0.1766E+00  0.2445E-01
 -6.631  0.1770E+00  0.2463E-01
 -6.630  0.1773E+00  0.2481E-01
 -6.629  0.1777E+00  0.2499E-01
 -6.628  0.1780E+00  0.2516E-01
 -6.627  0.1784E+00  0.2534E-01
 -6.626  0.1787E+00  0.2552E-01
 -6.625  0.1791E+00  0.2570E-01
 -6.624  0.1794E+00  0.2588E-01
 -6.623  0.1798E+00  0.2606E-01
 -6.622  0.1801E+00  0.2624E-01
 -6.621  0.1804E+00  0.2642E-01
 -6.620  0.1807E+00  0.2660E-01
 -6.619  0.1810E+00  0.2678E-01
 -6.618  0.1813E+00  0.2696E-01
 -6.617  0.1816E+00  0.2714E-01
 -6.616  0.1819E+00  0.2733E-01
 -6.615  0.1823E+00  0.2751E-01
 -6.614  0.1826E+00  0.2769E-01
 -6.613  0.1830E+00  0.2787E-01
 -6.612  0.1834E+00  0.2806E-01
 -6.611  0.1837E+00  0.2824E-01
 -6.610  0.1841E+00  0.2843E-01
 -6.609  0.1845E+00  0.2861E-01
 -6.608  0.1850E+00  0.2879E-01
 -6.607  0.1854E+00  0.2898E-01
 -6.606  0.1859E+00  0.2917E-01
 -6.605  0.1864E+00  0.2935E-01
 -6.604  0.1869E+00  0.2954E-01
 -6.603  0.1874E+00  0.2973E-01
 -6.602  0.1879E+00  0.2991E-01
 -6.601  0.1884E+00  0.3010E-01
 -6.600  0.1889E+00  0.3029E-01
 -6.599  0.1895E+00  0.3048E-01
 -6.598  0.1900E+00  0.3067E-01
 -6.597  0.1905E+00  0.3086E-01
 -6.596  0.1911E+00  0.3105E-01
 -6.595  0.1916E+00  0.3124E-01
 -6.594  0.1922E+00  0.3144E-01
 -6.593  0.1927E+00  0.3163E-01
 -6.592  0.1933E+00  0.3182E-01
 -6.591  0.1938E+00  0.3202E-01
 -6.590  0.1944E+00  0.3221E-01
 -6.589  0.1949E+00  0.3241E-01
 -6.588  0.1954E+00  0.3260E-01
 -6.587  0.1960E+00  0.3280E-01
 -6.586  0.1965E+00  0.3299E-01
 -6.585  0.1971E+00  0.3319E-01
 -6.584  0.1976E+00  0.3339E-01
 -6.583  0.1981E+00  0.3359E-01
 -6.582  0.1987E+00  0.3379E-01
 -6.581  0.1992E+00  0.3398E-01
 -6.580  0.1997E+00  0.3418E-01
 -6.579  0.2003E+00  0.3438E-01
 -6.578  0.2009E+00  0.3459E-01
 -6.577  0.2016E+00  0.3479E-01
 -6.576  0.2022E+00  0.3499E-01
 -6.575  0.2028E+00  0.3519E-01
 -6.574  0.2034E+00  0.3540E-01
 -6.573  0.2040E+00  0.3560E-01
 -6.572  0.2047E+00  0.3580E-01
 -6.571  0.2053E+00  0.3601E-01
 -6.570  0.2059E+00  0.3622E-01
 -6.569  0.2066E+00  0.3642E-01
 -6.568  0.2072E+00  0.3663E-01
 -6.567  0.2078E+00  0.3684E-01
 -6.566  0.2085E+00  0.3705E-01
 -6.565  0.2091E+00  0.3725E-01
 -6.564  0.2097E+00  0.3746E-01
 -6.563  0.2102E+00  0.3767E-01
 -6.562  0.2107E+00  0.3789E-01
 -6.561  0.2112E+00  0.3810E-01
 -6.560  0.2116E+00  0.3831E-01
 -6.559  0.2120E+00  0.3852E-01
 -6.558  0.2123E+00  0.3873E-01
 -6.557  0.2126E+00  0.3894E-01
 -6.556  0.2129E+00  0.3916E-01
 -6.555  0.2131E+00  0.3937E-01
 -6.554  0.2133E+00  0.3958E-01
 -6.553  0.2134E+00  0.3980E-01
 -6.552  0.2129E+00  0.4001E-01
 -6.551  0.2131E+00  0.4022E-01
 -6.550  0.2134E+00  0.4044E-01
 -6.549  0.2136E+00  0.4065E-01
 -6.548  0.2138E+00  0.4086E-01
 -6.547  0.2141E+00  0.4108E-01
 -6.546  0.2143E+00  0.4129E-01
 -6.545  0.2145E+00  0.4151E-01
 -6.544  0.2147E+00  0.4172E-01
 -6.543  0.2149E+00  0.4194E-01
 -6.542  0.2151E+00  0.4215E-01
 -6.541  0.2153E+00  0.4237E-01
 -6.540  0.2155E+00  0.4258E-01
 -6.539  0.2157E+00  0.4280E-01
 -6.538  0.2159E+00  0.4301E-01
 -6.537  0.2161E+00  0.4323E-01
 -6.536  0.2164E+00  0.4345E-01
 -6.535  0.2167E+00  0.4366E-01
 -6.534  0.2170E+00  0.4388E-01
 -6.533  0.2173E+00  0.4410E-01
 -6.532  0.2176E+00  0.4432E-01
 -6.531  0.2180E+00  0.4453E-01
 -6.530  0.2183E+00  0.4475E-01
 -6.529  0.2187E+00  0.4497E-01
 -6.528  0.2191E+00  0.4519E-01
 -6.527  0.2195E+00  0.4541E-01
 -6.526  0.2199E+00  0.4563E-01
 -6.525  0.2204E+00  0.4585E-01
 -6.524  0.2207E+00  0.4607E-01
 -6.523  0.2210E+00  0.4629E-01
 -6.522  0.2213E+00  0.4651E-01
 -6.521  0.2217E+00  0.4673E-01
 -6.520  0.2220E+00  0.4696E-01
 -6.519  0.2223E+00  0.4718E-01
 -6.518  0.2227E+00  0.4740E-01
 -6.517  0.2230E+00  0.4762E-01
 -6.516  0.2233E+00  0.4785E-01
 -6.515  0.2236E+00  0.4807E-01
 -6.514  0.2239E+00  0.4829E-01
 -6.513  0.2243E+00  0.4852E-01
 -6.512  0.2246E+00  0.4874E-01
 -6.511  0.2249E+00  0.4897E-01
 -6.510  0.2252E+00  0.4919E-01
 -6.509  0.2255E+00  0.4942E-01
 -6.508  0.2258E+00  0.4964E-01
 -6.507  0.2261E+00  0.4987E-01
 -6.506  0.2264E+00  0.5010E-01
 -6.505  0.2267E+00  0.5032E-01
 -6.504  0.2270E+00  0.5055E-01
 -6.503  0.2273E+00  0.5078E-01
 -6.502  0.2276E+00  0.5101E-01
 -6.501  0.2280E+00  0.5123E-01
 -6.500  0.2283E+00  0.5146E-01
 -6.499  0.2286E+00  0.5169E-01
 -6.498  0.2290E+00  0.5192E-01
 -6.497  0.2293E+00  0.5215E-01
 -6.496  0.2296E+00  0.5238E-01
 -6.495  0.2300E+00  0.5261E-01
 -6.494  0.2303E+00  0.5284E-01
 -6.493  0.2306E+00  0.5307E-01
 -6.492  0.2310E+00  0.5330E-01
 -6.491  0.2313E+00  0.5353E-01
 -6.490  0.2316E+00  0.5376E-01
 -6.489  0.2319E+00  0.5400E-01
 -6.488  0.2323E+00  0.5423E-01
 -6.487  0.2326E+00  0.5446E-01
 -6.486  0.2329E+00  0.5469E-01
 -6.485  0.2333E+00  0.5493E-01
 -6.484  0.2336E+00  0.5516E-01
 -6.483  0.2339E+00  0.5539E-01
 -6.482  0.2342E+00  0.5563E-01
 -6.481  0.2345E+00  0.5586E-01
 -6.480  0.2349E+00  0.5610E-01
 -6.479  0.2352E+00  0.5633E-01
 -6.478  0.2355E+00  0.5657E-01
 -6.477  0.2358E+00  0.5680E-01
 -6.476  0.2362E+00  0.5704E-01
 -6.475  0.2365E+00  0.5728E-01
 -6.474  0.2368E+00  0.5751E-01
 -6.473  0.2371E+00  0.5775E-01
 -6.472  0.2375E+00  0.5799E-01
 -6.471  0.2378E+00  0.5823E-01
 -6.470  0.2381E+00  0.5846E-01
 -6.469  0.2384E+00  0.5870E-01
 -6.468  0.2388E+00  0.5894E-01
 -6.467  0.2392E+00  0.5918E-01
 -6.466  0.2396E+00  0.5942E-01
 -6.465  0.2400E+00  0.5966E-01
 -6.464  0.2404E+00  0.5990E-01
 -6.463  0.2408E+00  0.6014E-01
 -6.462  0.2412E+00  0.6038E-01
 -6.461  0.2416E+00  0.6062E-01
 -6.460  0.2421E+00  0.6087E-01
 -6.459  0.2425E+00  0.6111E-01
 -6.458  0.2429E+00  0.6135E-01
 -6.457  0.2433E+00  0.6160E-01
 -6.456  0.2438E+00  0.6184E-01
 -6.455  0.2442E+00  0.6208E-01
 -6.454  0.2446E+00  0.6233E-01
 -6.453  0.2451E+00  0.6257E-01
 -6.452  0.2455E+00  0.6282E-01
 -6.451  0.2460E+00  0.6306E-01
 -6.450  0.2464E+00  0.6331E-01
 -6.449  0.2469E+00  0.6356E-01
 -6.448  0.2474E+00  0.6381E-01
 -6.447  0.2478E+00  0.6405E-01
 -6.446  0.2483E+00  0.6430E-01
 -6.445  0.2487E+00  0.6455E-01
 -6.444  0.2492E+00  0.6480E-01
 -6.443  0.2497E+00  0.6505E-01
 -6.442  0.2502E+00  0.6530E-01
 -6.441  0.2507E+00  0.6555E-01
 -6.440  0.2511E+00  0.6580E-01
 -6.439  0.2516E+00  0.6605E-01
 -6.438  0.2521E+00  0.6630E-01
 -6.437  0.2526E+00  0.6656E-01
 -6.436  0.2531E+00  0.6681E-01
 -6.435  0.2536E+00  0.6706E-01
 -6.434  0.2541E+00  0.6732E-01
 -6.433  0.2546E+00  0.6757E-01
 -6.432  0.2551E+00  0.6783E-01
 -6.431  0.2556E+00  0.6808E-01
 -6.430  0.2561E+00  0.6834E-01
 -6.429  0.2566E+00  0.6860E-01
 -6.428  0.2571E+00  0.6885E-01
 -6.427  0.2576E+00  0.6911E-01
 -6.426  0.2581E+00  0.6937E-01
 -6.425  0.2585E+00  0.6963E-01
 -6.424  0.2590E+00  0.6989E-01
 -6.423  0.2594E+00  0.7015E-01
 -6.422  0.2597E+00  0.7041E-01
 -6.421  0.2601E+00  0.7067E-01
 -6.420  0.2604E+00  0.7093E-01
 -6.419  0.2607E+00  0.7119E-01
 -6.418  0.2610E+00  0.7145E-01
 -6.417  0.2613E+00  0.7171E-01
 -6.416  0.2615E+00  0.7197E-01
 -6.415  0.2617E+00  0.7223E-01
 -6.414  0.2614E+00  0.7249E-01
 -6.413  0.2616E+00  0.7276E-01
 -6.412  0.2619E+00  0.7302E-01
 -6.411  0.2622E+00  0.7328E-01
 -6.410  0.2624E+00  0.7354E-01
 -6.409  0.2627E+00  0.7380E-01
 -6.408  0.2629E+00  0.7407E-01
 -6.407  0.2632E+00  0.7433E-01
 -6.406  0.2634E+00  0.7459E-01
 -6.405  0.2636E+00  0.7486E-01
 -6.404  0.2639E+00  0.7512E-01
 -6.403  0.2641E+00  0.7539E-01
 -6.402  0.2643E+00  0.7565E-01
 -6.401  0.2646E+00  0.7591E-01
 -6.400  0.2648E+00  0.7618E-01
 -6.399  0.2649E+00  0.7644E-01
 -6.398  0.2651E+00  0.7671E-01
 -6.397  0.2653E+00  0.7697E-01
 -6.396  0.2655E+00  0.7724E-01
 -6.395  0.2657E+00  0.7751E-01
 -6.394  0.2660E+00  0.7777E-01
 -6.393  0.2662E+00  0.7804E-01
 -6.392  0.2664E+00  0.7830E-01
 -6.391  0.2666E+00  0.7857E-01
 -6.390  0.2668E+00  0.7884E-01
 -6.389  0.2670E+00  0.7910E-01
 -6.388  0.2673E+00  0.7937E-01
 -6.387  0.2675E+00  0.7964E-01
 -6.386  0.2677E+00  0.7991E-01
 -6.385  0.2679E+00  0.8018E-01
 -6.384  0.2682E+00  0.8044E-01
 -6.383  0.2684E+00  0.8071E-01
 -6.382  0.2686E+00  0.8098E-01
 -6.381  0.2688E+00  0.8125E-01
 -6.380  0.2690E+00  0.8152E-01
 -6.379  0.2692E+00  0.8179E-01
 -6.378  0.2694E+00  0.8206E-01
 -6.377  0.2696E+00  0.8233E-01
 -6.376  0.2698E+00  0.8260E-01
 -6.375  0.2700E+00  0.8287E-01
 -6.374  0.2702E+00  0.8314E-01
 -6.373  0.2705E+00  0.8341E-01
 -6.372  0.2708E+00  0.8368E-01
 -6.371  0.2711E+00  0.8395E-01
 -6.370  0.2714E+00  0.8422E-01
 -6.369  0.2717E+00  0.8449E-01
 -6.368  0.2720E+00  0.8476E-01
 -6.367  0.2723E+00  0.8504E-01
 -6.366  0.2726E+00  0.8531E-01
 -6.365  0.2730E+00  0.8558E-01
 -6.364  0.2733E+00  0.8586E-01
 -6.363  0.2736E+00  0.8613E-01
 -6.362  0.2740E+00  0.8640E-01
 -6.361  0.2743E+00  0.8668E-01
 -6.360  0.2746E+00  0.8695E-01
 -6.359  0.2750E+00  0.8723E-01
 -6.358  0.2753E+00  0.8750E-01
 -6.357  0.2757E+00  0.8778E-01
 -6.356  0.2760E+00  0.8805E-01
 -6.355  0.2763E+00  0.8833E-01
 -6.354  0.2766E+00  0.8861E-01
 -6.353  0.2770E+00  0.8888E-01
 -6.352  0.2773E+00  0.8916E-01
 -6.351  0.2777E+00  0.8944E-01
 -6.350  0.2780E+00  0.8972E-01
 -6.349  0.2783E+00  0.8999E-01
 -6.348  0.2787E+00  0.9027E-01
 -6.347  0.2790E+00  0.9055E-01
 -6.346  0.2793E+00  0.9083E-01
 -6.345  0.2796E+00  0.9111E-01
 -6.344  0.2799E+00  0.9139E-01
 -6.343  0.2802E+00  0.9167E-01
 -6.342  0.2805E+00  0.9195E-01
 -6.341  0.2808E+00  0.9223E-01
 -6.340  0.2811E+00  0.9251E-01
 -6.339  0.2814E+00  0.9280E-01
 -6.338  0.2817E+00  0.9308E-01
 -6.337  0.2820E+00  0.9336E-01
 -6.336  0.2822E+00  0.9364E-01
 -6.335  0.2825E+00  0.9392E-01
 -6.334  0.2828E+00  0.9421E-01
 -6.333  0.2831E+00  0.9449E-01
 -6.332  0.2834E+00  0.9477E-01
 -6.331  0.2837E+00  0.9506E-01
 -6.330  0.2840E+00  0.9534E-01
 -6.329  0.2843E+00  0.9563E-01
 -6.328  0.2846E+00  0.9591E-01
 -6.327  0.2850E+00  0.9619E-01
 -6.326  0.2853E+00  0.9648E-01
 -6.325  0.2856E+00  0.9677E-01
 -6.324  0.2859E+00  0.9705E-01
 -6.323  0.2862E+00  0.9734E-01
 -6.322  0.2865E+00  0.9762E-01
 -6.321  0.2868E+00  0.9791E-01
 -6.320  0.2871E+00  0.9820E-01
 -6.319  0.2875E+00  0.9849E-01
 -6.318  0.2878E+00  0.9877E-01
 -6.317  0.2881E+00  0.9906E-01
 -6.316  0.2884E+00  0.9935E-01
 -6.315  0.2887E+00  0.9964E-01
 -6.314  0.2890E+00  0.9993E-01
 -6.313  0.2893E+00  0.1002E+00
 -6.312  0.2897E+00  0.1005E+00
 -6.311  0.2900E+00  0.1008E+00
 -6.310  0.2903E+00  0.1011E+00
 -6.309  0.2906E+00  0.1014E+00
 -6.308  0.2909E+00  0.1017E+00
 -6.307  0.2912E+00  0.1020E+00
 -6.306  0.2915E+00  0.1023E+00
 -6.305  0.2918E+00  0.1025E+00
 -6.304  0.2922E+00  0.1028E+00
 -6.303  0.2925E+00  0.1031E+00
 -6.302  0.2928E+00  0.1034E+00
 -6.301  0.2932E+00  0.1037E+00
 -6.300  0.2935E+00  0.1040E+00
 -6.299  0.2938E+00  0.1043E+00
 -6.298  0.2941E+00  0.1046E+00
 -6.297  0.2945E+00  0.1049E+00
 -6.296  0.2948E+00  0.1052E+00
 -6.295  0.2951E+00  0.1055E+00
 -6.294  0.2955E+00  0.1058E+00
 -6.293  0.2958E+00  0.1061E+00
 -6.292  0.2962E+00  0.1064E+00
 -6.291  0.2965E+00  0.1067E+00
 -6.290  0.2968E+00  0.1070E+00
 -6.289  0.2972E+00  0.1073E+00
 -6.288  0.2975E+00  0.1076E+00
 -6.287  0.2979E+00  0.1079E+00
 -6.286  0.2983E+00  0.1082E+00
 -6.285  0.2987E+00  0.1084E+00
 -6.284  0.2990E+00  0.1087E+00
 -6.283  0.2994E+00  0.1090E+00
 -6.282  0.2998E+00  0.1093E+00
 -6.281  0.3002E+00  0.1096E+00
 -6.280  0.3006E+00  0.1099E+00
 -6.279  0.3010E+00  0.1103E+00
 -6.278  0.3014E+00  0.1106E+00
 -6.277  0.3018E+00  0.1109E+00
 -6.276  0.3022E+00  0.1112E+00
 -6.275  0.3026E+00  0.1115E+00
 -6.274  0.3030E+00  0.1118E+00
 -6.273  0.3035E+00  0.1121E+00
 -6.272  0.3039E+00  0.1124E+00
 -6.271  0.3043E+00  0.1127E+00
 -6.270  0.3047E+00  0.1130E+00
 -6.269  0.3051E+00  0.1133E+00
 -6.268  0.3055E+00  0.1136E+00
 -6.267  0.3060E+00  0.1139E+00
 -6.266  0.3064E+00  0.1142E+00
 -6.265  0.3068E+00  0.1145E+00
 -6.264  0.3072E+00  0.1148E+00
 -6.263  0.3076E+00  0.1151E+00
 -6.262  0.3080E+00  0.1154E+00
 -6.261  0.3084E+00  0.1157E+00
 -6.260  0.3088E+00  0.1160E+00
 -6.259  0.3091E+00  0.1164E+00
 -6.258  0.3094E+00  0.1167E+00
 -6.257  0.3097E+00  0.1170E+00
 -6.256  0.3100E+00  0.1173E+00
 -6.255  0.3103E+00  0.1176E+00
 -6.254  0.3105E+00  0.1179E+00
 -6.253  0.3107E+00  0.1182E+00
 -6.252  0.3109E+00  0.1185E+00
 -6.251  0.3110E+00  0.1188E+00
 -6.250  0.3111E+00  0.1192E+00
 -6.249  0.3113E+00  0.1195E+00
 -6.248  0.3116E+00  0.1198E+00
 -6.247  0.3119E+00  0.1201E+00
 -6.246  0.3121E+00  0.1204E+00
 -6.245  0.3124E+00  0.1207E+00
 -6.244  0.3126E+00  0.1210E+00
 -6.243  0.3129E+00  0.1213E+00
 -6.242  0.3131E+00  0.1216E+00
 -6.241  0.3134E+00  0.1220E+00
 -6.240  0.3136E+00  0.1223E+00
 -6.239  0.3138E+00  0.1226E+00
 -6.238  0.3141E+00  0.1229E+00
 -6.237  0.3143E+00  0.1232E+00
 -6.236  0.3145E+00  0.1235E+00
 -6.235  0.3147E+00  0.1238E+00
 -6.234  0.3149E+00  0.1242E+00
 -6.233  0.3151E+00  0.1245E+00
 -6.232  0.3153E+00  0.1248E+00
 -6.231  0.3155E+00  0.1251E+00
 -6.230  0.3157E+00  0.1254E+00
 -6.229  0.3160E+00  0.1257E+00
 -6.228  0.3162E+00  0.1261E+00
 -6.227  0.3164E+00  0.1264E+00
 -6.226  0.3167E+00  0.1267E+00
 -6.225  0.3169E+00  0.1270E+00
 -6.224  0.3172E+00  0.1273E+00
 -6.223  0.3174E+00  0.1276E+00
 -6.222  0.3177E+00  0.1280E+00
 -6.221  0.3179E+00  0.1283E+00
 -6.220  0.3181E+00  0.1286E+00
 -6.219  0.3184E+00  0.1289E+00
 -6.218  0.3186E+00  0.1292E+00
 -6.217  0.3189E+00  0.1295E+00
 -6.216  0.3191E+00  0.1299E+00
 -6.215  0.3193E+00  0.1302E+00
 -6.214  0.3196E+00  0.1305E+00
 -6.213  0.3198E+00  0.1308E+00
 -6.212  0.3200E+00  0.1311E+00
 -6.211  0.3202E+00  0.1315E+00
 -6.210  0.3205E+00  0.1318E+00
 -6.209  0.3207E+00  0.1321E+00
 -6.208  0.3209E+00  0.1324E+00
 -6.207  0.3211E+00  0.1328E+00
 -6.206  0.3214E+00  0.1331E+00
 -6.205  0.3216E+00  0.1334E+00
 -6.204  0.3218E+00  0.1337E+00
 -6.203  0.3221E+00  0.1340E+00
 -6.202  0.3223E+00  0.1344E+00
 -6.201  0.3225E+00  0.1347E+00
 -6.200  0.3228E+00  0.1350E+00
 -6.199  0.3230E+00  0.1353E+00
 -6.198  0.3232E+00  0.1357E+00
 -6.197  0.3235E+00  0.1360E+00
 -6.196  0.3237E+00  0.1363E+00
 -6.195  0.3239E+00  0.1366E+00
 -6.194  0.3242E+00  0.1369E+00
 -6.193  0.3244E+00  0.1373E+00
 -6.192  0.3246E+00  0.1376E+00
 -6.191  0.3249E+00  0.1379E+00
 -6.190  0.3251E+00  0.1382E+00
 -6.189  0.3254E+00  0.1386E+00
 -6.188  0.3256E+00  0.1389E+00
 -6.187  0.3258E+00  0.1392E+00
 -6.186  0.3261E+00  0.1395E+00
 -6.185  0.3263E+00  0.1399E+00
 -6.184  0.3265E+00  0.1402E+00
 -6.183  0.3267E+00  0.1405E+00
 -6.182  0.3270E+00  0.1409E+00
 -6.181  0.3272E+00  0.1412E+00
 -6.180  0.3274E+00  0.1415E+00
 -6.179  0.3277E+00  0.1418E+00
 -6.178  0.3279E+00  0.1422E+00
 -6.177  0.3281E+00  0.1425E+00
 -6.176  0.3283E+00  0.1428E+00
 -6.175  0.3286E+00  0.1432E+00
 -6.174  0.3288E+00  0.1435E+00
 -6.173  0.3290E+00  0.1438E+00
 -6.172  0.3294E+00  0.1441E+00
 -6.171  0.3298E+00  0.1445E+00
 -6.170  0.3303E+00  0.1448E+00
 -6.169  0.3307E+00  0.1451E+00
 -6.168  0.3310E+00  0.1455E+00
 -6.167  0.3312E+00  0.1458E+00
 -6.166  0.3315E+00  0.1461E+00
 -6.165  0.3318E+00  0.1465E+00
 -6.164  0.3321E+00  0.1468E+00
 -6.163  0.3324E+00  0.1471E+00
 -6.162  0.3327E+00  0.1475E+00
 -6.161  0.3330E+00  0.1478E+00
 -6.160  0.3332E+00  0.1481E+00
 -6.159  0.3335E+00  0.1485E+00
 -6.158  0.3338E+00  0.1488E+00
 -6.157  0.3341E+00  0.1491E+00
 -6.156  0.3344E+00  0.1495E+00
 -6.155  0.3347E+00  0.1498E+00
 -6.154  0.3350E+00  0.1501E+00
 -6.153  0.3353E+00  0.1505E+00
 -6.152  0.3356E+00  0.1508E+00
 -6.151  0.3359E+00  0.1511E+00
 -6.150  0.3361E+00  0.1515E+00
 -6.149  0.3364E+00  0.1518E+00
 -6.148  0.3367E+00  0.1521E+00
 -6.147  0.3370E+00  0.1525E+00
 -6.146  0.3373E+00  0.1528E+00
 -6.145  0.3376E+00  0.1532E+00
 -6.144  0.3380E+00  0.1535E+00
 -6.143  0.3383E+00  0.1538E+00
 -6.142  0.3386E+00  0.1542E+00
 -6.141  0.3389E+00  0.1545E+00
 -6.140  0.3392E+00  0.1548E+00
 -6.139  0.3395E+00  0.1552E+00
 -6.138  0.3398E+00  0.1555E+00
 -6.137  0.3401E+00  0.1559E+00
 -6.136  0.3404E+00  0.1562E+00
 -6.135  0.3407E+00  0.1565E+00
 -6.134  0.3410E+00  0.1569E+00
 -6.133  0.3414E+00  0.1572E+00
 -6.132  0.3417E+00  0.1576E+00
 -6.131  0.3420E+00  0.1579E+00
 -6.130  0.3423E+00  0.1583E+00
 -6.129  0.3426E+00  0.1586E+00
 -6.128  0.3429E+00  0.1589E+00
 -6.127  0.3432E+00  0.1593E+00
 -6.126  0.3435E+00  0.1596E+00
 -6.125  0.3438E+00  0.1600E+00
 -6.124  0.3441E+00  0.1603E+00
 -6.123  0.3445E+00  0.1607E+00
 -6.122  0.3448E+00  0.1610E+00
 -6.121  0.3451E+00  0.1613E+00
 -6.120  0.3454E+00  0.1617E+00
 -6.119  0.3457E+00  0.1620E+00
 -6.118  0.3460E+00  0.1624E+00
 -6.117  0.3463E+00  0.1627E+00
 -6.116  0.3466E+00  0.1631E+00
 -6.115  0.3470E+00  0.1634E+00
 -6.114  0.3473E+00  0.1638E+00
 -6.113  0.3476E+00  0.1641E+00
 -6.112  0.3479E+00  0.1645E+00
 -6.111  0.3482E+00  0.1648E+00
 -6.110  0.3485E+00  0.1652E+00
 -6.109  0.3489E+00  0.1655E+00
 -6.108  0.3492E+00  0.1659E+00
 -6.107  0.3495E+00  0.1662E+00
 -6.106  0.3498E+00  0.1666E+00
 -6.105  0.3501E+00  0.1669E+00
 -6.104  0.3504E+00  0.1673E+00
 -6.103  0.3508E+00  0.1676E+00
 -6.102  0.3511E+00  0.1680E+00
 -6.101  0.3514E+00  0.1683E+00
 -6.100  0.3517E+00  0.1687E+00
 -6.099  0.3520E+00  0.1690E+00
 -6.098  0.3524E+00  0.1694E+00
 -6.097  0.3527E+00  0.1697E+00
 -6.096  0.3530E+00  0.1701E+00
 -6.095  0.3533E+00  0.1704E+00
 -6.094  0.3536E+00  0.1708E+00
 -6.093  0.3540E+00  0.1711E+00
 -6.092  0.3543E+00  0.1715E+00
 -6.091  0.3546E+00  0.1718E+00
 -6.090  0.3549E+00  0.1722E+00
 -6.089  0.3553E+00  0.1726E+00
 -6.088  0.3556E+00  0.1729E+00
 -6.087  0.3559E+00  0.1733E+00
 -6.086  0.3562E+00  0.1736E+00
 -6.085  0.3566E+00  0.1740E+00
 -6.084  0.3569E+00  0.1743E+00
 -6.083  0.3572E+00  0.1747E+00
 -6.082  0.3575E+00  0.1751E+00
 -6.081  0.3579E+00  0.1754E+00
 -6.080  0.3582E+00  0.1758E+00
 -6.079  0.3585E+00  0.1761E+00
 -6.078  0.3589E+00  0.1765E+00
 -6.077  0.3592E+00  0.1768E+00
 -6.076  0.3595E+00  0.1772E+00
 -6.075  0.3598E+00  0.1776E+00
 -6.074  0.3602E+00  0.1779E+00
 -6.073  0.3605E+00  0.1783E+00
 -6.072  0.3608E+00  0.1786E+00
 -6.071  0.3610E+00  0.1790E+00
 -6.070  0.3613E+00  0.1794E+00
 -6.069  0.3616E+00  0.1797E+00
 -6.068  0.3618E+00  0.1801E+00
 -6.067  0.3621E+00  0.1805E+00
 -6.066  0.3623E+00  0.1808E+00
 -6.065  0.3626E+00  0.1812E+00
 -6.064  0.3628E+00  0.1815E+00
 -6.063  0.3629E+00  0.1819E+00
 -6.062  0.3629E+00  0.1823E+00
 -6.061  0.3632E+00  0.1826E+00
 -6.060  0.3634E+00  0.1830E+00
 -6.059  0.3637E+00  0.1834E+00
 -6.058  0.3639E+00  0.1837E+00
 -6.057  0.3642E+00  0.1841E+00
 -6.056  0.3644E+00  0.1844E+00
 -6.055  0.3647E+00  0.1848E+00
 -6.054  0.3649E+00  0.1852E+00
 -6.053  0.3652E+00  0.1855E+00
 -6.052  0.3654E+00  0.1859E+00
 -6.051  0.3657E+00  0.1863E+00
 -6.050  0.3659E+00  0.1866E+00
 -6.049  0.3661E+00  0.1870E+00
 -6.048  0.3663E+00  0.1874E+00
 -6.047  0.3665E+00  0.1877E+00
 -6.046  0.3668E+00  0.1881E+00
 -6.045  0.3670E+00  0.1885E+00
 -6.044  0.3672E+00  0.1888E+00
 -6.043  0.3675E+00  0.1892E+00
 -6.042  0.3677E+00  0.1896E+00
 -6.041  0.3679E+00  0.1899E+00
 -6.040  0.3682E+00  0.1903E+00
 -6.039  0.3684E+00  0.1907E+00
 -6.038  0.3687E+00  0.1910E+00
 -6.037  0.3689E+00  0.1914E+00
 -6.036  0.3692E+00  0.1918E+00
 -6.035  0.3694E+00  0.1922E+00
 -6.034  0.3697E+00  0.1925E+00
 -6.033  0.3699E+00  0.1929E+00
 -6.032  0.3702E+00  0.1933E+00
 -6.031  0.3704E+00  0.1936E+00
 -6.030  0.3706E+00  0.1940E+00
 -6.029  0.3709E+00  0.1944E+00
 -6.028  0.3711E+00  0.1948E+00
 -6.027  0.3714E+00  0.1951E+00
 -6.026  0.3716E+00  0.1955E+00
 -6.025  0.3719E+00  0.1959E+00
 -6.024  0.3721E+00  0.1962E+00
 -6.023  0.3723E+00  0.1966E+00
 -6.022  0.3726E+00  0.1970E+00
 -6.021  0.3728E+00  0.1974E+00
 -6.020  0.3730E+00  0.1977E+00
 -6.019  0.3732E+00  0.1981E+00
 -6.018  0.3735E+00  0.1985E+00
 -6.017  0.3737E+00  0.1988E+00
 -6.016  0.3740E+00  0.1992E+00
 -6.015  0.3742E+00  0.1996E+00
 -6.014  0.3744E+00  0.2000E+00
 -6.013  0.3747E+00  0.2003E+00
 -6.012  0.3749E+00  0.2007E+00
 -6.011  0.3751E+00  0.2011E+00
 -6.010  0.3754E+00  0.2015E+00
 -6.009  0.3756E+00  0.2018E+00
 -6.008  0.3759E+00  0.2022E+00
 -6.007  0.3761E+00  0.2026E+00
 -6.006  0.3764E+00  0.2030E+00
 -6.005  0.3766E+00  0.2034E+00
 -6.004  0.3769E+00  0.2037E+00
 -6.003  0.3771E+00  0.2041E+00
 -6.002  0.3774E+00  0.2045E+00
 -6.001  0.3776E+00  0.2049E+00
 -6.000  0.3779E+00  0.2052E+00
 -5.999  0.3781E+00  0.2056E+00
 -5.998  0.3784E+00  0.2060E+00
 -5.997  0.3786E+00  0.2064E+00
 -5.996  0.3789E+00  0.2068E+00
 -5.995  0.3791E+00  0.2071E+00
 -5.994  0.3793E+00  0.2075E+00
 -5.993  0.3796E+00  0.2079E+00
 -5.992  0.3798E+00  0.2083E+00
 -5.991  0.3801E+00  0.2087E+00
 -5.990  0.3803E+00  0.2090E+00
 -5.989  0.3806E+00  0.2094E+00
 -5.988  0.3808E+00  0.2098E+00
 -5.987  0.3811E+00  0.2102E+00
 -5.986  0.3813E+00  0.2106E+00
 -5.985  0.3816E+00  0.2109E+00
 -5.984  0.3818E+00  0.2113E+00
 -5.983  0.3820E+00  0.2117E+00
 -5.982  0.3823E+00  0.2121E+00
 -5.981  0.3825E+00  0.2125E+00
 -5.980  0.3828E+00  0.2128E+00
 -5.979  0.3830E+00  0.2132E+00
 -5.978  0.3833E+00  0.2136E+00
 -5.977  0.3835E+00  0.2140E+00
 -5.976  0.3838E+00  0.2144E+00
 -5.975  0.3840E+00  0.2148E+00
 -5.974  0.3843E+00  0.2151E+00
 -5.973  0.3845E+00  0.2155E+00
 -5.972  0.3848E+00  0.2159E+00
 -5.971  0.3850E+00  0.2163E+00
 -5.970  0.3853E+00  0.2167E+00
 -5.969  0.3855E+00  0.2171E+00
 -5.968  0.3858E+00  0.2175E+00
 -5.967  0.3860E+00  0.2178E+00
 -5.966  0.3863E+00  0.2182E+00
 -5.965  0.3865E+00  0.2186E+00
 -5.964  0.3867E+00  0.2190E+00
 -5.963  0.3870E+00  0.2194E+00
 -5.962  0.3872E+00  0.2198E+00
 -5.961  0.3875E+00  0.2202E+00
 -5.960  0.3877E+00  0.2206E+00
 -5.959  0.3879E+00  0.2209E+00
 -5.958  0.3882E+00  0.2213E+00
 -5.957  0.3884E+00  0.2217E+00
 -5.956  0.3886E+00  0.2221E+00
 -5.955  0.3889E+00  0.2225E+00
 -5.954  0.3891E+00  0.2229E+00
 -5.953  0.3894E+00  0.2233E+00
 -5.952  0.3896E+00  0.2237E+00
 -5.951  0.3898E+00  0.2241E+00
 -5.950  0.3901E+00  0.2244E+00
 -5.949  0.3903E+00  0.2248E+00
 -5.948  0.3905E+00  0.2252E+00
 -5.947  0.3908E+00  0.2256E+00
 -5.946  0.3910E+00  0.2260E+00
 -5.945  0.3912E+00  0.2264E+00
 -5.944  0.3916E+00  0.2268E+00
 -5.943  0.3919E+00  0.2272E+00
 -5.942  0.3922E+00  0.2276E+00
 -5.941  0.3926E+00  0.2280E+00
 -5.940  0.3929E+00  0.2284E+00
 -5.939  0.3933E+00  0.2288E+00
 -5.938  0.3936E+00  0.2291E+00
 -5.937  0.3939E+00  0.2295E+00
 -5.936  0.3942E+00  0.2299E+00
 -5.935  0.3945E+00  0.2303E+00
 -5.934  0.3948E+00  0.2307E+00
 -5.933  0.3951E+00  0.2311E+00
 -5.932  0.3954E+00  0.2315E+00
 -5.931  0.3956E+00  0.2319E+00
 -5.930  0.3959E+00  0.2323E+00
 -5.929  0.3962E+00  0.2327E+00
 -5.928  0.3965E+00  0.2331E+00
 -5.927  0.3968E+00  0.2335E+00
 -5.926  0.3971E+00  0.2339E+00
 -5.925  0.3974E+00  0.2343E+00
 -5.924  0.3977E+00  0.2347E+00
 -5.923  0.3980E+00  0.2351E+00
 -5.922  0.3983E+00  0.2355E+00
 -5.921  0.3986E+00  0.2359E+00
 -5.920  0.3989E+00  0.2363E+00
 -5.919  0.3992E+00  0.2367E+00
 -5.918  0.3995E+00  0.2371E+00
 -5.917  0.3998E+00  0.2375E+00
 -5.916  0.4001E+00  0.2379E+00
 -5.915  0.4005E+00  0.2383E+00
 -5.914  0.4008E+00  0.2387E+00
 -5.913  0.4011E+00  0.2391E+00
 -5.912  0.4014E+00  0.2395E+00
 -5.911  0.4017E+00  0.2399E+00
 -5.910  0.4020E+00  0.2403E+00
 -5.909  0.4023E+00  0.2407E+00
 -5.908  0.4026E+00  0.2411E+00
 -5.907  0.4029E+00  0.2415E+00
 -5.906  0.4032E+00  0.2419E+00
 -5.905  0.4035E+00  0.2423E+00
 -5.904  0.4039E+00  0.2427E+00
 -5.903  0.4042E+00  0.2431E+00
 -5.902  0.4045E+00  0.2435E+00
 -5.901  0.4048E+00  0.2439E+00
 -5.900  0.4051E+00  0.2443E+00
 -5.899  0.4054E+00  0.2447E+00
 -5.898  0.4057E+00  0.2451E+00
 -5.897  0.4060E+00  0.2455E+00
 -5.896  0.4064E+00  0.2459E+00
 -5.895  0.4067E+00  0.2464E+00
 -5.894  0.4070E+00  0.2468E+00
 -5.893  0.4073E+00  0.2472E+00
 -5.892  0.4076E+00  0.2476E+00
 -5.891  0.4080E+00  0.2480E+00
 -5.890  0.4083E+00  0.2484E+00
 -5.889  0.4086E+00  0.2488E+00
 -5.888  0.4089E+00  0.2492E+00
 -5.887  0.4092E+00  0.2496E+00
 -5.886  0.4095E+00  0.2500E+00
 -5.885  0.4099E+00  0.2504E+00
 -5.884  0.4102E+00  0.2509E+00
 -5.883  0.4105E+00  0.2513E+00
 -5.882  0.4108E+00  0.2517E+00
 -5.881  0.4111E+00  0.2521E+00
 -5.880  0.4114E+00  0.2525E+00
 -5.879  0.4118E+00  0.2529E+00
 -5.878  0.4121E+00  0.2533E+00
 -5.877  0.4124E+00  0.2537E+00
 -5.876  0.4127E+00  0.2541E+00
 -5.875  0.4130E+00  0.2546E+00
 -5.874  0.4134E+00  0.2550E+00
 -5.873  0.4137E+00  0.2554E+00
 -5.872  0.4140E+00  0.2558E+00
 -5.871  0.4143E+00  0.2562E+00
 -5.870  0.4146E+00  0.2566E+00
 -5.869  0.4150E+00  0.2570E+00
 -5.868  0.4153E+00  0.2575E+00
 -5.867  0.4156E+00  0.2579E+00
 -5.866  0.4159E+00  0.2583E+00
 -5.865  0.4163E+00  0.2587E+00
 -5.864  0.4166E+00  0.2591E+00
 -5.863  0.4169E+00  0.2595E+00
 -5.862  0.4172E+00  0.2600E+00
 -5.861  0.4174E+00  0.2604E+00
 -5.860  0.4177E+00  0.2608E+00
 -5.859  0.4180E+00  0.2612E+00
 -5.858  0.4182E+00  0.2616E+00
 -5.857  0.4185E+00  0.2620E+00
 -5.856  0.4187E+00  0.2625E+00
 -5.855  0.4189E+00  0.2629E+00
 -5.854  0.4191E+00  0.2633E+00
 -5.853  0.4193E+00  0.2637E+00
 -5.852  0.4195E+00  0.2641E+00
 -5.851  0.4196E+00  0.2646E+00
 -5.850  0.4198E+00  0.2650E+00
 -5.849  0.4200E+00  0.2654E+00
 -5.848  0.4203E+00  0.2658E+00
 -5.847  0.4205E+00  0.2662E+00
 -5.846  0.4207E+00  0.2667E+00
 -5.845  0.4209E+00  0.2671E+00
 -5.844  0.4211E+00  0.2675E+00
 -5.843  0.4214E+00  0.2679E+00
 -5.842  0.4216E+00  0.2683E+00
 -5.841  0.4218E+00  0.2688E+00
 -5.840  0.4220E+00  0.2692E+00
 -5.839  0.4222E+00  0.2696E+00
 -5.838  0.4224E+00  0.2700E+00
 -5.837  0.4226E+00  0.2705E+00
 -5.836  0.4227E+00  0.2709E+00
 -5.835  0.4229E+00  0.2713E+00
 -5.834  0.4231E+00  0.2717E+00
 -5.833  0.4233E+00  0.2721E+00
 -5.832  0.4235E+00  0.2726E+00
 -5.831  0.4237E+00  0.2730E+00
 -5.830  0.4240E+00  0.2734E+00
 -5.829  0.4242E+00  0.2738E+00
 -5.828  0.4244E+00  0.2743E+00
 -5.827  0.4246E+00  0.2747E+00
 -5.826  0.4249E+00  0.2751E+00
 -5.825  0.4251E+00  0.2755E+00
 -5.824  0.4254E+00  0.2760E+00
 -5.823  0.4256E+00  0.2764E+00
 -5.822  0.4258E+00  0.2768E+00
 -5.821  0.4261E+00  0.2772E+00
 -5.820  0.4263E+00  0.2777E+00
 -5.819  0.4265E+00  0.2781E+00
 -5.818  0.4268E+00  0.2785E+00
 -5.817  0.4270E+00  0.2790E+00
 -5.816  0.4273E+00  0.2794E+00
 -5.815  0.4275E+00  0.2798E+00
 -5.814  0.4277E+00  0.2802E+00
 -5.813  0.4280E+00  0.2807E+00
 -5.812  0.4282E+00  0.2811E+00
 -5.811  0.4285E+00  0.2815E+00
 -5.810  0.4287E+00  0.2819E+00
 -5.809  0.4290E+00  0.2824E+00
 -5.808  0.4292E+00  0.2828E+00
 -5.807  0.4295E+00  0.2832E+00
 -5.806  0.4297E+00  0.2837E+00
 -5.805  0.4300E+00  0.2841E+00
 -5.804  0.4302E+00  0.2845E+00
 -5.803  0.4305E+00  0.2850E+00
 -5.802  0.4307E+00  0.2854E+00
 -5.801  0.4310E+00  0.2858E+00
 -5.800  0.4312E+00  0.2862E+00
 -5.799  0.4315E+00  0.2867E+00
 -5.798  0.4318E+00  0.2871E+00
 -5.797  0.4320E+00  0.2875E+00
 -5.796  0.4323E+00  0.2880E+00
 -5.795  0.4325E+00  0.2884E+00
 -5.794  0.4328E+00  0.2888E+00
 -5.793  0.4331E+00  0.2893E+00
 -5.792  0.4333E+00  0.2897E+00
 -5.791  0.4336E+00  0.2901E+00
 -5.790  0.4339E+00  0.2906E+00
 -5.789  0.4341E+00  0.2910E+00
 -5.788  0.4344E+00  0.2914E+00
 -5.787  0.4347E+00  0.2919E+00
 -5.786  0.4349E+00  0.2923E+00
 -5.785  0.4352E+00  0.2927E+00
 -5.784  0.4354E+00  0.2932E+00
 -5.783  0.4357E+00  0.2936E+00
 -5.782  0.4360E+00  0.2941E+00
 -5.781  0.4362E+00  0.2945E+00
 -5.780  0.4365E+00  0.2949E+00
 -5.779  0.4368E+00  0.2954E+00
 -5.778  0.4370E+00  0.2958E+00
 -5.777  0.4373E+00  0.2962E+00
 -5.776  0.4375E+00  0.2967E+00
 -5.775  0.4378E+00  0.2971E+00
 -5.774  0.4381E+00  0.2976E+00
 -5.773  0.4383E+00  0.2980E+00
 -5.772  0.4386E+00  0.2984E+00
 -5.771  0.4388E+00  0.2989E+00
 -5.770  0.4391E+00  0.2993E+00
 -5.769  0.4394E+00  0.2997E+00
 -5.768  0.4396E+00  0.3002E+00
 -5.767  0.4399E+00  0.3006E+00
 -5.766  0.4401E+00  0.3011E+00
 -5.765  0.4404E+00  0.3015E+00
 -5.764  0.4407E+00  0.3019E+00
 -5.763  0.4409E+00  0.3024E+00
 -5.762  0.4412E+00  0.3028E+00
 -5.761  0.4414E+00  0.3033E+00
 -5.760  0.4417E+00  0.3037E+00
 -5.759  0.4420E+00  0.3042E+00
 -5.758  0.4422E+00  0.3046E+00
 -5.757  0.4425E+00  0.3050E+00
 -5.756  0.4427E+00  0.3055E+00
 -5.755  0.4430E+00  0.3059E+00
 -5.754  0.4433E+00  0.3064E+00
 -5.753  0.4435E+00  0.3068E+00
 -5.752  0.4438E+00  0.3073E+00
 -5.751  0.4440E+00  0.3077E+00
 -5.750  0.4443E+00  0.3081E+00
 -5.749  0.4446E+00  0.3086E+00
 -5.748  0.4448E+00  0.3090E+00
 -5.747  0.4451E+00  0.3095E+00
 -5.746  0.4453E+00  0.3099E+00
 -5.745  0.4456E+00  0.3104E+00
 -5.744  0.4459E+00  0.3108E+00
 -5.743  0.4461E+00  0.3113E+00
 -5.742  0.4464E+00  0.3117E+00
 -5.741  0.4466E+00  0.3122E+00
 -5.740  0.4469E+00  0.3126E+00
 -5.739  0.4472E+00  0.3130E+00
 -5.738  0.4474E+00  0.3135E+00
 -5.737  0.4477E+00  0.3139E+00
 -5.736  0.4479E+00  0.3144E+00
 -5.735  0.4482E+00  0.3148E+00
 -5.734  0.4484E+00  0.3153E+00
 -5.733  0.4487E+00  0.3157E+00
 -5.732  0.4490E+00  0.3162E+00
 -5.731  0.4492E+00  0.3166E+00
 -5.730  0.4495E+00  0.3171E+00
 -5.729  0.4498E+00  0.3175E+00
 -5.728  0.4500E+00  0.3180E+00
 -5.727  0.4503E+00  0.3184E+00
 -5.726  0.4506E+00  0.3189E+00
 -5.725  0.4508E+00  0.3193E+00
 -5.724  0.4511E+00  0.3198E+00
 -5.723  0.4513E+00  0.3202E+00
 -5.722  0.4516E+00  0.3207E+00
 -5.721  0.4519E+00  0.3211E+00
 -5.720  0.4521E+00  0.3216E+00
 -5.719  0.4524E+00  0.3220E+00
 -5.718  0.4527E+00  0.3225E+00
 -5.717  0.4529E+00  0.3230E+00
 -5.716  0.4532E+00  0.3234E+00
 -5.715  0.4535E+00  0.3239E+00
 -5.714  0.4537E+00  0.3243E+00
 -5.713  0.4540E+00  0.3248E+00
 -5.712  0.4543E+00  0.3252E+00
 -5.711  0.4545E+00  0.3257E+00
 -5.710  0.4548E+00  0.3261E+00
 -5.709  0.4550E+00  0.3266E+00
 -5.708  0.4553E+00  0.3270E+00
 -5.707  0.4556E+00  0.3275E+00
 -5.706  0.4558E+00  0.3280E+00
 -5.705  0.4561E+00  0.3284E+00
 -5.704  0.4564E+00  0.3289E+00
 -5.703  0.4566E+00  0.3293E+00
 -5.702  0.4569E+00  0.3298E+00
 -5.701  0.4572E+00  0.3302E+00
 -5.700  0.4574E+00  0.3307E+00
 -5.699  0.4577E+00  0.3312E+00
 -5.698  0.4579E+00  0.3316E+00
 -5.697  0.4582E+00  0.3321E+00
 -5.696  0.4585E+00  0.3325E+00
 -5.695  0.4587E+00  0.3330E+00
 -5.694  0.4590E+00  0.3334E+00
 -5.693  0.4593E+00  0.3339E+00
 -5.692  0.4595E+00  0.3344E+00
 -5.691  0.4598E+00  0.3348E+00
 -5.690  0.4601E+00  0.3353E+00
 -5.689  0.4604E+00  0.3357E+00
 -5.688  0.4607E+00  0.3362E+00
 -5.687  0.4610E+00  0.3367E+00
 -5.686  0.4614E+00  0.3371E+00
 -5.685  0.4617E+00  0.3376E+00
 -5.684  0.4620E+00  0.3380E+00
 -5.683  0.4623E+00  0.3385E+00
 -5.682  0.4627E+00  0.3390E+00
 -5.681  0.4630E+00  0.3394E+00
 -5.680  0.4633E+00  0.3399E+00
 -5.679  0.4637E+00  0.3404E+00
 -5.678  0.4640E+00  0.3408E+00
 -5.677  0.4644E+00  0.3413E+00
 -5.676  0.4647E+00  0.3418E+00
 -5.675  0.4650E+00  0.3422E+00
 -5.674  0.4653E+00  0.3427E+00
 -5.673  0.4657E+00  0.3432E+00
 -5.672  0.4660E+00  0.3436E+00
 -5.671  0.4663E+00  0.3441E+00
 -5.670  0.4666E+00  0.3446E+00
 -5.669  0.4669E+00  0.3450E+00
 -5.668  0.4673E+00  0.3455E+00
 -5.667  0.4676E+00  0.3460E+00
 -5.666  0.4679E+00  0.3464E+00
 -5.665  0.4682E+00  0.3469E+00
 -5.664  0.4685E+00  0.3474E+00
 -5.663  0.4688E+00  0.3478E+00
 -5.662  0.4691E+00  0.3483E+00
 -5.661  0.4695E+00  0.3488E+00
 -5.660  0.4698E+00  0.3492E+00
 -5.659  0.4701E+00  0.3497E+00
 -5.658  0.4704E+00  0.3502E+00
 -5.657  0.4707E+00  0.3506E+00
 -5.656  0.4710E+00  0.3511E+00
 -5.655  0.4714E+00  0.3516E+00
 -5.654  0.4717E+00  0.3521E+00
 -5.653  0.4720E+00  0.3525E+00
 -5.652  0.4723E+00  0.3530E+00
 -5.651  0.4727E+00  0.3535E+00
 -5.650  0.4730E+00  0.3540E+00
 -5.649  0.4733E+00  0.3544E+00
 -5.648  0.4736E+00  0.3549E+00
 -5.647  0.4740E+00  0.3554E+00
 -5.646  0.4743E+00  0.3558E+00
 -5.645  0.4746E+00  0.3563E+00
 -5.644  0.4749E+00  0.3568E+00
 -5.643  0.4753E+00  0.3573E+00
 -5.642  0.4756E+00  0.3577E+00
 -5.641  0.4759E+00  0.3582E+00
 -5.640  0.4762E+00  0.3587E+00
 -5.639  0.4766E+00  0.3592E+00
 -5.638  0.4769E+00  0.3597E+00
 -5.637  0.4772E+00  0.3601E+00
 -5.636  0.4776E+00  0.3606E+00
 -5.635  0.4779E+00  0.3611E+00
 -5.634  0.4782E+00  0.3616E+00
 -5.633  0.4786E+00  0.3620E+00
 -5.632  0.4789E+00  0.3625E+00
 -5.631  0.4792E+00  0.3630E+00
 -5.630  0.4795E+00  0.3635E+00
 -5.629  0.4799E+00  0.3640E+00
 -5.628  0.4802E+00  0.3644E+00
 -5.627  0.4804E+00  0.3649E+00
 -5.626  0.4807E+00  0.3654E+00
 -5.625  0.4810E+00  0.3659E+00
 -5.624  0.4813E+00  0.3664E+00
 -5.623  0.4815E+00  0.3668E+00
 -5.622  0.4818E+00  0.3673E+00
 -5.621  0.4820E+00  0.3678E+00
 -5.620  0.4822E+00  0.3683E+00
 -5.619  0.4824E+00  0.3688E+00
 -5.618  0.4826E+00  0.3693E+00
 -5.617  0.4829E+00  0.3697E+00
 -5.616  0.4831E+00  0.3702E+00
 -5.615  0.4834E+00  0.3707E+00
 -5.614  0.4836E+00  0.3712E+00
 -5.613  0.4839E+00  0.3717E+00
 -5.612  0.4841E+00  0.3722E+00
 -5.611  0.4844E+00  0.3726E+00
 -5.610  0.4846E+00  0.3731E+00
 -5.609  0.4849E+00  0.3736E+00
 -5.608  0.4851E+00  0.3741E+00
 -5.607  0.4853E+00  0.3746E+00
 -5.606  0.4856E+00  0.3751E+00
 -5.605  0.4858E+00  0.3756E+00
 -5.604  0.4860E+00  0.3760E+00
 -5.603  0.4863E+00  0.3765E+00
 -5.602  0.4865E+00  0.3770E+00
 -5.601  0.4868E+00  0.3775E+00
 -5.600  0.4870E+00  0.3780E+00
 -5.599  0.4873E+00  0.3785E+00
 -5.598  0.4875E+00  0.3790E+00
 -5.597  0.4878E+00  0.3794E+00
 -5.596  0.4880E+00  0.3799E+00
 -5.595  0.4882E+00  0.3804E+00
 -5.594  0.4885E+00  0.3809E+00
 -5.593  0.4887E+00  0.3814E+00
 -5.592  0.4890E+00  0.3819E+00
 -5.591  0.4892E+00  0.3824E+00
 -5.590  0.4895E+00  0.3829E+00
 -5.589  0.4897E+00  0.3834E+00
 -5.588  0.4899E+00  0.3838E+00
 -5.587  0.4902E+00  0.3843E+00
 -5.586  0.4904E+00  0.3848E+00
 -5.585  0.4907E+00  0.3853E+00
 -5.584  0.4909E+00  0.3858E+00
 -5.583  0.4911E+00  0.3863E+00
 -5.582  0.4913E+00  0.3868E+00
 -5.581  0.4916E+00  0.3873E+00
 -5.580  0.4918E+00  0.3878E+00
 -5.579  0.4920E+00  0.3883E+00
 -5.578  0.4923E+00  0.3888E+00
 -5.577  0.4925E+00  0.3893E+00
 -5.576  0.4927E+00  0.3897E+00
 -5.575  0.4930E+00  0.3902E+00
 -5.574  0.4932E+00  0.3907E+00
 -5.573  0.4934E+00  0.3912E+00
 -5.572  0.4937E+00  0.3917E+00
 -5.571  0.4939E+00  0.3922E+00
 -5.570  0.4942E+00  0.3927E+00
 -5.569  0.4944E+00  0.3932E+00
 -5.568  0.4946E+00  0.3937E+00
 -5.567  0.4949E+00  0.3942E+00
 -5.566  0.4951E+00  0.3947E+00
 -5.565  0.4954E+00  0.3952E+00
 -5.564  0.4956E+00  0.3957E+00
 -5.563  0.4959E+00  0.3962E+00
 -5.562  0.4961E+00  0.3967E+00
 -5.561  0.4964E+00  0.3972E+00
 -5.560  0.4967E+00  0.3977E+00
 -5.559  0.4969E+00  0.3982E+00
 -5.558  0.4972E+00  0.3987E+00
 -5.557  0.4975E+00  0.3992E+00
 -5.556  0.4977E+00  0.3997E+00
 -5.555  0.4980E+00  0.4002E+00
 -5.554  0.4983E+00  0.4006E+00
 -5.553  0.4985E+00  0.4011E+00
 -5.552  0.4988E+00  0.4016E+00
 -5.551  0.4991E+00  0.4021E+00
 -5.550  0.4994E+00  0.4026E+00
 -5.549  0.4996E+00  0.4031E+00
 -5.548  0.4999E+00  0.4036E+00
 -5.547  0.5002E+00  0.4041E+00
 -5.546  0.5005E+00  0.4046E+00
 -5.545  0.5008E+00  0.4051E+00
 -5.544  0.5010E+00  0.4056E+00
 -5.543  0.5013E+00  0.4061E+00
 -5.542  0.5016E+00  0.4066E+00
 -5.541  0.5019E+00  0.4072E+00
 -5.540  0.5022E+00  0.4077E+00
 -5.539  0.5025E+00  0.4082E+00
 -5.538  0.5028E+00  0.4087E+00
 -5.537  0.5031E+00  0.4092E+00
 -5.536  0.5034E+00  0.4097E+00
 -5.535  0.5037E+00  0.4102E+00
 -5.534  0.5039E+00  0.4107E+00
 -5.533  0.5042E+00  0.4112E+00
 -5.532  0.5045E+00  0.4117E+00
 -5.531  0.5048E+00  0.4122E+00
 -5.530  0.5051E+00  0.4127E+00
 -5.529  0.5054E+00  0.4132E+00
 -5.528  0.5057E+00  0.4137E+00
 -5.527  0.5060E+00  0.4142E+00
 -5.526  0.5063E+00  0.4147E+00
 -5.525  0.5066E+00  0.4152E+00
 -5.524  0.5069E+00  0.4157E+00
 -5.523  0.5072E+00  0.4162E+00
 -5.522  0.5075E+00  0.4167E+00
 -5.521  0.5078E+00  0.4173E+00
 -5.520  0.5081E+00  0.4178E+00
 -5.519  0.5084E+00  0.4183E+00
 -5.518  0.5087E+00  0.4188E+00
 -5.517  0.5090E+00  0.4193E+00
 -5.516  0.5093E+00  0.4198E+00
 -5.515  0.5096E+00  0.4203E+00
 -5.514  0.5099E+00  0.4208E+00
 -5.513  0.5102E+00  0.4213E+00
 -5.512  0.5105E+00  0.4218E+00
 -5.511  0.5108E+00  0.4223E+00
 -5.510  0.5111E+00  0.4229E+00
 -5.509  0.5114E+00  0.4234E+00
 -5.508  0.5117E+00  0.4239E+00
 -5.507  0.5120E+00  0.4244E+00
 -5.506  0.5123E+00  0.4249E+00
 -5.505  0.5126E+00  0.4254E+00
 -5.504  0.5129E+00  0.4259E+00
 -5.503  0.5132E+00  0.4264E+00
 -5.502  0.5135E+00  0.4270E+00
 -5.501  0.5138E+00  0.4275E+00
 -5.500  0.5141E+00  0.4280E+00
 -5.499  0.5144E+00  0.4285E+00
 -5.498  0.5147E+00  0.4290E+00
 -5.497  0.5150E+00  0.4295E+00
 -5.496  0.5152E+00  0.4300E+00
 -5.495  0.5155E+00  0.4306E+00
 -5.494  0.5158E+00  0.4311E+00
 -5.493  0.5161E+00  0.4316E+00
 -5.492  0.5164E+00  0.4321E+00
 -5.491  0.5167E+00  0.4326E+00
 -5.490  0.5170E+00  0.4331E+00
 -5.489  0.5173E+00  0.4337E+00
 -5.488  0.5176E+00  0.4342E+00
 -5.487  0.5179E+00  0.4347E+00
 -5.486  0.5182E+00  0.4352E+00
 -5.485  0.5185E+00  0.4357E+00
 -5.484  0.5188E+00  0.4362E+00
 -5.483  0.5191E+00  0.4368E+00
 -5.482  0.5194E+00  0.4373E+00
 -5.481  0.5197E+00  0.4378E+00
 -5.480  0.5200E+00  0.4383E+00
 -5.479  0.5203E+00  0.4388E+00
 -5.478  0.5206E+00  0.4394E+00
 -5.477  0.5209E+00  0.4399E+00
 -5.476  0.5212E+00  0.4404E+00
 -5.475  0.5215E+00  0.4409E+00
 -5.474  0.5217E+00  0.4415E+00
 -5.473  0.5220E+00  0.4420E+00
 -5.472  0.5223E+00  0.4425E+00
 -5.471  0.5226E+00  0.4430E+00
 -5.470  0.5229E+00  0.4435E+00
 -5.469  0.5232E+00  0.4441E+00
 -5.468  0.5235E+00  0.4446E+00
 -5.467  0.5238E+00  0.4451E+00
 -5.466  0.5241E+00  0.4456E+00
 -5.465  0.5244E+00  0.4462E+00
 -5.464  0.5247E+00  0.4467E+00
 -5.463  0.5250E+00  0.4472E+00
 -5.462  0.5253E+00  0.4477E+00
 -5.461  0.5256E+00  0.4483E+00
 -5.460  0.5259E+00  0.4488E+00
 -5.459  0.5262E+00  0.4493E+00
 -5.458  0.5266E+00  0.4498E+00
 -5.457  0.5269E+00  0.4504E+00
 -5.456  0.5272E+00  0.4509E+00
 -5.455  0.5275E+00  0.4514E+00
 -5.454  0.5278E+00  0.4520E+00
 -5.453  0.5281E+00  0.4525E+00
 -5.452  0.5284E+00  0.4530E+00
 -5.451  0.5287E+00  0.4535E+00
 -5.450  0.5290E+00  0.4541E+00
 -5.449  0.5293E+00  0.4546E+00
 -5.448  0.5296E+00  0.4551E+00
 -5.447  0.5299E+00  0.4557E+00
 -5.446  0.5302E+00  0.4562E+00
 -5.445  0.5305E+00  0.4567E+00
 -5.444  0.5309E+00  0.4572E+00
 -5.443  0.5312E+00  0.4578E+00
 -5.442  0.5315E+00  0.4583E+00
 -5.441  0.5318E+00  0.4588E+00
 -5.440  0.5321E+00  0.4594E+00
 -5.439  0.5324E+00  0.4599E+00
 -5.438  0.5327E+00  0.4604E+00
 -5.437  0.5330E+00  0.4610E+00
 -5.436  0.5333E+00  0.4615E+00
 -5.435  0.5336E+00  0.4620E+00
 -5.434  0.5339E+00  0.4626E+00
 -5.433  0.5342E+00  0.4631E+00
 -5.432  0.5345E+00  0.4636E+00
 -5.431  0.5348E+00  0.4642E+00
 -5.430  0.5352E+00  0.4647E+00
 -5.429  0.5355E+00  0.4652E+00
 -5.428  0.5358E+00  0.4658E+00
 -5.427  0.5361E+00  0.4663E+00
 -5.426  0.5364E+00  0.4669E+00
 -5.425  0.5367E+00  0.4674E+00
 -5.424  0.5370E+00  0.4679E+00
 -5.423  0.5373E+00  0.4685E+00
 -5.422  0.5376E+00  0.4690E+00
 -5.421  0.5379E+00  0.4695E+00
 -5.420  0.5382E+00  0.4701E+00
 -5.419  0.5385E+00  0.4706E+00
 -5.418  0.5388E+00  0.4712E+00
 -5.417  0.5391E+00  0.4717E+00
 -5.416  0.5394E+00  0.4722E+00
 -5.415  0.5398E+00  0.4728E+00
 -5.414  0.5402E+00  0.4733E+00
 -5.413  0.5405E+00  0.4739E+00
 -5.412  0.5409E+00  0.4744E+00
 -5.411  0.5412E+00  0.4749E+00
 -5.410  0.5416E+00  0.4755E+00
 -5.409  0.5420E+00  0.4760E+00
 -5.408  0.5424E+00  0.4766E+00
 -5.407  0.5427E+00  0.4771E+00
 -5.406  0.5431E+00  0.4776E+00
 -5.405  0.5435E+00  0.4782E+00
 -5.404  0.5439E+00  0.4787E+00
 -5.403  0.5442E+00  0.4793E+00
 -5.402  0.5446E+00  0.4798E+00
 -5.401  0.5450E+00  0.4804E+00
 -5.400  0.5454E+00  0.4809E+00
 -5.399  0.5458E+00  0.4815E+00
 -5.398  0.5462E+00  0.4820E+00
 -5.397  0.5466E+00  0.4826E+00
 -5.396  0.5469E+00  0.4831E+00
 -5.395  0.5473E+00  0.4836E+00
 -5.394  0.5476E+00  0.4842E+00
 -5.393  0.5480E+00  0.4847E+00
 -5.392  0.5483E+00  0.4853E+00
 -5.391  0.5487E+00  0.4858E+00
 -5.390  0.5491E+00  0.4864E+00
 -5.389  0.5494E+00  0.4869E+00
 -5.388  0.5498E+00  0.4875E+00
 -5.387  0.5501E+00  0.4880E+00
 -5.386  0.5505E+00  0.4886E+00
 -5.385  0.5509E+00  0.4891E+00
 -5.384  0.5512E+00  0.4897E+00
 -5.383  0.5516E+00  0.4902E+00
 -5.382  0.5519E+00  0.4908E+00
 -5.381  0.5523E+00  0.4913E+00
 -5.380  0.5527E+00  0.4919E+00
 -5.379  0.5530E+00  0.4925E+00
 -5.378  0.5534E+00  0.4930E+00
 -5.377  0.5537E+00  0.4936E+00
 -5.376  0.5540E+00  0.4941E+00
 -5.375  0.5543E+00  0.4947E+00
 -5.374  0.5547E+00  0.4952E+00
 -5.373  0.5550E+00  0.4958E+00
 -5.372  0.5553E+00  0.4963E+00
 -5.371  0.5556E+00  0.4969E+00
 -5.370  0.5559E+00  0.4974E+00
 -5.369  0.5561E+00  0.4980E+00
 -5.368  0.5564E+00  0.4986E+00
 -5.367  0.5567E+00  0.4991E+00
 -5.366  0.5570E+00  0.4997E+00
 -5.365  0.5573E+00  0.5002E+00
 -5.364  0.5576E+00  0.5008E+00
 -5.363  0.5579E+00  0.5013E+00
 -5.362  0.5582E+00  0.5019E+00
 -5.361  0.5586E+00  0.5025E+00
 -5.360  0.5589E+00  0.5030E+00
 -5.359  0.5592E+00  0.5036E+00
 -5.358  0.5595E+00  0.5041E+00
 -5.357  0.5597E+00  0.5047E+00
 -5.356  0.5600E+00  0.5053E+00
 -5.355  0.5603E+00  0.5058E+00
 -5.354  0.5606E+00  0.5064E+00
 -5.353  0.5609E+00  0.5069E+00
 -5.352  0.5612E+00  0.5075E+00
 -5.351  0.5615E+00  0.5081E+00
 -5.350  0.5619E+00  0.5086E+00
 -5.349  0.5622E+00  0.5092E+00
 -5.348  0.5625E+00  0.5097E+00
 -5.347  0.5628E+00  0.5103E+00
 -5.346  0.5631E+00  0.5109E+00
 -5.345  0.5634E+00  0.5114E+00
 -5.344  0.5637E+00  0.5120E+00
 -5.343  0.5640E+00  0.5126E+00
 -5.342  0.5644E+00  0.5131E+00
 -5.341  0.5647E+00  0.5137E+00
 -5.340  0.5650E+00  0.5143E+00
 -5.339  0.5653E+00  0.5148E+00
 -5.338  0.5656E+00  0.5154E+00
 -5.337  0.5659E+00  0.5160E+00
 -5.336  0.5662E+00  0.5165E+00
 -5.335  0.5665E+00  0.5171E+00
 -5.334  0.5668E+00  0.5177E+00
 -5.333  0.5671E+00  0.5182E+00
 -5.332  0.5674E+00  0.5188E+00
 -5.331  0.5677E+00  0.5194E+00
 -5.330  0.5680E+00  0.5199E+00
 -5.329  0.5683E+00  0.5205E+00
 -5.328  0.5686E+00  0.5211E+00
 -5.327  0.5689E+00  0.5216E+00
 -5.326  0.5692E+00  0.5222E+00
 -5.325  0.5695E+00  0.5228E+00
 -5.324  0.5698E+00  0.5233E+00
 -5.323  0.5701E+00  0.5239E+00
 -5.322  0.5705E+00  0.5245E+00
 -5.321  0.5708E+00  0.5251E+00
 -5.320  0.5711E+00  0.5256E+00
 -5.319  0.5714E+00  0.5262E+00
 -5.318  0.5717E+00  0.5268E+00
 -5.317  0.5720E+00  0.5273E+00
 -5.316  0.5723E+00  0.5279E+00
 -5.315  0.5726E+00  0.5285E+00
 -5.314  0.5729E+00  0.5291E+00
 -5.313  0.5733E+00  0.5296E+00
 -5.312  0.5736E+00  0.5302E+00
 -5.311  0.5739E+00  0.5308E+00
 -5.310  0.5742E+00  0.5314E+00
 -5.309  0.5745E+00  0.5319E+00
 -5.308  0.5748E+00  0.5325E+00
 -5.307  0.5751E+00  0.5331E+00
 -5.306  0.5754E+00  0.5337E+00
 -5.305  0.5757E+00  0.5342E+00
 -5.304  0.5760E+00  0.5348E+00
 -5.303  0.5763E+00  0.5354E+00
 -5.302  0.5766E+00  0.5360E+00
 -5.301  0.5769E+00  0.5365E+00
 -5.300  0.5772E+00  0.5371E+00
 -5.299  0.5775E+00  0.5377E+00
 -5.298  0.5778E+00  0.5383E+00
 -5.297  0.5782E+00  0.5388E+00
 -5.296  0.5785E+00  0.5394E+00
 -5.295  0.5788E+00  0.5400E+00
 -5.294  0.5791E+00  0.5406E+00
 -5.293  0.5794E+00  0.5412E+00
 -5.292  0.5797E+00  0.5417E+00
 -5.291  0.5800E+00  0.5423E+00
 -5.290  0.5803E+00  0.5429E+00
 -5.289  0.5807E+00  0.5435E+00
 -5.288  0.5810E+00  0.5441E+00
 -5.287  0.5813E+00  0.5446E+00
 -5.286  0.5816E+00  0.5452E+00
 -5.285  0.5819E+00  0.5458E+00
 -5.284  0.5822E+00  0.5464E+00
 -5.283  0.5826E+00  0.5470E+00
 -5.282  0.5829E+00  0.5476E+00
 -5.281  0.5832E+00  0.5481E+00
 -5.280  0.5836E+00  0.5487E+00
 -5.279  0.5839E+00  0.5493E+00
 -5.278  0.5843E+00  0.5499E+00
 -5.277  0.5846E+00  0.5505E+00
 -5.276  0.5849E+00  0.5511E+00
 -5.275  0.5853E+00  0.5516E+00
 -5.274  0.5856E+00  0.5522E+00
 -5.273  0.5860E+00  0.5528E+00
 -5.272  0.5863E+00  0.5534E+00
 -5.271  0.5867E+00  0.5540E+00
 -5.270  0.5870E+00  0.5546E+00
 -5.269  0.5874E+00  0.5552E+00
 -5.268  0.5878E+00  0.5558E+00
 -5.267  0.5881E+00  0.5563E+00
 -5.266  0.5885E+00  0.5569E+00
 -5.265  0.5888E+00  0.5575E+00
 -5.264  0.5892E+00  0.5581E+00
 -5.263  0.5896E+00  0.5587E+00
 -5.262  0.5899E+00  0.5593E+00
 -5.261  0.5903E+00  0.5599E+00
 -5.260  0.5907E+00  0.5605E+00
 -5.259  0.5910E+00  0.5611E+00
 -5.258  0.5914E+00  0.5616E+00
 -5.257  0.5918E+00  0.5622E+00
 -5.256  0.5922E+00  0.5628E+00
 -5.255  0.5925E+00  0.5634E+00
 -5.254  0.5929E+00  0.5640E+00
 -5.253  0.5933E+00  0.5646E+00
 -5.252  0.5937E+00  0.5652E+00
 -5.251  0.5940E+00  0.5658E+00
 -5.250  0.5944E+00  0.5664E+00
 -5.249  0.5948E+00  0.5670E+00
 -5.248  0.5952E+00  0.5676E+00
 -5.247  0.5956E+00  0.5682E+00
 -5.246  0.5959E+00  0.5688E+00
 -5.245  0.5963E+00  0.5694E+00
 -5.244  0.5967E+00  0.5700E+00
 -5.243  0.5971E+00  0.5706E+00
 -5.242  0.5975E+00  0.5712E+00
 -5.241  0.5978E+00  0.5718E+00
 -5.240  0.5982E+00  0.5724E+00
 -5.239  0.5986E+00  0.5730E+00
 -5.238  0.5990E+00  0.5736E+00
 -5.237  0.5994E+00  0.5742E+00
 -5.236  0.5998E+00  0.5748E+00
 -5.235  0.6001E+00  0.5754E+00
 -5.234  0.6005E+00  0.5760E+00
 -5.233  0.6009E+00  0.5766E+00
 -5.232  0.6013E+00  0.5772E+00
 -5.231  0.6017E+00  0.5778E+00
 -5.230  0.6021E+00  0.5784E+00
 -5.229  0.6025E+00  0.5790E+00
 -5.228  0.6028E+00  0.5796E+00
 -5.227  0.6032E+00  0.5802E+00
 -5.226  0.6036E+00  0.5808E+00
 -5.225  0.6040E+00  0.5814E+00
 -5.224  0.6043E+00  0.5820E+00
 -5.223  0.6047E+00  0.5826E+00
 -5.222  0.6051E+00  0.5832E+00
 -5.221  0.6055E+00  0.5838E+00
 -5.220  0.6059E+00  0.5844E+00
 -5.219  0.6063E+00  0.5850E+00
 -5.218  0.6066E+00  0.5856E+00
 -5.217  0.6070E+00  0.5862E+00
 -5.216  0.6074E+00  0.5868E+00
 -5.215  0.6078E+00  0.5874E+00
 -5.214  0.6082E+00  0.5880E+00
 -5.213  0.6085E+00  0.5887E+00
 -5.212  0.6089E+00  0.5893E+00
 -5.211  0.6093E+00  0.5899E+00
 -5.210  0.6097E+00  0.5905E+00
 -5.209  0.6101E+00  0.5911E+00
 -5.208  0.6105E+00  0.5917E+00
 -5.207  0.6109E+00  0.5923E+00
 -5.206  0.6112E+00  0.5929E+00
 -5.205  0.6116E+00  0.5935E+00
 -5.204  0.6120E+00  0.5941E+00
 -5.203  0.6124E+00  0.5948E+00
 -5.202  0.6128E+00  0.5954E+00
 -5.201  0.6132E+00  0.5960E+00
 -5.200  0.6136E+00  0.5966E+00
 -5.199  0.6140E+00  0.5972E+00
 -5.198  0.6144E+00  0.5978E+00
 -5.197  0.6147E+00  0.5984E+00
 -5.196  0.6151E+00  0.5991E+00
 -5.195  0.6155E+00  0.5997E+00
 -5.194  0.6159E+00  0.6003E+00
 -5.193  0.6163E+00  0.6009E+00
 -5.192  0.6167E+00  0.6015E+00
 -5.191  0.6171E+00  0.6021E+00
 -5.190  0.6175E+00  0.6028E+00
 -5.189  0.6179E+00  0.6034E+00
 -5.188  0.6183E+00  0.6040E+00
 -5.187  0.6187E+00  0.6046E+00
 -5.186  0.6191E+00  0.6052E+00
 -5.185  0.6195E+00  0.6059E+00
 -5.184  0.6199E+00  0.6065E+00
 -5.183  0.6203E+00  0.6071E+00
 -5.182  0.6207E+00  0.6077E+00
 -5.181  0.6211E+00  0.6083E+00
 -5.180  0.6215E+00  0.6090E+00
 -5.179  0.6219E+00  0.6096E+00
 -5.178  0.6223E+00  0.6102E+00
 -5.177  0.6227E+00  0.6108E+00
 -5.176  0.6231E+00  0.6114E+00
 -5.175  0.6235E+00  0.6121E+00
 -5.174  0.6239E+00  0.6127E+00
 -5.173  0.6243E+00  0.6133E+00
 -5.172  0.6247E+00  0.6139E+00
 -5.171  0.6251E+00  0.6146E+00
 -5.170  0.6255E+00  0.6152E+00
 -5.169  0.6259E+00  0.6158E+00
 -5.168  0.6263E+00  0.6164E+00
 -5.167  0.6267E+00  0.6171E+00
 -5.166  0.6272E+00  0.6177E+00
 -5.165  0.6276E+00  0.6183E+00
 -5.164  0.6280E+00  0.6190E+00
 -5.163  0.6284E+00  0.6196E+00
 -5.162  0.6288E+00  0.6202E+00
 -5.161  0.6292E+00  0.6208E+00
 -5.160  0.6296E+00  0.6215E+00
 -5.159  0.6300E+00  0.6221E+00
 -5.158  0.6304E+00  0.6227E+00
 -5.157  0.6308E+00  0.6234E+00
 -5.156  0.6312E+00  0.6240E+00
 -5.155  0.6316E+00  0.6246E+00
 -5.154  0.6320E+00  0.6253E+00
 -5.153  0.6325E+00  0.6259E+00
 -5.152  0.6329E+00  0.6265E+00
 -5.151  0.6333E+00  0.6272E+00
 -5.150  0.6337E+00  0.6278E+00
 -5.149  0.6341E+00  0.6284E+00
 -5.148  0.6345E+00  0.6291E+00
 -5.147  0.6349E+00  0.6297E+00
 -5.146  0.6353E+00  0.6303E+00
 -5.145  0.6357E+00  0.6310E+00
 -5.144  0.6361E+00  0.6316E+00
 -5.143  0.6365E+00  0.6322E+00
 -5.142  0.6370E+00  0.6329E+00
 -5.141  0.6374E+00  0.6335E+00
 -5.140  0.6378E+00  0.6341E+00
 -5.139  0.6382E+00  0.6348E+00
 -5.138  0.6386E+00  0.6354E+00
 -5.137  0.6390E+00  0.6361E+00
 -5.136  0.6395E+00  0.6367E+00
 -5.135  0.6400E+00  0.6373E+00
 -5.134  0.6405E+00  0.6380E+00
 -5.133  0.6410E+00  0.6386E+00
 -5.132  0.6415E+00  0.6393E+00
 -5.131  0.6420E+00  0.6399E+00
 -5.130  0.6425E+00  0.6406E+00
 -5.129  0.6430E+00  0.6412E+00
 -5.128  0.6435E+00  0.6418E+00
 -5.127  0.6440E+00  0.6425E+00
 -5.126  0.6446E+00  0.6431E+00
 -5.125  0.6451E+00  0.6438E+00
 -5.124  0.6456E+00  0.6444E+00
 -5.123  0.6461E+00  0.6451E+00
 -5.122  0.6466E+00  0.6457E+00
 -5.121  0.6471E+00  0.6464E+00
 -5.120  0.6476E+00  0.6470E+00
 -5.119  0.6481E+00  0.6477E+00
 -5.118  0.6486E+00  0.6483E+00
 -5.117  0.6491E+00  0.6489E+00
 -5.116  0.6495E+00  0.6496E+00
 -5.115  0.6500E+00  0.6502E+00
 -5.114  0.6505E+00  0.6509E+00
 -5.113  0.6510E+00  0.6516E+00
 -5.112  0.6514E+00  0.6522E+00
 -5.111  0.6519E+00  0.6529E+00
 -5.110  0.6523E+00  0.6535E+00
 -5.109  0.6528E+00  0.6542E+00
 -5.108  0.6533E+00  0.6548E+00
 -5.107  0.6537E+00  0.6555E+00
 -5.106  0.6541E+00  0.6561E+00
 -5.105  0.6546E+00  0.6568E+00
 -5.104  0.6550E+00  0.6574E+00
 -5.103  0.6554E+00  0.6581E+00
 -5.102  0.6558E+00  0.6587E+00
 -5.101  0.6563E+00  0.6594E+00
 -5.100  0.6567E+00  0.6601E+00
 -5.099  0.6572E+00  0.6607E+00
 -5.098  0.6576E+00  0.6614E+00
 -5.097  0.6581E+00  0.6620E+00
 -5.096  0.6585E+00  0.6627E+00
 -5.095  0.6590E+00  0.6633E+00
 -5.094  0.6594E+00  0.6640E+00
 -5.093  0.6599E+00  0.6647E+00
 -5.092  0.6604E+00  0.6653E+00
 -5.091  0.6608E+00  0.6660E+00
 -5.090  0.6613E+00  0.6666E+00
 -5.089  0.6618E+00  0.6673E+00
 -5.088  0.6622E+00  0.6680E+00
 -5.087  0.6627E+00  0.6686E+00
 -5.086  0.6632E+00  0.6693E+00
 -5.085  0.6636E+00  0.6700E+00
 -5.084  0.6641E+00  0.6706E+00
 -5.083  0.6646E+00  0.6713E+00
 -5.082  0.6650E+00  0.6720E+00
 -5.081  0.6655E+00  0.6726E+00
 -5.080  0.6660E+00  0.6733E+00
 -5.079  0.6664E+00  0.6740E+00
 -5.078  0.6669E+00  0.6746E+00
 -5.077  0.6673E+00  0.6753E+00
 -5.076  0.6678E+00  0.6760E+00
 -5.075  0.6683E+00  0.6766E+00
 -5.074  0.6687E+00  0.6773E+00
 -5.073  0.6692E+00  0.6780E+00
 -5.072  0.6696E+00  0.6786E+00
 -5.071  0.6701E+00  0.6793E+00
 -5.070  0.6706E+00  0.6800E+00
 -5.069  0.6710E+00  0.6806E+00
 -5.068  0.6715E+00  0.6813E+00
 -5.067  0.6720E+00  0.6820E+00
 -5.066  0.6725E+00  0.6827E+00
 -5.065  0.6729E+00  0.6833E+00
 -5.064  0.6734E+00  0.6840E+00
 -5.063  0.6739E+00  0.6847E+00
 -5.062  0.6743E+00  0.6854E+00
 -5.061  0.6748E+00  0.6860E+00
 -5.060  0.6753E+00  0.6867E+00
 -5.059  0.6758E+00  0.6874E+00
 -5.058  0.6763E+00  0.6881E+00
 -5.057  0.6767E+00  0.6887E+00
 -5.056  0.6772E+00  0.6894E+00
 -5.055  0.6777E+00  0.6901E+00
 -5.054  0.6782E+00  0.6908E+00
 -5.053  0.6787E+00  0.6914E+00
 -5.052  0.6792E+00  0.6921E+00
 -5.051  0.6796E+00  0.6928E+00
 -5.050  0.6801E+00  0.6935E+00
 -5.049  0.6806E+00  0.6942E+00
 -5.048  0.6811E+00  0.6948E+00
 -5.047  0.6816E+00  0.6955E+00
 -5.046  0.6821E+00  0.6962E+00
 -5.045  0.6826E+00  0.6969E+00
 -5.044  0.6831E+00  0.6976E+00
 -5.043  0.6836E+00  0.6983E+00
 -5.042  0.6841E+00  0.6989E+00
 -5.041  0.6846E+00  0.6996E+00
 -5.040  0.6851E+00  0.7003E+00
 -5.039  0.6856E+00  0.7010E+00
 -5.038  0.6861E+00  0.7017E+00
 -5.037  0.6866E+00  0.7024E+00
 -5.036  0.6871E+00  0.7031E+00
 -5.035  0.6876E+00  0.7037E+00
 -5.034  0.6881E+00  0.7044E+00
 -5.033  0.6886E+00  0.7051E+00
 -5.032  0.6891E+00  0.7058E+00
 -5.031  0.6895E+00  0.7065E+00
 -5.030  0.6900E+00  0.7072E+00
 -5.029  0.6905E+00  0.7079E+00
 -5.028  0.6910E+00  0.7086E+00
 -5.027  0.6915E+00  0.7093E+00
 -5.026  0.6920E+00  0.7100E+00
 -5.025  0.6925E+00  0.7106E+00
 -5.024  0.6930E+00  0.7113E+00
 -5.023  0.6935E+00  0.7120E+00
 -5.022  0.6940E+00  0.7127E+00
 -5.021  0.6945E+00  0.7134E+00
 -5.020  0.6950E+00  0.7141E+00
 -5.019  0.6955E+00  0.7148E+00
 -5.018  0.6960E+00  0.7155E+00
 -5.017  0.6965E+00  0.7162E+00
 -5.016  0.6971E+00  0.7169E+00
 -5.015  0.6976E+00  0.7176E+00
 -5.014  0.6981E+00  0.7183E+00
 -5.013  0.6987E+00  0.7190E+00
 -5.012  0.6992E+00  0.7197E+00
 -5.011  0.6998E+00  0.7204E+00
 -5.010  0.7003E+00  0.7211E+00
 -5.009  0.7009E+00  0.7218E+00
 -5.008  0.7014E+00  0.7225E+00
 -5.007  0.7020E+00  0.7232E+00
 -5.006  0.7026E+00  0.7239E+00
 -5.005  0.7032E+00  0.7246E+00
 -5.004  0.7037E+00  0.7253E+00
 -5.003  0.7043E+00  0.7260E+00
 -5.002  0.7049E+00  0.7267E+00
 -5.001  0.7055E+00  0.7274E+00
 -5.000  0.7061E+00  0.7281E+00
 -4.999  0.7067E+00  0.7288E+00
 -4.998  0.7073E+00  0.7295E+00
 -4.997  0.7079E+00  0.7302E+00
 -4.996  0.7085E+00  0.7310E+00
 -4.995  0.7091E+00  0.7317E+00
 -4.994  0.7098E+00  0.7324E+00
 -4.993  0.7104E+00  0.7331E+00
 -4.992  0.7110E+00  0.7338E+00
 -4.991  0.7116E+00  0.7345E+00
 -4.990  0.7122E+00  0.7352E+00
 -4.989  0.7128E+00  0.7359E+00
 -4.988  0.7135E+00  0.7366E+00
 -4.987  0.7141E+00  0.7374E+00
 -4.986  0.7147E+00  0.7381E+00
 -4.985  0.7153E+00  0.7388E+00
 -4.984  0.7160E+00  0.7395E+00
 -4.983  0.7166E+00  0.7402E+00
 -4.982  0.7173E+00  0.7409E+00
 -4.981  0.7179E+00  0.7417E+00
 -4.980  0.7185E+00  0.7424E+00
 -4.979  0.7192E+00  0.7431E+00
 -4.978  0.7198E+00  0.7438E+00
 -4.977  0.7205E+00  0.7445E+00
 -4.976  0.7212E+00  0.7453E+00
 -4.975  0.7218E+00  0.7460E+00
 -4.974  0.7225E+00  0.7467E+00
 -4.973  0.7231E+00  0.7474E+00
 -4.972  0.7238E+00  0.7482E+00
 -4.971  0.7245E+00  0.7489E+00
 -4.970  0.7252E+00  0.7496E+00
 -4.969  0.7258E+00  0.7503E+00
 -4.968  0.7265E+00  0.7511E+00
 -4.967  0.7272E+00  0.7518E+00
 -4.966  0.7279E+00  0.7525E+00
 -4.965  0.7286E+00  0.7532E+00
 -4.964  0.7293E+00  0.7540E+00
 -4.963  0.7299E+00  0.7547E+00
 -4.962  0.7306E+00  0.7554E+00
 -4.961  0.7313E+00  0.7562E+00
 -4.960  0.7320E+00  0.7569E+00
 -4.959  0.7326E+00  0.7576E+00
 -4.958  0.7333E+00  0.7584E+00
 -4.957  0.7340E+00  0.7591E+00
 -4.956  0.7347E+00  0.7598E+00
 -4.955  0.7354E+00  0.7606E+00
 -4.954  0.7360E+00  0.7613E+00
 -4.953  0.7367E+00  0.7620E+00
 -4.952  0.7374E+00  0.7628E+00
 -4.951  0.7381E+00  0.7635E+00
 -4.950  0.7388E+00  0.7642E+00
 -4.949  0.7395E+00  0.7650E+00
 -4.948  0.7402E+00  0.7657E+00
 -4.947  0.7409E+00  0.7665E+00
 -4.946  0.7416E+00  0.7672E+00
 -4.945  0.7423E+00  0.7680E+00
 -4.944  0.7430E+00  0.7687E+00
 -4.943  0.7437E+00  0.7694E+00
 -4.942  0.7444E+00  0.7702E+00
 -4.941  0.7451E+00  0.7709E+00
 -4.940  0.7458E+00  0.7717E+00
 -4.939  0.7466E+00  0.7724E+00
 -4.938  0.7473E+00  0.7732E+00
 -4.937  0.7480E+00  0.7739E+00
 -4.936  0.7488E+00  0.7747E+00
 -4.935  0.7495E+00  0.7754E+00
 -4.934  0.7502E+00  0.7762E+00
 -4.933  0.7510E+00  0.7769E+00
 -4.932  0.7517E+00  0.7777E+00
 -4.931  0.7524E+00  0.7784E+00
 -4.930  0.7532E+00  0.7792E+00
 -4.929  0.7539E+00  0.7799E+00
 -4.928  0.7547E+00  0.7807E+00
 -4.927  0.7554E+00  0.7814E+00
 -4.926  0.7562E+00  0.7822E+00
 -4.925  0.7569E+00  0.7829E+00
 -4.924  0.7577E+00  0.7837E+00
 -4.923  0.7585E+00  0.7845E+00
 -4.922  0.7593E+00  0.7852E+00
 -4.921  0.7601E+00  0.7860E+00
 -4.920  0.7608E+00  0.7867E+00
 -4.919  0.7616E+00  0.7875E+00
 -4.918  0.7624E+00  0.7883E+00
 -4.917  0.7632E+00  0.7890E+00
 -4.916  0.7640E+00  0.7898E+00
 -4.915  0.7648E+00  0.7906E+00
 -4.914  0.7656E+00  0.7913E+00
 -4.913  0.7664E+00  0.7921E+00
 -4.912  0.7672E+00  0.7929E+00
 -4.911  0.7680E+00  0.7936E+00
 -4.910  0.7688E+00  0.7944E+00
 -4.909  0.7696E+00  0.7952E+00
 -4.908  0.7704E+00  0.7959E+00
 -4.907  0.7712E+00  0.7967E+00
 -4.906  0.7720E+00  0.7975E+00
 -4.905  0.7728E+00  0.7983E+00
 -4.904  0.7736E+00  0.7990E+00
 -4.903  0.7744E+00  0.7998E+00
 -4.902  0.7753E+00  0.8006E+00
 -4.901  0.7761E+00  0.8014E+00
 -4.900  0.7769E+00  0.8021E+00
 -4.899  0.7777E+00  0.8029E+00
 -4.898  0.7785E+00  0.8037E+00
 -4.897  0.7794E+00  0.8045E+00
 -4.896  0.7802E+00  0.8052E+00
 -4.895  0.7810E+00  0.8060E+00
 -4.894  0.7819E+00  0.8068E+00
 -4.893  0.7827E+00  0.8076E+00
 -4.892  0.7836E+00  0.8084E+00
 -4.891  0.7844E+00  0.8092E+00
 -4.890  0.7853E+00  0.8099E+00
 -4.889  0.7861E+00  0.8107E+00
 -4.888  0.7870E+00  0.8115E+00
 -4.887  0.7880E+00  0.8123E+00
 -4.886  0.7893E+00  0.8131E+00
 -4.885  0.7905E+00  0.8139E+00
 -4.884  0.7918E+00  0.8147E+00
 -4.883  0.7930E+00  0.8155E+00
 -4.882  0.7941E+00  0.8163E+00
 -4.881  0.7951E+00  0.8171E+00
 -4.880  0.7962E+00  0.8179E+00
 -4.879  0.7973E+00  0.8187E+00
 -4.878  0.7983E+00  0.8195E+00
 -4.877  0.7994E+00  0.8203E+00
 -4.876  0.8005E+00  0.8211E+00
 -4.875  0.8016E+00  0.8219E+00
 -4.874  0.8027E+00  0.8227E+00
 -4.873  0.8039E+00  0.8235E+00
 -4.872  0.8050E+00  0.8243E+00
 -4.871  0.8061E+00  0.8251E+00
 -4.870  0.8073E+00  0.8259E+00
 -4.869  0.8085E+00  0.8267E+00
 -4.868  0.8097E+00  0.8275E+00
 -4.867  0.8109E+00  0.8283E+00
 -4.866  0.8121E+00  0.8291E+00
 -4.865  0.8134E+00  0.8299E+00
 -4.864  0.8145E+00  0.8307E+00
 -4.863  0.8157E+00  0.8316E+00
 -4.862  0.8168E+00  0.8324E+00
 -4.861  0.8180E+00  0.8332E+00
 -4.860  0.8191E+00  0.8340E+00
 -4.859  0.8203E+00  0.8348E+00
 -4.858  0.8215E+00  0.8357E+00
 -4.857  0.8227E+00  0.8365E+00
 -4.856  0.8239E+00  0.8373E+00
 -4.855  0.8251E+00  0.8381E+00
 -4.854  0.8263E+00  0.8390E+00
 -4.853  0.8275E+00  0.8398E+00
 -4.852  0.8287E+00  0.8406E+00
 -4.851  0.8300E+00  0.8414E+00
 -4.850  0.8312E+00  0.8423E+00
 -4.849  0.8326E+00  0.8431E+00
 -4.848  0.8339E+00  0.8439E+00
 -4.847  0.8353E+00  0.8448E+00
 -4.846  0.8367E+00  0.8456E+00
 -4.845  0.8382E+00  0.8465E+00
 -4.844  0.8396E+00  0.8473E+00
 -4.843  0.8411E+00  0.8481E+00
 -4.842  0.8426E+00  0.8490E+00
 -4.841  0.8441E+00  0.8498E+00
 -4.840  0.8457E+00  0.8507E+00
 -4.839  0.8472E+00  0.8515E+00
 -4.838  0.8488E+00  0.8524E+00
 -4.837  0.8503E+00  0.8532E+00
 -4.836  0.8519E+00  0.8541E+00
 -4.835  0.8535E+00  0.8549E+00
 -4.834  0.8551E+00  0.8558E+00
 -4.833  0.8568E+00  0.8566E+00
 -4.832  0.8584E+00  0.8575E+00
 -4.831  0.8601E+00  0.8583E+00
 -4.830  0.8621E+00  0.8592E+00
 -4.829  0.8642E+00  0.8601E+00
 -4.828  0.8662E+00  0.8609E+00
 -4.827  0.8683E+00  0.8618E+00
 -4.826  0.8703E+00  0.8627E+00
 -4.825  0.8723E+00  0.8635E+00
 -4.824  0.8743E+00  0.8644E+00
 -4.823  0.8763E+00  0.8653E+00
 -4.822  0.8783E+00  0.8662E+00
 -4.821  0.8803E+00  0.8671E+00
 -4.820  0.8823E+00  0.8679E+00
 -4.819  0.8843E+00  0.8688E+00
 -4.818  0.8863E+00  0.8697E+00
 -4.817  0.8884E+00  0.8706E+00
 -4.816  0.8903E+00  0.8715E+00
 -4.815  0.8922E+00  0.8724E+00
 -4.814  0.8942E+00  0.8733E+00
 -4.813  0.8962E+00  0.8742E+00
 -4.812  0.8982E+00  0.8751E+00
 -4.811  0.9003E+00  0.8760E+00
 -4.810  0.9023E+00  0.8769E+00
 -4.809  0.9045E+00  0.8778E+00
 -4.808  0.9066E+00  0.8787E+00
 -4.807  0.9088E+00  0.8796E+00
 -4.806  0.9111E+00  0.8805E+00
 -4.805  0.9133E+00  0.8814E+00
 -4.804  0.9156E+00  0.8823E+00
 -4.803  0.9179E+00  0.8833E+00
 -4.802  0.9201E+00  0.8842E+00
 -4.801  0.9225E+00  0.8851E+00
 -4.800  0.9250E+00  0.8860E+00
 -4.799  0.9275E+00  0.8869E+00
 -4.798  0.9299E+00  0.8879E+00
 -4.797  0.9325E+00  0.8888E+00
 -4.796  0.9350E+00  0.8897E+00
 -4.795  0.9376E+00  0.8907E+00
 -4.794  0.9401E+00  0.8916E+00
 -4.793  0.9427E+00  0.8926E+00
 -4.792  0.9454E+00  0.8935E+00
 -4.791  0.9480E+00  0.8945E+00
 -4.790  0.9507E+00  0.8954E+00
 -4.789  0.9537E+00  0.8964E+00
 -4.788  0.9564E+00  0.8973E+00
 -4.787  0.9865E+00  0.8983E+00
 -4.786  0.9836E+00  0.8993E+00
 -4.785  0.9811E+00  0.9003E+00
 -4.784  0.9790E+00  0.9012E+00
 -4.783  0.9773E+00  0.9022E+00
 -4.782  0.9759E+00  0.9032E+00
 -4.781  0.9750E+00  0.9042E+00
 -4.780  0.9744E+00  0.9052E+00
 -4.779  0.9741E+00  0.9061E+00
 -4.778  0.9740E+00  0.9071E+00
 -4.777  0.9742E+00  0.9081E+00
 -4.776  0.9747E+00  0.9090E+00
 -4.775  0.9752E+00  0.9100E+00
 -4.774  0.9761E+00  0.9110E+00
 -4.773  0.9772E+00  0.9120E+00
 -4.772  0.9791E+00  0.9130E+00
 -4.771  0.9811E+00  0.9139E+00
 -4.770  0.9831E+00  0.9149E+00
 -4.769  0.9850E+00  0.9159E+00
 -4.768  0.9870E+00  0.9169E+00
 -4.767  0.9889E+00  0.9179E+00
 -4.766  0.9909E+00  0.9189E+00
 -4.765  0.9973E+00  0.9199E+00
 -4.764  0.9982E+00  0.9209E+00
 -4.763  0.9998E+00  0.9219E+00
 -4.762  0.1002E+01  0.9229E+00
 -4.761  0.1005E+01  0.9239E+00
 -4.760  0.1008E+01  0.9249E+00
 -4.759  0.1012E+01  0.9259E+00
 -4.758  0.1013E+01  0.9269E+00
 -4.757  0.1011E+01  0.9279E+00
 -4.756  0.1008E+01  0.9289E+00
 -4.755  0.1006E+01  0.9299E+00
 -4.754  0.1003E+01  0.9309E+00
 -4.753  0.9995E+00  0.9319E+00
 -4.752  0.9959E+00  0.9329E+00
 -4.751  0.9919E+00  0.9339E+00
 -4.750  0.9902E+00  0.9349E+00
 -4.749  0.9892E+00  0.9359E+00
 -4.748  0.9886E+00  0.9369E+00
 -4.747  0.9882E+00  0.9379E+00
 -4.746  0.9882E+00  0.9389E+00
 -4.745  0.9884E+00  0.9399E+00
 -4.744  0.9884E+00  0.9408E+00
 -4.743  0.9880E+00  0.9418E+00
 -4.742  0.9877E+00  0.9428E+00
 -4.741  0.9873E+00  0.9438E+00
 -4.740  0.9869E+00  0.9448E+00
 -4.739  0.9864E+00  0.9458E+00
 -4.738  0.9860E+00  0.9468E+00
 -4.737  0.9856E+00  0.9478E+00
 -4.736  0.9851E+00  0.9487E+00
 -4.735  0.9847E+00  0.9497E+00
 -4.734  0.9842E+00  0.9507E+00
 -4.733  0.9837E+00  0.9517E+00
 -4.732  0.9833E+00  0.9527E+00
 -4.731  0.9829E+00  0.9537E+00
 -4.730  0.9824E+00  0.9546E+00
 -4.729  0.9820E+00  0.9556E+00
 -4.728  0.9816E+00  0.9566E+00
 -4.727  0.9812E+00  0.9576E+00
 -4.726  0.9808E+00  0.9586E+00
 -4.725  0.9804E+00  0.9595E+00
 -4.724  0.9801E+00  0.9605E+00
 -4.723  0.9797E+00  0.9615E+00
 -4.722  0.9794E+00  0.9625E+00
 -4.721  0.9790E+00  0.9635E+00
 -4.720  0.9786E+00  0.9644E+00
 -4.719  0.9783E+00  0.9654E+00
 -4.718  0.9779E+00  0.9664E+00
 -4.717  0.9775E+00  0.9674E+00
 -4.716  0.9771E+00  0.9684E+00
 -4.715  0.9767E+00  0.9693E+00
 -4.714  0.9763E+00  0.9703E+00
 -4.713  0.9759E+00  0.9713E+00
 -4.712  0.9755E+00  0.9723E+00
 -4.711  0.9750E+00  0.9732E+00
 -4.710  0.9746E+00  0.9742E+00
 -4.709  0.9741E+00  0.9752E+00
 -4.708  0.9737E+00  0.9762E+00
 -4.707  0.9733E+00  0.9771E+00
 -4.706  0.9728E+00  0.9781E+00
 -4.705  0.9720E+00  0.9791E+00
 -4.704  0.9709E+00  0.9800E+00
 -4.703  0.9696E+00  0.9810E+00
 -4.702  0.9680E+00  0.9820E+00
 -4.701  0.9662E+00  0.9829E+00
 -4.700  0.9649E+00  0.9839E+00
 -4.699  0.9639E+00  0.9849E+00
 -4.698  0.9630E+00  0.9858E+00
 -4.697  0.9622E+00  0.9868E+00
 -4.696  0.9615E+00  0.9878E+00
 -4.695  0.9609E+00  0.9887E+00
 -4.694  0.9604E+00  0.9897E+00
 -4.693  0.9600E+00  0.9906E+00
 -4.692  0.9594E+00  0.9916E+00
 -4.691  0.9588E+00  0.9926E+00
 -4.690  0.9583E+00  0.9935E+00
 -4.689  0.9577E+00  0.9945E+00
 -4.688  0.9573E+00  0.9954E+00
 -4.687  0.9568E+00  0.9964E+00
 -4.686  0.9564E+00  0.9973E+00
 -4.685  0.9560E+00  0.9983E+00
 -4.684  0.9556E+00  0.9993E+00
 -4.683  0.9553E+00  0.1000E+01
 -4.682  0.9550E+00  0.1001E+01
 -4.681  0.9547E+00  0.1002E+01
 -4.680  0.9543E+00  0.1003E+01
 -4.679  0.9539E+00  0.1004E+01
 -4.678  0.9536E+00  0.1005E+01
 -4.677  0.9532E+00  0.1006E+01
 -4.676  0.9528E+00  0.1007E+01
 -4.675  0.9525E+00  0.1008E+01
 -4.674  0.9521E+00  0.1009E+01
 -4.673  0.9518E+00  0.1010E+01
 -4.672  0.9515E+00  0.1011E+01
 -4.671  0.9512E+00  0.1012E+01
 -4.670  0.9510E+00  0.1013E+01
 -4.669  0.9508E+00  0.1014E+01
 -4.668  0.9505E+00  0.1015E+01
 -4.667  0.9503E+00  0.1015E+01
 -4.666  0.9501E+00  0.1016E+01
 -4.665  0.9499E+00  0.1017E+01
 -4.664  0.9497E+00  0.1018E+01
 -4.663  0.9495E+00  0.1019E+01
 -4.662  0.9494E+00  0.1020E+01
 -4.661  0.9492E+00  0.1021E+01
 -4.660  0.9491E+00  0.1022E+01
 -4.659  0.9489E+00  0.1023E+01
 -4.658  0.9488E+00  0.1024E+01
 -4.657  0.9486E+00  0.1025E+01
 -4.656  0.9484E+00  0.1026E+01
 -4.655  0.9482E+00  0.1027E+01
 -4.654  0.9480E+00  0.1028E+01
 -4.653  0.9478E+00  0.1029E+01
 -4.652  0.9476E+00  0.1030E+01
 -4.651  0.9473E+00  0.1031E+01
 -4.650  0.9470E+00  0.1032E+01
 -4.649  0.9466E+00  0.1033E+01
 -4.648  0.9461E+00  0.1033E+01
 -4.647  0.9457E+00  0.1034E+01
 -4.646  0.9453E+00  0.1035E+01
 -4.645  0.9448E+00  0.1036E+01
 -4.644  0.9444E+00  0.1037E+01
 -4.643  0.9439E+00  0.1038E+01
 -4.642  0.9435E+00  0.1039E+01
 -4.641  0.9430E+00  0.1040E+01
 -4.640  0.9425E+00  0.1041E+01
 -4.639  0.9420E+00  0.1042E+01
 -4.638  0.9415E+00  0.1043E+01
 -4.637  0.9410E+00  0.1044E+01
 -4.636  0.9405E+00  0.1045E+01
 -4.635  0.9400E+00  0.1046E+01
 -4.634  0.9395E+00  0.1047E+01
 -4.633  0.9390E+00  0.1048E+01
 -4.632  0.9385E+00  0.1049E+01
 -4.631  0.9380E+00  0.1049E+01
 -4.630  0.9375E+00  0.1050E+01
 -4.629  0.9369E+00  0.1051E+01
 -4.628  0.9364E+00  0.1052E+01
 -4.627  0.9359E+00  0.1053E+01
 -4.626  0.9354E+00  0.1054E+01
 -4.625  0.9348E+00  0.1055E+01
 -4.624  0.9342E+00  0.1056E+01
 -4.623  0.9336E+00  0.1057E+01
 -4.622  0.9330E+00  0.1058E+01
 -4.621  0.9323E+00  0.1059E+01
 -4.620  0.9316E+00  0.1060E+01
 -4.619  0.9309E+00  0.1061E+01
 -4.618  0.9302E+00  0.1062E+01
 -4.617  0.9295E+00  0.1063E+01
 -4.616  0.9288E+00  0.1063E+01
 -4.615  0.9394E+00  0.1064E+01
 -4.614  0.9460E+00  0.1065E+01
 -4.613  0.9426E+00  0.1066E+01
 -4.612  0.9396E+00  0.1067E+01
 -4.611  0.9369E+00  0.1068E+01
 -4.610  0.9345E+00  0.1069E+01
 -4.609  0.9324E+00  0.1070E+01
 -4.608  0.9307E+00  0.1071E+01
 -4.607  0.9292E+00  0.1072E+01
 -4.606  0.9281E+00  0.1073E+01
 -4.605  0.9273E+00  0.1074E+01
 -4.604  0.9267E+00  0.1075E+01
 -4.603  0.9262E+00  0.1076E+01
 -4.602  0.9257E+00  0.1077E+01
 -4.601  0.9253E+00  0.1077E+01
 -4.600  0.9248E+00  0.1078E+01
 -4.599  0.9244E+00  0.1079E+01
 -4.598  0.9240E+00  0.1080E+01
 -4.597  0.9235E+00  0.1081E+01
 -4.596  0.9231E+00  0.1082E+01
 -4.595  0.9227E+00  0.1083E+01
 -4.594  0.9223E+00  0.1084E+01
 -4.593  0.9220E+00  0.1085E+01
 -4.592  0.9216E+00  0.1086E+01
 -4.591  0.9212E+00  0.1087E+01
 -4.590  0.9209E+00  0.1088E+01
 -4.589  0.9205E+00  0.1089E+01
 -4.588  0.9201E+00  0.1089E+01
 -4.587  0.9198E+00  0.1090E+01
 -4.586  0.9195E+00  0.1091E+01
 -4.585  0.9192E+00  0.1092E+01
 -4.584  0.9190E+00  0.1093E+01
 -4.583  0.9187E+00  0.1094E+01
 -4.582  0.9185E+00  0.1095E+01
 -4.581  0.9183E+00  0.1096E+01
 -4.580  0.9181E+00  0.1097E+01
 -4.579  0.9179E+00  0.1098E+01
 -4.578  0.9178E+00  0.1099E+01
 -4.577  0.9176E+00  0.1100E+01
 -4.576  0.9175E+00  0.1100E+01
 -4.575  0.9173E+00  0.1101E+01
 -4.574  0.9172E+00  0.1102E+01
 -4.573  0.9172E+00  0.1103E+01
 -4.572  0.9175E+00  0.1104E+01
 -4.571  0.9179E+00  0.1105E+01
 -4.570  0.9175E+00  0.1106E+01
 -4.569  0.9170E+00  0.1107E+01
 -4.568  0.9166E+00  0.1108E+01
 -4.567  0.9162E+00  0.1109E+01
 -4.566  0.9157E+00  0.1110E+01
 -4.565  0.9153E+00  0.1111E+01
 -4.564  0.9148E+00  0.1111E+01
 -4.563  0.9144E+00  0.1112E+01
 -4.562  0.9139E+00  0.1113E+01
 -4.561  0.9134E+00  0.1114E+01
 -4.560  0.9129E+00  0.1115E+01
 -4.559  0.9125E+00  0.1116E+01
 -4.558  0.9120E+00  0.1117E+01
 -4.557  0.9116E+00  0.1118E+01
 -4.556  0.9112E+00  0.1119E+01
 -4.555  0.9107E+00  0.1120E+01
 -4.554  0.9103E+00  0.1121E+01
 -4.553  0.9099E+00  0.1122E+01
 -4.552  0.9094E+00  0.1122E+01
 -4.551  0.9089E+00  0.1123E+01
 -4.550  0.9084E+00  0.1124E+01
 -4.549  0.9078E+00  0.1125E+01
 -4.548  0.9073E+00  0.1126E+01
 -4.547  0.9069E+00  0.1127E+01
 -4.546  0.9066E+00  0.1128E+01
 -4.545  0.9063E+00  0.1129E+01
 -4.544  0.9061E+00  0.1130E+01
 -4.543  0.9058E+00  0.1131E+01
 -4.542  0.9055E+00  0.1132E+01
 -4.541  0.9052E+00  0.1132E+01
 -4.540  0.9049E+00  0.1133E+01
 -4.539  0.9046E+00  0.1134E+01
 -4.538  0.9043E+00  0.1135E+01
 -4.537  0.9039E+00  0.1136E+01
 -4.536  0.9036E+00  0.1137E+01
 -4.535  0.9033E+00  0.1138E+01
 -4.534  0.9029E+00  0.1139E+01
 -4.533  0.9026E+00  0.1140E+01
 -4.532  0.9022E+00  0.1141E+01
 -4.531  0.9017E+00  0.1141E+01
 -4.530  0.9011E+00  0.1142E+01
 -4.529  0.9007E+00  0.1143E+01
 -4.528  0.9003E+00  0.1144E+01
 -4.527  0.9000E+00  0.1145E+01
 -4.526  0.8997E+00  0.1146E+01
 -4.525  0.8994E+00  0.1147E+01
 -4.524  0.8991E+00  0.1148E+01
 -4.523  0.8988E+00  0.1149E+01
 -4.522  0.8984E+00  0.1150E+01
 -4.521  0.8981E+00  0.1150E+01
 -4.520  0.8978E+00  0.1151E+01
 -4.519  0.8974E+00  0.1152E+01
 -4.518  0.8970E+00  0.1153E+01
 -4.517  0.8967E+00  0.1154E+01
 -4.516  0.8963E+00  0.1155E+01
 -4.515  0.8959E+00  0.1156E+01
 -4.514  0.8955E+00  0.1157E+01
 -4.513  0.8951E+00  0.1158E+01
 -4.512  0.8948E+00  0.1159E+01
 -4.511  0.8944E+00  0.1159E+01
 -4.510  0.8940E+00  0.1160E+01
 -4.509  0.8936E+00  0.1161E+01
 -4.508  0.8932E+00  0.1162E+01
 -4.507  0.8927E+00  0.1163E+01
 -4.506  0.8923E+00  0.1164E+01
 -4.505  0.8919E+00  0.1165E+01
 -4.504  0.8915E+00  0.1166E+01
 -4.503  0.8910E+00  0.1167E+01
 -4.502  0.8906E+00  0.1167E+01
 -4.501  0.8901E+00  0.1168E+01
 -4.500  0.8895E+00  0.1169E+01
 -4.499  0.8889E+00  0.1170E+01
 -4.498  0.8882E+00  0.1171E+01
 -4.497  0.8876E+00  0.1172E+01
 -4.496  0.8870E+00  0.1173E+01
 -4.495  0.8865E+00  0.1174E+01
 -4.494  0.8859E+00  0.1175E+01
 -4.493  0.8854E+00  0.1175E+01
 -4.492  0.8848E+00  0.1176E+01
 -4.491  0.8843E+00  0.1177E+01
 -4.490  0.8838E+00  0.1178E+01
 -4.489  0.8832E+00  0.1179E+01
 -4.488  0.8827E+00  0.1180E+01
 -4.487  0.8822E+00  0.1181E+01
 -4.486  0.8817E+00  0.1182E+01
 -4.485  0.8812E+00  0.1182E+01
 -4.484  0.8807E+00  0.1183E+01
 -4.483  0.8802E+00  0.1184E+01
 -4.482  0.8797E+00  0.1185E+01
 -4.481  0.8792E+00  0.1186E+01
 -4.480  0.8787E+00  0.1187E+01
 -4.479  0.8783E+00  0.1188E+01
 -4.478  0.8778E+00  0.1189E+01
 -4.477  0.8773E+00  0.1190E+01
 -4.476  0.8769E+00  0.1190E+01
 -4.475  0.8764E+00  0.1191E+01
 -4.474  0.8760E+00  0.1192E+01
 -4.473  0.8755E+00  0.1193E+01
 -4.472  0.8751E+00  0.1194E+01
 -4.471  0.8747E+00  0.1195E+01
 -4.470  0.8742E+00  0.1196E+01
 -4.469  0.8738E+00  0.1197E+01
 -4.468  0.8734E+00  0.1197E+01
 -4.467  0.8730E+00  0.1198E+01
 -4.466  0.8726E+00  0.1199E+01
 -4.465  0.8722E+00  0.1200E+01
 -4.464  0.8716E+00  0.1201E+01
 -4.463  0.8711E+00  0.1202E+01
 -4.462  0.8705E+00  0.1203E+01
 -4.461  0.8700E+00  0.1203E+01
 -4.460  0.8695E+00  0.1204E+01
 -4.459  0.8690E+00  0.1205E+01
 -4.458  0.8685E+00  0.1206E+01
 -4.457  0.8680E+00  0.1207E+01
 -4.456  0.8676E+00  0.1208E+01
 -4.455  0.8671E+00  0.1209E+01
 -4.454  0.8667E+00  0.1210E+01
 -4.453  0.8663E+00  0.1210E+01
 -4.452  0.8659E+00  0.1211E+01
 -4.451  0.8655E+00  0.1212E+01
 -4.450  0.8650E+00  0.1213E+01
 -4.449  0.8646E+00  0.1214E+01
 -4.448  0.8642E+00  0.1215E+01
 -4.447  0.8638E+00  0.1216E+01
 -4.446  0.8634E+00  0.1216E+01
 -4.445  0.8630E+00  0.1217E+01
 -4.444  0.8626E+00  0.1218E+01
 -4.443  0.8622E+00  0.1219E+01
 -4.442  0.8618E+00  0.1220E+01
 -4.441  0.8614E+00  0.1221E+01
 -4.440  0.8610E+00  0.1222E+01
 -4.439  0.8606E+00  0.1223E+01
 -4.438  0.8602E+00  0.1223E+01
 -4.437  0.8598E+00  0.1224E+01
 -4.436  0.8594E+00  0.1225E+01
 -4.435  0.8590E+00  0.1226E+01
 -4.434  0.8586E+00  0.1227E+01
 -4.433  0.8582E+00  0.1228E+01
 -4.432  0.8578E+00  0.1229E+01
 -4.431  0.8574E+00  0.1229E+01
 -4.430  0.8570E+00  0.1230E+01
 -4.429  0.8566E+00  0.1231E+01
 -4.428  0.8562E+00  0.1232E+01
 -4.427  0.8558E+00  0.1233E+01
 -4.426  0.8554E+00  0.1234E+01
 -4.425  0.8550E+00  0.1235E+01
 -4.424  0.8546E+00  0.1235E+01
 -4.423  0.8543E+00  0.1236E+01
 -4.422  0.8539E+00  0.1237E+01
 -4.421  0.8534E+00  0.1238E+01
 -4.420  0.8530E+00  0.1239E+01
 -4.419  0.8526E+00  0.1240E+01
 -4.418  0.8522E+00  0.1241E+01
 -4.417  0.8519E+00  0.1241E+01
 -4.416  0.8515E+00  0.1242E+01
 -4.415  0.8512E+00  0.1243E+01
 -4.414  0.8509E+00  0.1244E+01
 -4.413  0.8506E+00  0.1245E+01
 -4.412  0.8504E+00  0.1246E+01
 -4.411  0.8501E+00  0.1246E+01
 -4.410  0.8499E+00  0.1247E+01
 -4.409  0.8496E+00  0.1248E+01
 -4.408  0.8493E+00  0.1249E+01
 -4.407  0.8491E+00  0.1250E+01
 -4.406  0.8488E+00  0.1251E+01
 -4.405  0.8485E+00  0.1252E+01
 -4.404  0.8482E+00  0.1252E+01
 -4.403  0.8479E+00  0.1253E+01
 -4.402  0.8476E+00  0.1254E+01
 -4.401  0.8474E+00  0.1255E+01
 -4.400  0.8471E+00  0.1256E+01
 -4.399  0.8468E+00  0.1257E+01
 -4.398  0.8465E+00  0.1257E+01
 -4.397  0.8462E+00  0.1258E+01
 -4.396  0.8458E+00  0.1259E+01
 -4.395  0.8455E+00  0.1260E+01
 -4.394  0.8452E+00  0.1261E+01
 -4.393  0.8449E+00  0.1262E+01
 -4.392  0.8445E+00  0.1263E+01
 -4.391  0.8442E+00  0.1263E+01
 -4.390  0.8438E+00  0.1264E+01
 -4.389  0.8435E+00  0.1265E+01
 -4.388  0.8431E+00  0.1266E+01
 -4.387  0.8427E+00  0.1267E+01
 -4.386  0.8423E+00  0.1268E+01
 -4.385  0.8420E+00  0.1268E+01
 -4.384  0.8416E+00  0.1269E+01
 -4.383  0.8412E+00  0.1270E+01
 -4.382  0.8408E+00  0.1271E+01
 -4.381  0.8404E+00  0.1272E+01
 -4.380  0.8399E+00  0.1273E+01
 -4.379  0.8395E+00  0.1274E+01
 -4.378  0.8391E+00  0.1274E+01
 -4.377  0.8387E+00  0.1275E+01
 -4.376  0.8382E+00  0.1276E+01
 -4.375  0.8378E+00  0.1277E+01
 -4.374  0.8373E+00  0.1278E+01
 -4.373  0.8368E+00  0.1279E+01
 -4.372  0.8364E+00  0.1279E+01
 -4.371  0.8359E+00  0.1280E+01
 -4.370  0.8354E+00  0.1281E+01
 -4.369  0.8349E+00  0.1282E+01
 -4.368  0.8344E+00  0.1283E+01
 -4.367  0.8339E+00  0.1284E+01
 -4.366  0.8334E+00  0.1284E+01
 -4.365  0.8329E+00  0.1285E+01
 -4.364  0.8323E+00  0.1286E+01
 -4.363  0.8318E+00  0.1287E+01
 -4.362  0.8312E+00  0.1288E+01
 -4.361  0.8306E+00  0.1289E+01
 -4.360  0.8299E+00  0.1289E+01
 -4.359  0.8290E+00  0.1290E+01
 -4.358  0.8280E+00  0.1291E+01
 -4.357  0.8274E+00  0.1292E+01
 -4.356  0.8271E+00  0.1293E+01
 -4.355  0.8268E+00  0.1294E+01
 -4.354  0.8264E+00  0.1294E+01
 -4.353  0.8261E+00  0.1295E+01
 -4.352  0.8258E+00  0.1296E+01
 -4.351  0.8254E+00  0.1297E+01
 -4.350  0.8251E+00  0.1298E+01
 -4.349  0.8247E+00  0.1298E+01
 -4.348  0.8244E+00  0.1299E+01
 -4.347  0.8240E+00  0.1300E+01
 -4.346  0.8237E+00  0.1301E+01
 -4.345  0.8233E+00  0.1302E+01
 -4.344  0.8229E+00  0.1303E+01
 -4.343  0.8226E+00  0.1303E+01
 -4.342  0.8222E+00  0.1304E+01
 -4.341  0.8218E+00  0.1305E+01
 -4.340  0.8214E+00  0.1306E+01
 -4.339  0.8210E+00  0.1307E+01
 -4.338  0.8206E+00  0.1308E+01
 -4.337  0.8202E+00  0.1308E+01
 -4.336  0.8198E+00  0.1309E+01
 -4.335  0.8195E+00  0.1310E+01
 -4.334  0.8191E+00  0.1311E+01
 -4.333  0.8187E+00  0.1312E+01
 -4.332  0.8183E+00  0.1312E+01
 -4.331  0.8179E+00  0.1313E+01
 -4.330  0.8176E+00  0.1314E+01
 -4.329  0.8172E+00  0.1315E+01
 -4.328  0.8168E+00  0.1316E+01
 -4.327  0.8165E+00  0.1317E+01
 -4.326  0.8162E+00  0.1317E+01
 -4.325  0.8158E+00  0.1318E+01
 -4.324  0.8155E+00  0.1319E+01
 -4.323  0.8152E+00  0.1320E+01
 -4.322  0.8148E+00  0.1321E+01
 -4.321  0.8145E+00  0.1321E+01
 -4.320  0.8142E+00  0.1322E+01
 -4.319  0.8138E+00  0.1323E+01
 -4.318  0.8135E+00  0.1324E+01
 -4.317  0.8132E+00  0.1325E+01
 -4.316  0.8128E+00  0.1325E+01
 -4.315  0.8125E+00  0.1326E+01
 -4.314  0.8122E+00  0.1327E+01
 -4.313  0.8119E+00  0.1328E+01
 -4.312  0.8116E+00  0.1329E+01
 -4.311  0.8112E+00  0.1330E+01
 -4.310  0.8109E+00  0.1330E+01
 -4.309  0.8106E+00  0.1331E+01
 -4.308  0.8103E+00  0.1332E+01
 -4.307  0.8100E+00  0.1333E+01
 -4.306  0.8097E+00  0.1334E+01
 -4.305  0.8094E+00  0.1334E+01
 -4.304  0.8091E+00  0.1335E+01
 -4.303  0.8088E+00  0.1336E+01
 -4.302  0.8085E+00  0.1337E+01
 -4.301  0.8083E+00  0.1338E+01
 -4.300  0.8080E+00  0.1338E+01
 -4.299  0.8077E+00  0.1339E+01
 -4.298  0.8074E+00  0.1340E+01
 -4.297  0.8071E+00  0.1341E+01
 -4.296  0.8069E+00  0.1342E+01
 -4.295  0.8066E+00  0.1342E+01
 -4.294  0.8063E+00  0.1343E+01
 -4.293  0.8060E+00  0.1344E+01
 -4.292  0.8058E+00  0.1345E+01
 -4.291  0.8054E+00  0.1346E+01
 -4.290  0.8049E+00  0.1346E+01
 -4.289  0.8044E+00  0.1347E+01
 -4.288  0.8039E+00  0.1348E+01
 -4.287  0.8034E+00  0.1349E+01
 -4.286  0.8029E+00  0.1350E+01
 -4.285  0.8024E+00  0.1351E+01
 -4.284  0.8020E+00  0.1351E+01
 -4.283  0.8015E+00  0.1352E+01
 -4.282  0.8010E+00  0.1353E+01
 -4.281  0.8006E+00  0.1354E+01
 -4.280  0.8001E+00  0.1355E+01
 -4.279  0.7996E+00  0.1355E+01
 -4.278  0.7992E+00  0.1356E+01
 -4.277  0.7987E+00  0.1357E+01
 -4.276  0.7983E+00  0.1358E+01
 -4.275  0.7978E+00  0.1359E+01
 -4.274  0.7974E+00  0.1359E+01
 -4.273  0.7969E+00  0.1360E+01
 -4.272  0.7965E+00  0.1361E+01
 -4.271  0.7961E+00  0.1362E+01
 -4.270  0.7956E+00  0.1362E+01
 -4.269  0.7952E+00  0.1363E+01
 -4.268  0.7947E+00  0.1364E+01
 -4.267  0.7943E+00  0.1365E+01
 -4.266  0.7938E+00  0.1366E+01
 -4.265  0.7933E+00  0.1366E+01
 -4.264  0.7929E+00  0.1367E+01
 -4.263  0.7924E+00  0.1368E+01
 -4.262  0.7919E+00  0.1369E+01
 -4.261  0.7915E+00  0.1370E+01
 -4.260  0.7910E+00  0.1370E+01
 -4.259  0.7906E+00  0.1371E+01
 -4.258  0.7901E+00  0.1372E+01
 -4.257  0.7897E+00  0.1373E+01
 -4.256  0.7892E+00  0.1374E+01
 -4.255  0.7888E+00  0.1374E+01
 -4.254  0.7883E+00  0.1375E+01
 -4.253  0.7879E+00  0.1376E+01
 -4.252  0.7874E+00  0.1377E+01
 -4.251  0.7870E+00  0.1378E+01
 -4.250  0.7866E+00  0.1378E+01
 -4.249  0.7861E+00  0.1379E+01
 -4.248  0.7857E+00  0.1380E+01
 -4.247  0.7852E+00  0.1381E+01
 -4.246  0.7848E+00  0.1381E+01
 -4.245  0.7844E+00  0.1382E+01
 -4.244  0.7840E+00  0.1383E+01
 -4.243  0.7837E+00  0.1384E+01
 -4.242  0.7833E+00  0.1385E+01
 -4.241  0.7830E+00  0.1385E+01
 -4.240  0.7826E+00  0.1386E+01
 -4.239  0.7823E+00  0.1387E+01
 -4.238  0.7819E+00  0.1388E+01
 -4.237  0.7816E+00  0.1388E+01
 -4.236  0.7812E+00  0.1389E+01
 -4.235  0.7809E+00  0.1390E+01
 -4.234  0.7805E+00  0.1391E+01
 -4.233  0.7802E+00  0.1392E+01
 -4.232  0.7799E+00  0.1392E+01
 -4.231  0.7795E+00  0.1393E+01
 -4.230  0.7792E+00  0.1394E+01
 -4.229  0.7789E+00  0.1395E+01
 -4.228  0.7785E+00  0.1396E+01
 -4.227  0.7782E+00  0.1396E+01
 -4.226  0.7779E+00  0.1397E+01
 -4.225  0.7775E+00  0.1398E+01
 -4.224  0.7772E+00  0.1399E+01
 -4.223  0.7769E+00  0.1399E+01
 -4.222  0.7765E+00  0.1400E+01
 -4.221  0.7762E+00  0.1401E+01
 -4.220  0.7759E+00  0.1402E+01
 -4.219  0.7755E+00  0.1403E+01
 -4.218  0.7752E+00  0.1403E+01
 -4.217  0.7749E+00  0.1404E+01
 -4.216  0.7746E+00  0.1405E+01
 -4.215  0.7742E+00  0.1406E+01
 -4.214  0.7739E+00  0.1406E+01
 -4.213  0.7736E+00  0.1407E+01
 -4.212  0.7732E+00  0.1408E+01
 -4.211  0.7729E+00  0.1409E+01
 -4.210  0.7726E+00  0.1409E+01
 -4.209  0.7722E+00  0.1410E+01
 -4.208  0.7719E+00  0.1411E+01
 -4.207  0.7716E+00  0.1412E+01
 -4.206  0.7712E+00  0.1413E+01
 -4.205  0.7709E+00  0.1413E+01
 -4.204  0.7706E+00  0.1414E+01
 -4.203  0.7702E+00  0.1415E+01
 -4.202  0.7699E+00  0.1416E+01
 -4.201  0.7695E+00  0.1416E+01
 -4.200  0.7691E+00  0.1417E+01
 -4.199  0.7688E+00  0.1418E+01
 -4.198  0.7684E+00  0.1419E+01
 -4.197  0.7680E+00  0.1419E+01
 -4.196  0.7676E+00  0.1420E+01
 -4.195  0.7671E+00  0.1421E+01
 -4.194  0.7667E+00  0.1422E+01
 -4.193  0.7662E+00  0.1423E+01
 -4.192  0.7658E+00  0.1423E+01
 -4.191  0.7654E+00  0.1424E+01
 -4.190  0.7649E+00  0.1425E+01
 -4.189  0.7645E+00  0.1426E+01
 -4.188  0.7641E+00  0.1426E+01
 -4.187  0.7636E+00  0.1427E+01
 -4.186  0.7632E+00  0.1428E+01
 -4.185  0.7628E+00  0.1429E+01
 -4.184  0.7623E+00  0.1429E+01
 -4.183  0.7619E+00  0.1430E+01
 -4.182  0.7614E+00  0.1431E+01
 -4.181  0.7609E+00  0.1432E+01
 -4.180  0.7605E+00  0.1432E+01
 -4.179  0.7600E+00  0.1433E+01
 -4.178  0.7595E+00  0.1434E+01
 -4.177  0.7590E+00  0.1435E+01
 -4.176  0.7585E+00  0.1436E+01
 -4.175  0.7579E+00  0.1436E+01
 -4.174  0.7574E+00  0.1437E+01
 -4.173  0.7568E+00  0.1438E+01
 -4.172  0.7563E+00  0.1439E+01
 -4.171  0.7557E+00  0.1439E+01
 -4.170  0.7552E+00  0.1440E+01
 -4.169  0.7546E+00  0.1441E+01
 -4.168  0.7541E+00  0.1442E+01
 -4.167  0.7535E+00  0.1442E+01
 -4.166  0.7530E+00  0.1443E+01
 -4.165  0.7525E+00  0.1444E+01
 -4.164  0.7519E+00  0.1445E+01
 -4.163  0.7514E+00  0.1445E+01
 -4.162  0.7508E+00  0.1446E+01
 -4.161  0.7503E+00  0.1447E+01
 -4.160  0.7497E+00  0.1448E+01
 -4.159  0.7492E+00  0.1448E+01
 -4.158  0.7487E+00  0.1449E+01
 -4.157  0.7481E+00  0.1450E+01
 -4.156  0.7476E+00  0.1451E+01
 -4.155  0.7471E+00  0.1451E+01
 -4.154  0.7465E+00  0.1452E+01
 -4.153  0.7460E+00  0.1453E+01
 -4.152  0.7455E+00  0.1454E+01
 -4.151  0.7450E+00  0.1454E+01
 -4.150  0.7445E+00  0.1455E+01
 -4.149  0.7440E+00  0.1456E+01
 -4.148  0.7435E+00  0.1457E+01
 -4.147  0.7430E+00  0.1457E+01
 -4.146  0.7425E+00  0.1458E+01
 -4.145  0.7420E+00  0.1459E+01
 -4.144  0.7415E+00  0.1459E+01
 -4.143  0.7410E+00  0.1460E+01
 -4.142  0.7406E+00  0.1461E+01
 -4.141  0.7401E+00  0.1462E+01
 -4.140  0.7396E+00  0.1462E+01
 -4.139  0.7392E+00  0.1463E+01
 -4.138  0.7387E+00  0.1464E+01
 -4.137  0.7382E+00  0.1465E+01
 -4.136  0.7378E+00  0.1465E+01
 -4.135  0.7373E+00  0.1466E+01
 -4.134  0.7369E+00  0.1467E+01
 -4.133  0.7364E+00  0.1468E+01
 -4.132  0.7360E+00  0.1468E+01
 -4.131  0.7356E+00  0.1469E+01
 -4.130  0.7351E+00  0.1470E+01
 -4.129  0.7347E+00  0.1471E+01
 -4.128  0.7343E+00  0.1471E+01
 -4.127  0.7338E+00  0.1472E+01
 -4.126  0.7334E+00  0.1473E+01
 -4.125  0.7330E+00  0.1473E+01
 -4.124  0.7326E+00  0.1474E+01
 -4.123  0.7323E+00  0.1475E+01
 -4.122  0.7322E+00  0.1476E+01
 -4.121  0.7320E+00  0.1476E+01
 -4.120  0.7319E+00  0.1477E+01
 -4.119  0.7317E+00  0.1478E+01
 -4.118  0.7315E+00  0.1479E+01
 -4.117  0.7313E+00  0.1479E+01
 -4.116  0.7311E+00  0.1480E+01
 -4.115  0.7309E+00  0.1481E+01
 -4.114  0.7306E+00  0.1482E+01
 -4.113  0.7304E+00  0.1482E+01
 -4.112  0.7301E+00  0.1483E+01
 -4.111  0.7299E+00  0.1484E+01
 -4.110  0.7296E+00  0.1484E+01
 -4.109  0.7293E+00  0.1485E+01
 -4.108  0.7290E+00  0.1486E+01
 -4.107  0.7287E+00  0.1487E+01
 -4.106  0.7284E+00  0.1487E+01
 -4.105  0.7281E+00  0.1488E+01
 -4.104  0.7277E+00  0.1489E+01
 -4.103  0.7273E+00  0.1490E+01
 -4.102  0.7269E+00  0.1490E+01
 -4.101  0.7265E+00  0.1491E+01
 -4.100  0.7260E+00  0.1492E+01
 -4.099  0.7256E+00  0.1492E+01
 -4.098  0.7252E+00  0.1493E+01
 -4.097  0.7247E+00  0.1494E+01
 -4.096  0.7243E+00  0.1495E+01
 -4.095  0.7239E+00  0.1495E+01
 -4.094  0.7235E+00  0.1496E+01
 -4.093  0.7230E+00  0.1497E+01
 -4.092  0.7226E+00  0.1498E+01
 -4.091  0.7222E+00  0.1498E+01
 -4.090  0.7218E+00  0.1499E+01
 -4.089  0.7213E+00  0.1500E+01
 -4.088  0.7209E+00  0.1500E+01
 -4.087  0.7205E+00  0.1501E+01
 -4.086  0.7201E+00  0.1502E+01
 -4.085  0.7196E+00  0.1503E+01
 -4.084  0.7192E+00  0.1503E+01
 -4.083  0.7188E+00  0.1504E+01
 -4.082  0.7183E+00  0.1505E+01
 -4.081  0.7179E+00  0.1505E+01
 -4.080  0.7175E+00  0.1506E+01
 -4.079  0.7171E+00  0.1507E+01
 -4.078  0.7166E+00  0.1508E+01
 -4.077  0.7162E+00  0.1508E+01
 -4.076  0.7158E+00  0.1509E+01
 -4.075  0.7154E+00  0.1510E+01
 -4.074  0.7150E+00  0.1510E+01
 -4.073  0.7146E+00  0.1511E+01
 -4.072  0.7141E+00  0.1512E+01
 -4.071  0.7137E+00  0.1513E+01
 -4.070  0.7133E+00  0.1513E+01
 -4.069  0.7129E+00  0.1514E+01
 -4.068  0.7125E+00  0.1515E+01
 -4.067  0.7121E+00  0.1515E+01
 -4.066  0.7117E+00  0.1516E+01
 -4.065  0.7113E+00  0.1517E+01
 -4.064  0.7109E+00  0.1518E+01
 -4.063  0.7105E+00  0.1518E+01
 -4.062  0.7102E+00  0.1519E+01
 -4.061  0.7098E+00  0.1520E+01
 -4.060  0.7094E+00  0.1520E+01
 -4.059  0.7090E+00  0.1521E+01
 -4.058  0.7086E+00  0.1522E+01
 -4.057  0.7082E+00  0.1523E+01
 -4.056  0.7078E+00  0.1523E+01
 -4.055  0.7074E+00  0.1524E+01
 -4.054  0.7071E+00  0.1525E+01
 -4.053  0.7067E+00  0.1525E+01
 -4.052  0.7063E+00  0.1526E+01
 -4.051  0.7060E+00  0.1527E+01
 -4.050  0.7056E+00  0.1528E+01
 -4.049  0.7052E+00  0.1528E+01
 -4.048  0.7049E+00  0.1529E+01
 -4.047  0.7045E+00  0.1530E+01
 -4.046  0.7042E+00  0.1530E+01
 -4.045  0.7038E+00  0.1531E+01
 -4.044  0.7035E+00  0.1532E+01
 -4.043  0.7031E+00  0.1532E+01
 -4.042  0.7028E+00  0.1533E+01
 -4.041  0.7024E+00  0.1534E+01
 -4.040  0.7020E+00  0.1535E+01
 -4.039  0.7017E+00  0.1535E+01
 -4.038  0.7013E+00  0.1536E+01
 -4.037  0.7010E+00  0.1537E+01
 -4.036  0.7006E+00  0.1537E+01
 -4.035  0.7003E+00  0.1538E+01
 -4.034  0.6999E+00  0.1539E+01
 -4.033  0.6996E+00  0.1539E+01
 -4.032  0.6992E+00  0.1540E+01
 -4.031  0.6989E+00  0.1541E+01
 -4.030  0.6985E+00  0.1542E+01
 -4.029  0.6982E+00  0.1542E+01
 -4.028  0.6978E+00  0.1543E+01
 -4.027  0.6975E+00  0.1544E+01
 -4.026  0.6971E+00  0.1544E+01
 -4.025  0.6968E+00  0.1545E+01
 -4.024  0.6965E+00  0.1546E+01
 -4.023  0.6961E+00  0.1546E+01
 -4.022  0.6959E+00  0.1547E+01
 -4.021  0.6957E+00  0.1548E+01
 -4.020  0.6955E+00  0.1549E+01
 -4.019  0.6951E+00  0.1549E+01
 -4.018  0.6946E+00  0.1550E+01
 -4.017  0.6941E+00  0.1551E+01
 -4.016  0.6936E+00  0.1551E+01
 -4.015  0.6931E+00  0.1552E+01
 -4.014  0.6926E+00  0.1553E+01
 -4.013  0.6921E+00  0.1553E+01
 -4.012  0.6916E+00  0.1554E+01
 -4.011  0.6911E+00  0.1555E+01
 -4.010  0.6906E+00  0.1555E+01
 -4.009  0.6901E+00  0.1556E+01
 -4.008  0.6897E+00  0.1557E+01
 -4.007  0.6892E+00  0.1558E+01
 -4.006  0.6888E+00  0.1558E+01
 -4.005  0.6883E+00  0.1559E+01
 -4.004  0.6879E+00  0.1560E+01
 -4.003  0.6875E+00  0.1560E+01
 -4.002  0.6871E+00  0.1561E+01
 -4.001  0.6866E+00  0.1562E+01
 -4.000  0.6862E+00  0.1562E+01
 -3.999  0.6858E+00  0.1563E+01
 -3.998  0.6854E+00  0.1564E+01
 -3.997  0.6850E+00  0.1564E+01
 -3.996  0.6846E+00  0.1565E+01
 -3.995  0.6843E+00  0.1566E+01
 -3.994  0.6839E+00  0.1566E+01
 -3.993  0.6836E+00  0.1567E+01
 -3.992  0.6832E+00  0.1568E+01
 -3.991  0.6829E+00  0.1568E+01
 -3.990  0.6826E+00  0.1569E+01
 -3.989  0.6822E+00  0.1570E+01
 -3.988  0.6819E+00  0.1571E+01
 -3.987  0.6815E+00  0.1571E+01
 -3.986  0.6812E+00  0.1572E+01
 -3.985  0.6808E+00  0.1573E+01
 -3.984  0.6805E+00  0.1573E+01
 -3.983  0.6801E+00  0.1574E+01
 -3.982  0.6798E+00  0.1575E+01
 -3.981  0.6794E+00  0.1575E+01
 -3.980  0.6790E+00  0.1576E+01
 -3.979  0.6787E+00  0.1577E+01
 -3.978  0.6783E+00  0.1577E+01
 -3.977  0.6779E+00  0.1578E+01
 -3.976  0.6775E+00  0.1579E+01
 -3.975  0.6772E+00  0.1579E+01
 -3.974  0.6768E+00  0.1580E+01
 -3.973  0.6764E+00  0.1581E+01
 -3.972  0.6760E+00  0.1581E+01
 -3.971  0.6756E+00  0.1582E+01
 -3.970  0.6752E+00  0.1583E+01
 -3.969  0.6748E+00  0.1583E+01
 -3.968  0.6744E+00  0.1584E+01
 -3.967  0.6740E+00  0.1585E+01
 -3.966  0.6735E+00  0.1585E+01
 -3.965  0.6731E+00  0.1586E+01
 -3.964  0.6727E+00  0.1587E+01
 -3.963  0.6723E+00  0.1587E+01
 -3.962  0.6718E+00  0.1588E+01
 -3.961  0.6714E+00  0.1589E+01
 -3.960  0.6710E+00  0.1589E+01
 -3.959  0.6705E+00  0.1590E+01
 -3.958  0.6701E+00  0.1591E+01
 -3.957  0.6697E+00  0.1591E+01
 -3.956  0.6692E+00  0.1592E+01
 -3.955  0.6688E+00  0.1593E+01
 -3.954  0.6683E+00  0.1593E+01
 -3.953  0.6679E+00  0.1594E+01
 -3.952  0.6674E+00  0.1595E+01
 -3.951  0.6670E+00  0.1595E+01
 -3.950  0.6665E+00  0.1596E+01
 -3.949  0.6660E+00  0.1597E+01
 -3.948  0.6656E+00  0.1597E+01
 -3.947  0.6651E+00  0.1598E+01
 -3.946  0.6646E+00  0.1599E+01
 -3.945  0.6641E+00  0.1599E+01
 -3.944  0.6637E+00  0.1600E+01
 -3.943  0.6632E+00  0.1601E+01
 -3.942  0.6627E+00  0.1601E+01
 -3.941  0.6622E+00  0.1602E+01
 -3.940  0.6617E+00  0.1603E+01
 -3.939  0.6612E+00  0.1603E+01
 -3.938  0.6607E+00  0.1604E+01
 -3.937  0.6602E+00  0.1605E+01
 -3.936  0.6597E+00  0.1605E+01
 -3.935  0.6592E+00  0.1606E+01
 -3.934  0.6587E+00  0.1607E+01
 -3.933  0.6582E+00  0.1607E+01
 -3.932  0.6577E+00  0.1608E+01
 -3.931  0.6571E+00  0.1609E+01
 -3.930  0.6566E+00  0.1609E+01
 -3.929  0.6561E+00  0.1610E+01
 -3.928  0.6556E+00  0.1611E+01
 -3.927  0.6551E+00  0.1611E+01
 -3.926  0.6546E+00  0.1612E+01
 -3.925  0.6541E+00  0.1613E+01
 -3.924  0.6536E+00  0.1613E+01
 -3.923  0.6531E+00  0.1614E+01
 -3.922  0.6526E+00  0.1615E+01
 -3.921  0.6521E+00  0.1615E+01
 -3.920  0.6516E+00  0.1616E+01
 -3.919  0.6511E+00  0.1617E+01
 -3.918  0.6506E+00  0.1617E+01
 -3.917  0.6501E+00  0.1618E+01
 -3.916  0.6495E+00  0.1619E+01
 -3.915  0.6490E+00  0.1619E+01
 -3.914  0.6485E+00  0.1620E+01
 -3.913  0.6480E+00  0.1620E+01
 -3.912  0.6475E+00  0.1621E+01
 -3.911  0.6470E+00  0.1622E+01
 -3.910  0.6466E+00  0.1622E+01
 -3.909  0.6461E+00  0.1623E+01
 -3.908  0.6456E+00  0.1624E+01
 -3.907  0.6451E+00  0.1624E+01
 -3.906  0.6446E+00  0.1625E+01
 -3.905  0.6441E+00  0.1626E+01
 -3.904  0.6436E+00  0.1626E+01
 -3.903  0.6431E+00  0.1627E+01
 -3.902  0.6426E+00  0.1628E+01
 -3.901  0.6421E+00  0.1628E+01
 -3.900  0.6416E+00  0.1629E+01
 -3.899  0.6411E+00  0.1629E+01
 -3.898  0.6406E+00  0.1630E+01
 -3.897  0.6401E+00  0.1631E+01
 -3.896  0.6396E+00  0.1631E+01
 -3.895  0.6391E+00  0.1632E+01
 -3.894  0.6387E+00  0.1633E+01
 -3.893  0.6382E+00  0.1633E+01
 -3.892  0.6378E+00  0.1634E+01
 -3.891  0.6374E+00  0.1635E+01
 -3.890  0.6370E+00  0.1635E+01
 -3.889  0.6366E+00  0.1636E+01
 -3.888  0.6362E+00  0.1637E+01
 -3.887  0.6359E+00  0.1637E+01
 -3.886  0.6355E+00  0.1638E+01
 -3.885  0.6352E+00  0.1638E+01
 -3.884  0.6349E+00  0.1639E+01
 -3.883  0.6346E+00  0.1640E+01
 -3.882  0.6343E+00  0.1640E+01
 -3.881  0.6340E+00  0.1641E+01
 -3.880  0.6337E+00  0.1642E+01
 -3.879  0.6335E+00  0.1642E+01
 -3.878  0.6332E+00  0.1643E+01
 -3.877  0.6330E+00  0.1643E+01
 -3.876  0.6328E+00  0.1644E+01
 -3.875  0.6326E+00  0.1645E+01
 -3.874  0.6324E+00  0.1645E+01
 -3.873  0.6320E+00  0.1646E+01
 -3.872  0.6315E+00  0.1647E+01
 -3.871  0.6311E+00  0.1647E+01
 -3.870  0.6306E+00  0.1648E+01
 -3.869  0.6302E+00  0.1649E+01
 -3.868  0.6297E+00  0.1649E+01
 -3.867  0.6293E+00  0.1650E+01
 -3.866  0.6288E+00  0.1650E+01
 -3.865  0.6284E+00  0.1651E+01
 -3.864  0.6279E+00  0.1652E+01
 -3.863  0.6275E+00  0.1652E+01
 -3.862  0.6270E+00  0.1653E+01
 -3.861  0.6266E+00  0.1654E+01
 -3.860  0.6261E+00  0.1654E+01
 -3.859  0.6257E+00  0.1655E+01
 -3.858  0.6253E+00  0.1655E+01
 -3.857  0.6248E+00  0.1656E+01
 -3.856  0.6244E+00  0.1657E+01
 -3.855  0.6240E+00  0.1657E+01
 -3.854  0.6235E+00  0.1658E+01
 -3.853  0.6231E+00  0.1659E+01
 -3.852  0.6227E+00  0.1659E+01
 -3.851  0.6223E+00  0.1660E+01
 -3.850  0.6219E+00  0.1660E+01
 -3.849  0.6214E+00  0.1661E+01
 -3.848  0.6210E+00  0.1662E+01
 -3.847  0.6206E+00  0.1662E+01
 -3.846  0.6202E+00  0.1663E+01
 -3.845  0.6197E+00  0.1664E+01
 -3.844  0.6193E+00  0.1664E+01
 -3.843  0.6189E+00  0.1665E+01
 -3.842  0.6185E+00  0.1665E+01
 -3.841  0.6181E+00  0.1666E+01
 -3.840  0.6177E+00  0.1667E+01
 -3.839  0.6172E+00  0.1667E+01
 -3.838  0.6168E+00  0.1668E+01
 -3.837  0.6164E+00  0.1668E+01
 -3.836  0.6160E+00  0.1669E+01
 -3.835  0.6156E+00  0.1670E+01
 -3.834  0.6152E+00  0.1670E+01
 -3.833  0.6147E+00  0.1671E+01
 -3.832  0.6143E+00  0.1672E+01
 -3.831  0.6139E+00  0.1672E+01
 -3.830  0.6135E+00  0.1673E+01
 -3.829  0.6131E+00  0.1673E+01
 -3.828  0.6127E+00  0.1674E+01
 -3.827  0.6122E+00  0.1675E+01
 -3.826  0.6118E+00  0.1675E+01
 -3.825  0.6114E+00  0.1676E+01
 -3.824  0.6110E+00  0.1676E+01
 -3.823  0.6106E+00  0.1677E+01
 -3.822  0.6102E+00  0.1678E+01
 -3.821  0.6097E+00  0.1678E+01
 -3.820  0.6093E+00  0.1679E+01
 -3.819  0.6089E+00  0.1679E+01
 -3.818  0.6085E+00  0.1680E+01
 -3.817  0.6081E+00  0.1681E+01
 -3.816  0.6077E+00  0.1681E+01
 -3.815  0.6072E+00  0.1682E+01
 -3.814  0.6068E+00  0.1683E+01
 -3.813  0.6064E+00  0.1683E+01
 -3.812  0.6060E+00  0.1684E+01
 -3.811  0.6056E+00  0.1684E+01
 -3.810  0.6052E+00  0.1685E+01
 -3.809  0.6048E+00  0.1686E+01
 -3.808  0.6044E+00  0.1686E+01
 -3.807  0.6040E+00  0.1687E+01
 -3.806  0.6036E+00  0.1687E+01
 -3.805  0.6032E+00  0.1688E+01
 -3.804  0.6028E+00  0.1689E+01
 -3.803  0.6024E+00  0.1689E+01
 -3.802  0.6021E+00  0.1690E+01
 -3.801  0.6017E+00  0.1690E+01
 -3.800  0.6013E+00  0.1691E+01
 -3.799  0.6010E+00  0.1692E+01
 -3.798  0.6006E+00  0.1692E+01
 -3.797  0.6002E+00  0.1693E+01
 -3.796  0.5999E+00  0.1693E+01
 -3.795  0.5996E+00  0.1694E+01
 -3.794  0.5992E+00  0.1695E+01
 -3.793  0.5989E+00  0.1695E+01
 -3.792  0.5986E+00  0.1696E+01
 -3.791  0.5983E+00  0.1696E+01
 -3.790  0.5980E+00  0.1697E+01
 -3.789  0.5977E+00  0.1698E+01
 -3.788  0.5974E+00  0.1698E+01
 -3.787  0.5971E+00  0.1699E+01
 -3.786  0.5968E+00  0.1699E+01
 -3.785  0.5965E+00  0.1700E+01
 -3.784  0.5962E+00  0.1701E+01
 -3.783  0.5960E+00  0.1701E+01
 -3.782  0.5957E+00  0.1702E+01
 -3.781  0.5954E+00  0.1702E+01
 -3.780  0.5952E+00  0.1703E+01
 -3.779  0.5949E+00  0.1704E+01
 -3.778  0.5947E+00  0.1704E+01
 -3.777  0.5944E+00  0.1705E+01
 -3.776  0.5942E+00  0.1705E+01
 -3.775  0.5940E+00  0.1706E+01
 -3.774  0.5937E+00  0.1707E+01
 -3.773  0.5935E+00  0.1707E+01
 -3.772  0.5931E+00  0.1708E+01
 -3.771  0.5928E+00  0.1708E+01
 -3.770  0.5924E+00  0.1709E+01
 -3.769  0.5921E+00  0.1709E+01
 -3.768  0.5917E+00  0.1710E+01
 -3.767  0.5913E+00  0.1711E+01
 -3.766  0.5908E+00  0.1711E+01
 -3.765  0.5904E+00  0.1712E+01
 -3.764  0.5899E+00  0.1712E+01
 -3.763  0.5894E+00  0.1713E+01
 -3.762  0.5889E+00  0.1714E+01
 -3.761  0.5884E+00  0.1714E+01
 -3.760  0.5879E+00  0.1715E+01
 -3.759  0.5873E+00  0.1715E+01
 -3.758  0.5867E+00  0.1716E+01
 -3.757  0.5860E+00  0.1717E+01
 -3.756  0.5850E+00  0.1717E+01
 -3.755  0.5840E+00  0.1718E+01
 -3.754  0.5828E+00  0.1718E+01
 -3.753  0.5815E+00  0.1719E+01
 -3.752  0.5808E+00  0.1719E+01
 -3.751  0.5805E+00  0.1720E+01
 -3.750  0.5802E+00  0.1721E+01
 -3.749  0.5799E+00  0.1721E+01
 -3.748  0.5795E+00  0.1722E+01
 -3.747  0.5792E+00  0.1722E+01
 -3.746  0.5789E+00  0.1723E+01
 -3.745  0.5785E+00  0.1724E+01
 -3.744  0.5782E+00  0.1724E+01
 -3.743  0.5778E+00  0.1725E+01
 -3.742  0.5774E+00  0.1725E+01
 -3.741  0.5771E+00  0.1726E+01
 -3.740  0.5767E+00  0.1726E+01
 -3.739  0.5763E+00  0.1727E+01
 -3.738  0.5760E+00  0.1728E+01
 -3.737  0.5756E+00  0.1728E+01
 -3.736  0.5752E+00  0.1729E+01
 -3.735  0.5748E+00  0.1729E+01
 -3.734  0.5744E+00  0.1730E+01
 -3.733  0.5740E+00  0.1730E+01
 -3.732  0.5736E+00  0.1731E+01
 -3.731  0.5732E+00  0.1732E+01
 -3.730  0.5727E+00  0.1732E+01
 -3.729  0.5723E+00  0.1733E+01
 -3.728  0.5719E+00  0.1733E+01
 -3.727  0.5715E+00  0.1734E+01
 -3.726  0.5710E+00  0.1734E+01
 -3.725  0.5706E+00  0.1735E+01
 -3.724  0.5701E+00  0.1736E+01
 -3.723  0.5697E+00  0.1736E+01
 -3.722  0.5692E+00  0.1737E+01
 -3.721  0.5688E+00  0.1737E+01
 -3.720  0.5683E+00  0.1738E+01
 -3.719  0.5678E+00  0.1738E+01
 -3.718  0.5673E+00  0.1739E+01
 -3.717  0.5669E+00  0.1740E+01
 -3.716  0.5664E+00  0.1740E+01
 -3.715  0.5659E+00  0.1741E+01
 -3.714  0.5654E+00  0.1741E+01
 -3.713  0.5649E+00  0.1742E+01
 -3.712  0.5644E+00  0.1742E+01
 -3.711  0.5639E+00  0.1743E+01
 -3.710  0.5633E+00  0.1744E+01
 -3.709  0.5628E+00  0.1744E+01
 -3.708  0.5623E+00  0.1745E+01
 -3.707  0.5618E+00  0.1745E+01
 -3.706  0.5613E+00  0.1746E+01
 -3.705  0.5608E+00  0.1746E+01
 -3.704  0.5603E+00  0.1747E+01
 -3.703  0.5597E+00  0.1747E+01
 -3.702  0.5592E+00  0.1748E+01
 -3.701  0.5587E+00  0.1749E+01
 -3.700  0.5582E+00  0.1749E+01
 -3.699  0.5577E+00  0.1750E+01
 -3.698  0.5572E+00  0.1750E+01
 -3.697  0.5567E+00  0.1751E+01
 -3.696  0.5561E+00  0.1751E+01
 -3.695  0.5556E+00  0.1752E+01
 -3.694  0.5551E+00  0.1752E+01
 -3.693  0.5546E+00  0.1753E+01
 -3.692  0.5541E+00  0.1754E+01
 -3.691  0.5536E+00  0.1754E+01
 -3.690  0.5531E+00  0.1755E+01
 -3.689  0.5525E+00  0.1755E+01
 -3.688  0.5520E+00  0.1756E+01
 -3.687  0.5515E+00  0.1756E+01
 -3.686  0.5510E+00  0.1757E+01
 -3.685  0.5505E+00  0.1757E+01
 -3.684  0.5500E+00  0.1758E+01
 -3.683  0.5495E+00  0.1759E+01
 -3.682  0.5490E+00  0.1759E+01
 -3.681  0.5485E+00  0.1760E+01
 -3.680  0.5480E+00  0.1760E+01
 -3.679  0.5475E+00  0.1761E+01
 -3.678  0.5470E+00  0.1761E+01
 -3.677  0.5465E+00  0.1762E+01
 -3.676  0.5460E+00  0.1762E+01
 -3.675  0.5455E+00  0.1763E+01
 -3.674  0.5451E+00  0.1763E+01
 -3.673  0.5446E+00  0.1764E+01
 -3.672  0.5441E+00  0.1765E+01
 -3.671  0.5436E+00  0.1765E+01
 -3.670  0.5431E+00  0.1766E+01
 -3.669  0.5426E+00  0.1766E+01
 -3.668  0.5421E+00  0.1767E+01
 -3.667  0.5416E+00  0.1767E+01
 -3.666  0.5411E+00  0.1768E+01
 -3.665  0.5407E+00  0.1768E+01
 -3.664  0.5402E+00  0.1769E+01
 -3.663  0.5397E+00  0.1769E+01
 -3.662  0.5392E+00  0.1770E+01
 -3.661  0.5387E+00  0.1770E+01
 -3.660  0.5383E+00  0.1771E+01
 -3.659  0.5378E+00  0.1772E+01
 -3.658  0.5373E+00  0.1772E+01
 -3.657  0.5368E+00  0.1773E+01
 -3.656  0.5364E+00  0.1773E+01
 -3.655  0.5359E+00  0.1774E+01
 -3.654  0.5354E+00  0.1774E+01
 -3.653  0.5350E+00  0.1775E+01
 -3.652  0.5345E+00  0.1775E+01
 -3.651  0.5341E+00  0.1776E+01
 -3.650  0.5336E+00  0.1776E+01
 -3.649  0.5332E+00  0.1777E+01
 -3.648  0.5327E+00  0.1777E+01
 -3.647  0.5323E+00  0.1778E+01
 -3.646  0.5318E+00  0.1779E+01
 -3.645  0.5314E+00  0.1779E+01
 -3.644  0.5310E+00  0.1780E+01
 -3.643  0.5305E+00  0.1780E+01
 -3.642  0.5301E+00  0.1781E+01
 -3.641  0.5297E+00  0.1781E+01
 -3.640  0.5292E+00  0.1782E+01
 -3.639  0.5288E+00  0.1782E+01
 -3.638  0.5284E+00  0.1783E+01
 -3.637  0.5280E+00  0.1783E+01
 -3.636  0.5276E+00  0.1784E+01
 -3.635  0.5271E+00  0.1784E+01
 -3.634  0.5267E+00  0.1785E+01
 -3.633  0.5263E+00  0.1785E+01
 -3.632  0.5259E+00  0.1786E+01
 -3.631  0.5255E+00  0.1786E+01
 -3.630  0.5251E+00  0.1787E+01
 -3.629  0.5247E+00  0.1787E+01
 -3.628  0.5243E+00  0.1788E+01
 -3.627  0.5239E+00  0.1789E+01
 -3.626  0.5236E+00  0.1789E+01
 -3.625  0.5232E+00  0.1790E+01
 -3.624  0.5229E+00  0.1790E+01
 -3.623  0.5225E+00  0.1791E+01
 -3.622  0.5222E+00  0.1791E+01
 -3.621  0.5219E+00  0.1792E+01
 -3.620  0.5216E+00  0.1792E+01
 -3.619  0.5213E+00  0.1793E+01
 -3.618  0.5211E+00  0.1793E+01
 -3.617  0.5208E+00  0.1794E+01
 -3.616  0.5205E+00  0.1794E+01
 -3.615  0.5201E+00  0.1795E+01
 -3.614  0.5197E+00  0.1795E+01
 -3.613  0.5193E+00  0.1796E+01
 -3.612  0.5188E+00  0.1796E+01
 -3.611  0.5184E+00  0.1797E+01
 -3.610  0.5180E+00  0.1797E+01
 -3.609  0.5176E+00  0.1798E+01
 -3.608  0.5171E+00  0.1798E+01
 -3.607  0.5167E+00  0.1799E+01
 -3.606  0.5163E+00  0.1799E+01
 -3.605  0.5159E+00  0.1800E+01
 -3.604  0.5154E+00  0.1800E+01
 -3.603  0.5150E+00  0.1801E+01
 -3.602  0.5146E+00  0.1802E+01
 -3.601  0.5142E+00  0.1802E+01
 -3.600  0.5138E+00  0.1803E+01
 -3.599  0.5134E+00  0.1803E+01
 -3.598  0.5129E+00  0.1804E+01
 -3.597  0.5125E+00  0.1804E+01
 -3.596  0.5121E+00  0.1805E+01
 -3.595  0.5117E+00  0.1805E+01
 -3.594  0.5113E+00  0.1806E+01
 -3.593  0.5109E+00  0.1806E+01
 -3.592  0.5105E+00  0.1807E+01
 -3.591  0.5101E+00  0.1807E+01
 -3.590  0.5097E+00  0.1808E+01
 -3.589  0.5093E+00  0.1808E+01
 -3.588  0.5089E+00  0.1809E+01
 -3.587  0.5085E+00  0.1809E+01
 -3.586  0.5081E+00  0.1810E+01
 -3.585  0.5077E+00  0.1810E+01
 -3.584  0.5073E+00  0.1811E+01
 -3.583  0.5069E+00  0.1811E+01
 -3.582  0.5065E+00  0.1812E+01
 -3.581  0.5061E+00  0.1812E+01
 -3.580  0.5057E+00  0.1813E+01
 -3.579  0.5053E+00  0.1813E+01
 -3.578  0.5049E+00  0.1814E+01
 -3.577  0.5045E+00  0.1814E+01
 -3.576  0.5041E+00  0.1815E+01
 -3.575  0.5037E+00  0.1815E+01
 -3.574  0.5034E+00  0.1816E+01
 -3.573  0.5030E+00  0.1816E+01
 -3.572  0.5026E+00  0.1817E+01
 -3.571  0.5022E+00  0.1817E+01
 -3.570  0.5018E+00  0.1818E+01
 -3.569  0.5014E+00  0.1818E+01
 -3.568  0.5010E+00  0.1819E+01
 -3.567  0.5007E+00  0.1819E+01
 -3.566  0.5003E+00  0.1820E+01
 -3.565  0.4999E+00  0.1820E+01
 -3.564  0.4995E+00  0.1821E+01
 -3.563  0.4991E+00  0.1821E+01
 -3.562  0.4988E+00  0.1822E+01
 -3.561  0.4984E+00  0.1822E+01
 -3.560  0.4980E+00  0.1823E+01
 -3.559  0.4977E+00  0.1823E+01
 -3.558  0.4974E+00  0.1824E+01
 -3.557  0.4970E+00  0.1824E+01
 -3.556  0.4967E+00  0.1825E+01
 -3.555  0.4964E+00  0.1825E+01
 -3.554  0.4961E+00  0.1826E+01
 -3.553  0.4958E+00  0.1826E+01
 -3.552  0.4955E+00  0.1827E+01
 -3.551  0.4953E+00  0.1827E+01
 -3.550  0.4950E+00  0.1828E+01
 -3.549  0.4948E+00  0.1828E+01
 -3.548  0.4945E+00  0.1829E+01
 -3.547  0.4943E+00  0.1829E+01
 -3.546  0.4940E+00  0.1830E+01
 -3.545  0.4938E+00  0.1830E+01
 -3.544  0.4935E+00  0.1831E+01
 -3.543  0.4932E+00  0.1831E+01
 -3.542  0.4928E+00  0.1832E+01
 -3.541  0.4925E+00  0.1832E+01
 -3.540  0.4921E+00  0.1833E+01
 -3.539  0.4917E+00  0.1833E+01
 -3.538  0.4914E+00  0.1834E+01
 -3.537  0.4910E+00  0.1834E+01
 -3.536  0.4905E+00  0.1835E+01
 -3.535  0.4901E+00  0.1835E+01
 -3.534  0.4896E+00  0.1836E+01
 -3.533  0.4892E+00  0.1836E+01
 -3.532  0.4887E+00  0.1837E+01
 -3.531  0.4882E+00  0.1837E+01
 -3.530  0.4877E+00  0.1838E+01
 -3.529  0.4872E+00  0.1838E+01
 -3.528  0.4867E+00  0.1839E+01
 -3.527  0.4862E+00  0.1839E+01
 -3.526  0.4856E+00  0.1840E+01
 -3.525  0.4851E+00  0.1840E+01
 -3.524  0.4845E+00  0.1840E+01
 -3.523  0.4839E+00  0.1841E+01
 -3.522  0.4833E+00  0.1841E+01
 -3.521  0.4828E+00  0.1842E+01
 -3.520  0.4822E+00  0.1842E+01
 -3.519  0.4815E+00  0.1843E+01
 -3.518  0.4809E+00  0.1843E+01
 -3.517  0.4803E+00  0.1844E+01
 -3.516  0.4796E+00  0.1844E+01
 -3.515  0.4790E+00  0.1845E+01
 -3.514  0.4783E+00  0.1845E+01
 -3.513  0.4777E+00  0.1846E+01
 -3.512  0.4770E+00  0.1846E+01
 -3.511  0.4763E+00  0.1847E+01
 -3.510  0.4756E+00  0.1847E+01
 -3.509  0.4749E+00  0.1848E+01
 -3.508  0.4742E+00  0.1848E+01
 -3.507  0.4734E+00  0.1849E+01
 -3.506  0.4727E+00  0.1849E+01
 -3.505  0.4719E+00  0.1850E+01
 -3.504  0.4712E+00  0.1850E+01
 -3.503  0.4704E+00  0.1851E+01
 -3.502  0.4696E+00  0.1851E+01
 -3.501  0.4688E+00  0.1851E+01
 -3.500  0.4681E+00  0.1852E+01
 -3.499  0.4674E+00  0.1852E+01
 -3.498  0.4669E+00  0.1853E+01
 -3.497  0.4664E+00  0.1853E+01
 -3.496  0.4659E+00  0.1854E+01
 -3.495  0.4654E+00  0.1854E+01
 -3.494  0.4649E+00  0.1855E+01
 -3.493  0.4644E+00  0.1855E+01
 -3.492  0.4639E+00  0.1856E+01
 -3.491  0.4634E+00  0.1856E+01
 -3.490  0.4629E+00  0.1857E+01
 -3.489  0.4624E+00  0.1857E+01
 -3.488  0.4619E+00  0.1857E+01
 -3.487  0.4614E+00  0.1858E+01
 -3.486  0.4609E+00  0.1858E+01
 -3.485  0.4604E+00  0.1859E+01
 -3.484  0.4599E+00  0.1859E+01
 -3.483  0.4594E+00  0.1860E+01
 -3.482  0.4589E+00  0.1860E+01
 -3.481  0.4584E+00  0.1861E+01
 -3.480  0.4580E+00  0.1861E+01
 -3.479  0.4575E+00  0.1862E+01
 -3.478  0.4570E+00  0.1862E+01
 -3.477  0.4565E+00  0.1863E+01
 -3.476  0.4560E+00  0.1863E+01
 -3.475  0.4556E+00  0.1863E+01
 -3.474  0.4551E+00  0.1864E+01
 -3.473  0.4546E+00  0.1864E+01
 -3.472  0.4541E+00  0.1865E+01
 -3.471  0.4537E+00  0.1865E+01
 -3.470  0.4532E+00  0.1866E+01
 -3.469  0.4527E+00  0.1866E+01
 -3.468  0.4523E+00  0.1867E+01
 -3.467  0.4518E+00  0.1867E+01
 -3.466  0.4513E+00  0.1868E+01
 -3.465  0.4509E+00  0.1868E+01
 -3.464  0.4504E+00  0.1868E+01
 -3.463  0.4500E+00  0.1869E+01
 -3.462  0.4497E+00  0.1869E+01
 -3.461  0.4494E+00  0.1870E+01
 -3.460  0.4492E+00  0.1870E+01
 -3.459  0.4490E+00  0.1871E+01
 -3.458  0.4489E+00  0.1871E+01
 -3.457  0.4488E+00  0.1872E+01
 -3.456  0.4487E+00  0.1872E+01
 -3.455  0.4487E+00  0.1872E+01
 -3.454  0.4488E+00  0.1873E+01
 -3.453  0.4488E+00  0.1873E+01
 -3.452  0.4487E+00  0.1874E+01
 -3.451  0.4486E+00  0.1874E+01
 -3.450  0.4485E+00  0.1875E+01
 -3.449  0.4483E+00  0.1875E+01
 -3.448  0.4480E+00  0.1876E+01
 -3.447  0.4477E+00  0.1876E+01
 -3.446  0.4474E+00  0.1877E+01
 -3.445  0.4470E+00  0.1877E+01
 -3.444  0.4465E+00  0.1877E+01
 -3.443  0.4460E+00  0.1878E+01
 -3.442  0.4455E+00  0.1878E+01
 -3.441  0.4449E+00  0.1879E+01
 -3.440  0.4442E+00  0.1879E+01
 -3.439  0.4435E+00  0.1880E+01
 -3.438  0.4428E+00  0.1880E+01
 -3.437  0.4420E+00  0.1881E+01
 -3.436  0.4411E+00  0.1881E+01
 -3.435  0.4402E+00  0.1881E+01
 -3.434  0.4393E+00  0.1882E+01
 -3.433  0.4383E+00  0.1882E+01
 -3.432  0.4374E+00  0.1883E+01
 -3.431  0.4367E+00  0.1883E+01
 -3.430  0.4361E+00  0.1884E+01
 -3.429  0.4356E+00  0.1884E+01
 -3.428  0.4351E+00  0.1884E+01
 -3.427  0.4347E+00  0.1885E+01
 -3.426  0.4342E+00  0.1885E+01
 -3.425  0.4338E+00  0.1886E+01
 -3.424  0.4333E+00  0.1886E+01
 -3.423  0.4329E+00  0.1887E+01
 -3.422  0.4325E+00  0.1887E+01
 -3.421  0.4321E+00  0.1887E+01
 -3.420  0.4316E+00  0.1888E+01
 -3.419  0.4312E+00  0.1888E+01
 -3.418  0.4309E+00  0.1889E+01
 -3.417  0.4305E+00  0.1889E+01
 -3.416  0.4301E+00  0.1890E+01
 -3.415  0.4298E+00  0.1890E+01
 -3.414  0.4295E+00  0.1891E+01
 -3.413  0.4292E+00  0.1891E+01
 -3.412  0.4289E+00  0.1891E+01
 -3.411  0.4286E+00  0.1892E+01
 -3.410  0.4284E+00  0.1892E+01
 -3.409  0.4282E+00  0.1893E+01
 -3.408  0.4279E+00  0.1893E+01
 -3.407  0.4278E+00  0.1894E+01
 -3.406  0.4277E+00  0.1894E+01
 -3.405  0.4275E+00  0.1894E+01
 -3.404  0.4274E+00  0.1895E+01
 -3.403  0.4273E+00  0.1895E+01
 -3.402  0.4272E+00  0.1896E+01
 -3.401  0.4271E+00  0.1896E+01
 -3.400  0.4270E+00  0.1896E+01
 -3.399  0.4269E+00  0.1897E+01
 -3.398  0.4268E+00  0.1897E+01
 -3.397  0.4267E+00  0.1898E+01
 -3.396  0.4266E+00  0.1898E+01
 -3.395  0.4265E+00  0.1899E+01
 -3.394  0.4265E+00  0.1899E+01
 -3.393  0.4265E+00  0.1899E+01
 -3.392  0.4264E+00  0.1900E+01
 -3.391  0.4264E+00  0.1900E+01
 -3.390  0.4264E+00  0.1901E+01
 -3.389  0.4264E+00  0.1901E+01
 -3.388  0.4264E+00  0.1902E+01
 -3.387  0.4264E+00  0.1902E+01
 -3.386  0.4263E+00  0.1902E+01
 -3.385  0.4261E+00  0.1903E+01
 -3.384  0.4259E+00  0.1903E+01
 -3.383  0.4256E+00  0.1904E+01
 -3.382  0.4252E+00  0.1904E+01
 -3.381  0.4247E+00  0.1905E+01
 -3.380  0.4242E+00  0.1905E+01
 -3.379  0.4236E+00  0.1905E+01
 -3.378  0.4229E+00  0.1906E+01
 -3.377  0.4221E+00  0.1906E+01
 -3.376  0.4213E+00  0.1907E+01
 -3.375  0.4205E+00  0.1907E+01
 -3.374  0.4195E+00  0.1908E+01
 -3.373  0.4185E+00  0.1908E+01
 -3.372  0.4175E+00  0.1908E+01
 -3.371  0.4171E+00  0.1909E+01
 -3.370  0.4172E+00  0.1909E+01
 -3.369  0.4173E+00  0.1910E+01
 -3.368  0.4173E+00  0.1910E+01
 -3.367  0.4174E+00  0.1910E+01
 -3.366  0.4174E+00  0.1911E+01
 -3.365  0.4175E+00  0.1911E+01
 -3.364  0.4175E+00  0.1912E+01
 -3.363  0.4175E+00  0.1912E+01
 -3.362  0.4176E+00  0.1913E+01
 -3.361  0.4176E+00  0.1913E+01
 -3.360  0.4176E+00  0.1913E+01
 -3.359  0.4176E+00  0.1914E+01
 -3.358  0.4176E+00  0.1914E+01
 -3.357  0.4176E+00  0.1915E+01
 -3.356  0.4176E+00  0.1915E+01
 -3.355  0.4176E+00  0.1915E+01
 -3.354  0.4176E+00  0.1916E+01
 -3.353  0.4176E+00  0.1916E+01
 -3.352  0.4176E+00  0.1917E+01
 -3.351  0.4175E+00  0.1917E+01
 -3.350  0.4175E+00  0.1918E+01
 -3.349  0.4175E+00  0.1918E+01
 -3.348  0.4174E+00  0.1918E+01
 -3.347  0.4174E+00  0.1919E+01
 -3.346  0.4173E+00  0.1919E+01
 -3.345  0.4173E+00  0.1920E+01
 -3.344  0.4172E+00  0.1920E+01
 -3.343  0.4171E+00  0.1920E+01
 -3.342  0.4170E+00  0.1921E+01
 -3.341  0.4169E+00  0.1921E+01
 -3.340  0.4167E+00  0.1922E+01
 -3.339  0.4166E+00  0.1922E+01
 -3.338  0.4165E+00  0.1923E+01
 -3.337  0.4163E+00  0.1923E+01
 -3.336  0.4162E+00  0.1923E+01
 -3.335  0.4160E+00  0.1924E+01
 -3.334  0.4158E+00  0.1924E+01
 -3.333  0.4156E+00  0.1925E+01
 -3.332  0.4154E+00  0.1925E+01
 -3.331  0.4152E+00  0.1925E+01
 -3.330  0.4149E+00  0.1926E+01
 -3.329  0.4145E+00  0.1926E+01
 -3.328  0.4141E+00  0.1927E+01
 -3.327  0.4135E+00  0.1927E+01
 -3.326  0.4129E+00  0.1928E+01
 -3.325  0.4121E+00  0.1928E+01
 -3.324  0.4113E+00  0.1928E+01
 -3.323  0.4105E+00  0.1929E+01
 -3.322  0.4097E+00  0.1929E+01
 -3.321  0.4089E+00  0.1930E+01
 -3.320  0.4080E+00  0.1930E+01
 -3.319  0.4072E+00  0.1930E+01
 -3.318  0.4063E+00  0.1931E+01
 -3.317  0.4054E+00  0.1931E+01
 -3.316  0.4045E+00  0.1932E+01
 -3.315  0.4036E+00  0.1932E+01
 -3.314  0.4027E+00  0.1932E+01
 -3.313  0.4018E+00  0.1933E+01
 -3.312  0.4010E+00  0.1933E+01
 -3.311  0.4002E+00  0.1934E+01
 -3.310  0.3994E+00  0.1934E+01
 -3.309  0.3986E+00  0.1934E+01
 -3.308  0.3977E+00  0.1935E+01
 -3.307  0.3969E+00  0.1935E+01
 -3.306  0.3961E+00  0.1936E+01
 -3.305  0.3953E+00  0.1936E+01
 -3.304  0.3945E+00  0.1936E+01
 -3.303  0.3937E+00  0.1937E+01
 -3.302  0.3929E+00  0.1937E+01
 -3.301  0.3921E+00  0.1938E+01
 -3.300  0.3913E+00  0.1938E+01
 -3.299  0.3905E+00  0.1938E+01
 -3.298  0.3897E+00  0.1939E+01
 -3.297  0.3889E+00  0.1939E+01
 -3.296  0.3880E+00  0.1940E+01
 -3.295  0.3872E+00  0.1940E+01
 -3.294  0.3864E+00  0.1940E+01
 -3.293  0.3856E+00  0.1941E+01
 -3.292  0.3848E+00  0.1941E+01
 -3.291  0.3840E+00  0.1941E+01
 -3.290  0.3832E+00  0.1942E+01
 -3.289  0.3824E+00  0.1942E+01
 -3.288  0.3815E+00  0.1943E+01
 -3.287  0.3807E+00  0.1943E+01
 -3.286  0.3799E+00  0.1943E+01
 -3.285  0.3790E+00  0.1944E+01
 -3.284  0.3782E+00  0.1944E+01
 -3.283  0.3773E+00  0.1945E+01
 -3.282  0.3765E+00  0.1945E+01
 -3.281  0.3756E+00  0.1945E+01
 -3.280  0.3747E+00  0.1946E+01
 -3.279  0.3739E+00  0.1946E+01
 -3.278  0.3730E+00  0.1946E+01
 -3.277  0.3723E+00  0.1947E+01
 -3.276  0.3715E+00  0.1947E+01
 -3.275  0.3707E+00  0.1948E+01
 -3.274  0.3700E+00  0.1948E+01
 -3.273  0.3692E+00  0.1948E+01
 -3.272  0.3684E+00  0.1949E+01
 -3.271  0.3677E+00  0.1949E+01
 -3.270  0.3669E+00  0.1949E+01
 -3.269  0.3661E+00  0.1950E+01
 -3.268  0.3654E+00  0.1950E+01
 -3.267  0.3646E+00  0.1950E+01
 -3.266  0.3638E+00  0.1951E+01
 -3.265  0.3631E+00  0.1951E+01
 -3.264  0.3623E+00  0.1952E+01
 -3.263  0.3615E+00  0.1952E+01
 -3.262  0.3608E+00  0.1952E+01
 -3.261  0.3600E+00  0.1953E+01
 -3.260  0.3592E+00  0.1953E+01
 -3.259  0.3585E+00  0.1953E+01
 -3.258  0.3577E+00  0.1954E+01
 -3.257  0.3569E+00  0.1954E+01
 -3.256  0.3562E+00  0.1954E+01
 -3.255  0.3554E+00  0.1955E+01
 -3.254  0.3546E+00  0.1955E+01
 -3.253  0.3538E+00  0.1955E+01
 -3.252  0.3530E+00  0.1956E+01
 -3.251  0.3522E+00  0.1956E+01
 -3.250  0.3514E+00  0.1957E+01
 -3.249  0.3506E+00  0.1957E+01
 -3.248  0.3498E+00  0.1957E+01
 -3.247  0.3490E+00  0.1958E+01
 -3.246  0.3482E+00  0.1958E+01
 -3.245  0.3474E+00  0.1958E+01
 -3.244  0.3466E+00  0.1959E+01
 -3.243  0.3457E+00  0.1959E+01
 -3.242  0.3448E+00  0.1959E+01
 -3.241  0.3437E+00  0.1960E+01
 -3.240  0.3425E+00  0.1960E+01
 -3.239  0.3414E+00  0.1960E+01
 -3.238  0.3403E+00  0.1961E+01
 -3.237  0.3392E+00  0.1961E+01
 -3.236  0.3381E+00  0.1961E+01
 -3.235  0.3370E+00  0.1962E+01
 -3.234  0.3360E+00  0.1962E+01
 -3.233  0.3349E+00  0.1962E+01
 -3.232  0.3339E+00  0.1963E+01
 -3.231  0.3328E+00  0.1963E+01
 -3.230  0.3318E+00  0.1963E+01
 -3.229  0.3308E+00  0.1964E+01
 -3.228  0.3298E+00  0.1964E+01
 -3.227  0.3288E+00  0.1964E+01
 -3.226  0.3278E+00  0.1965E+01
 -3.225  0.3269E+00  0.1965E+01
 -3.224  0.3259E+00  0.1965E+01
 -3.223  0.3250E+00  0.1966E+01
 -3.222  0.3241E+00  0.1966E+01
 -3.221  0.3232E+00  0.1966E+01
 -3.220  0.3222E+00  0.1967E+01
 -3.219  0.3213E+00  0.1967E+01
 -3.218  0.3204E+00  0.1967E+01
 -3.217  0.3195E+00  0.1968E+01
 -3.216  0.3186E+00  0.1968E+01
 -3.215  0.3177E+00  0.1968E+01
 -3.214  0.3167E+00  0.1969E+01
 -3.213  0.3158E+00  0.1969E+01
 -3.212  0.3149E+00  0.1969E+01
 -3.211  0.3140E+00  0.1969E+01
 -3.210  0.3131E+00  0.1970E+01
 -3.209  0.3122E+00  0.1970E+01
 -3.208  0.3113E+00  0.1970E+01
 -3.207  0.3103E+00  0.1971E+01
 -3.206  0.3094E+00  0.1971E+01
 -3.205  0.3085E+00  0.1971E+01
 -3.204  0.3076E+00  0.1972E+01
 -3.203  0.3067E+00  0.1972E+01
 -3.202  0.3059E+00  0.1972E+01
 -3.201  0.3050E+00  0.1973E+01
 -3.200  0.3041E+00  0.1973E+01
 -3.199  0.3033E+00  0.1973E+01
 -3.198  0.3024E+00  0.1973E+01
 -3.197  0.3017E+00  0.1974E+01
 -3.196  0.3011E+00  0.1974E+01
 -3.195  0.3005E+00  0.1974E+01
 -3.194  0.3000E+00  0.1975E+01
 -3.193  0.2994E+00  0.1975E+01
 -3.192  0.2988E+00  0.1975E+01
 -3.191  0.2982E+00  0.1976E+01
 -3.190  0.2976E+00  0.1976E+01
 -3.189  0.2970E+00  0.1976E+01
 -3.188  0.2963E+00  0.1976E+01
 -3.187  0.2957E+00  0.1977E+01
 -3.186  0.2951E+00  0.1977E+01
 -3.185  0.2944E+00  0.1977E+01
 -3.184  0.2938E+00  0.1978E+01
 -3.183  0.2931E+00  0.1978E+01
 -3.182  0.2925E+00  0.1978E+01
 -3.181  0.2918E+00  0.1979E+01
 -3.180  0.2911E+00  0.1979E+01
 -3.179  0.2905E+00  0.1979E+01
 -3.178  0.2898E+00  0.1979E+01
 -3.177  0.2891E+00  0.1980E+01
 -3.176  0.2884E+00  0.1980E+01
 -3.175  0.2874E+00  0.1980E+01
 -3.174  0.2863E+00  0.1981E+01
 -3.173  0.2852E+00  0.1981E+01
 -3.172  0.2840E+00  0.1981E+01
 -3.171  0.2828E+00  0.1981E+01
 -3.170  0.2815E+00  0.1982E+01
 -3.169  0.2802E+00  0.1982E+01
 -3.168  0.2788E+00  0.1982E+01
 -3.167  0.2773E+00  0.1983E+01
 -3.166  0.2758E+00  0.1983E+01
 -3.165  0.2743E+00  0.1983E+01
 -3.164  0.2726E+00  0.1983E+01
 -3.163  0.2710E+00  0.1984E+01
 -3.162  0.2693E+00  0.1984E+01
 -3.161  0.2675E+00  0.1984E+01
 -3.160  0.2661E+00  0.1984E+01
 -3.159  0.2650E+00  0.1985E+01
 -3.158  0.2638E+00  0.1985E+01
 -3.157  0.2626E+00  0.1985E+01
 -3.156  0.2613E+00  0.1985E+01
 -3.155  0.2600E+00  0.1986E+01
 -3.154  0.2586E+00  0.1986E+01
 -3.153  0.2572E+00  0.1986E+01
 -3.152  0.2557E+00  0.1987E+01
 -3.151  0.2541E+00  0.1987E+01
 -3.150  0.2525E+00  0.1987E+01
 -3.149  0.2509E+00  0.1987E+01
 -3.148  0.2492E+00  0.1988E+01
 -3.147  0.2474E+00  0.1988E+01
 -3.146  0.2469E+00  0.1988E+01
 -3.145  0.2468E+00  0.1988E+01
 -3.144  0.2464E+00  0.1988E+01
 -3.143  0.2459E+00  0.1989E+01
 -3.142  0.2453E+00  0.1989E+01
 -3.141  0.2444E+00  0.1989E+01
 -3.140  0.2434E+00  0.1989E+01
 -3.139  0.2422E+00  0.1990E+01
 -3.138  0.2409E+00  0.1990E+01
 -3.137  0.2393E+00  0.1990E+01
 -3.136  0.2376E+00  0.1990E+01
 -3.135  0.2359E+00  0.1991E+01
 -3.134  0.2411E+00  0.1991E+01
 -3.133  0.2648E+00  0.1991E+01
 -3.132  0.3073E+00  0.1991E+01
 -3.131  0.2719E+00  0.1992E+01
 -3.130  0.2539E+00  0.1992E+01
 -3.129  0.2359E+00  0.1992E+01
 -3.128  0.2416E+00  0.1992E+01
 -3.127  0.2561E+00  0.1993E+01
 -3.126  0.2718E+00  0.1993E+01
 -3.125  0.2500E+00  0.1993E+01
 -3.124  0.2197E+00  0.1993E+01
 -3.123  0.2085E+00  0.1994E+01
 -3.122  0.1966E+00  0.1994E+01
 -3.121  0.1859E+00  0.1994E+01
 -3.120  0.1762E+00  0.1994E+01
 -3.119  0.1676E+00  0.1994E+01
 -3.118  0.1602E+00  0.1995E+01
 -3.117  0.1538E+00  0.1995E+01
 -3.116  0.1485E+00  0.1995E+01
 -3.115  0.1443E+00  0.1995E+01
 -3.114  0.1412E+00  0.1995E+01
 -3.113  0.1384E+00  0.1995E+01
 -3.112  0.1355E+00  0.1995E+01
 -3.111  0.1327E+00  0.1996E+01
 -3.110  0.1298E+00  0.1996E+01
 -3.109  0.1268E+00  0.1996E+01
 -3.108  0.1239E+00  0.1996E+01
 -3.107  0.1209E+00  0.1996E+01
 -3.106  0.1179E+00  0.1996E+01
 -3.105  0.1148E+00  0.1996E+01
 -3.104  0.1118E+00  0.1996E+01
 -3.103  0.1086E+00  0.1997E+01
 -3.102  0.1055E+00  0.1997E+01
 -3.101  0.1024E+00  0.1997E+01
 -3.100  0.9938E-01  0.1997E+01
 -3.099  0.9649E-01  0.1997E+01
 -3.098  0.9371E-01  0.1997E+01
 -3.097  0.9105E-01  0.1997E+01
 -3.096  0.8850E-01  0.1997E+01
 -3.095  0.8607E-01  0.1997E+01
 -3.094  0.8376E-01  0.1997E+01
 -3.093  0.8155E-01  0.1997E+01
 -3.092  0.7947E-01  0.1998E+01
 -3.091  0.7750E-01  0.1998E+01
 -3.090  0.7564E-01  0.1998E+01
 -3.089  0.7390E-01  0.1998E+01
 -3.088  0.7228E-01  0.1998E+01
 -3.087  0.7073E-01  0.1998E+01
 -3.086  0.6919E-01  0.1998E+01
 -3.085  0.6766E-01  0.1998E+01
 -3.084  0.6612E-01  0.1998E+01
 -3.083  0.6459E-01  0.1998E+01
 -3.082  0.6306E-01  0.1998E+01
 -3.081  0.6153E-01  0.1998E+01
 -3.080  0.6000E-01  0.1998E+01
 -3.079  0.5848E-01  0.1998E+01
 -3.078  0.5696E-01  0.1998E+01
 -3.077  0.5544E-01  0.1999E+01
 -3.076  0.5392E-01  0.1999E+01
 -3.075  0.5240E-01  0.1999E+01
 -3.074  0.5089E-01  0.1999E+01
 -3.073  0.4938E-01  0.1999E+01
 -3.072  0.4789E-01  0.1999E+01
 -3.071  0.4644E-01  0.1999E+01
 -3.070  0.4503E-01  0.1999E+01
 -3.069  0.4366E-01  0.1999E+01
 -3.068  0.4234E-01  0.1999E+01
 -3.067  0.4105E-01  0.1999E+01
 -3.066  0.3980E-01  0.1999E+01
 -3.065  0.3859E-01  0.1999E+01
 -3.064  0.3742E-01  0.1999E+01
 -3.063  0.3630E-01  0.1999E+01
 -3.062  0.3521E-01  0.1999E+01
 -3.061  0.3416E-01  0.1999E+01
 -3.060  0.3315E-01  0.1999E+01
 -3.059  0.3218E-01  0.1999E+01
 -3.058  0.3125E-01  0.1999E+01
 -3.057  0.3032E-01  0.1999E+01
 -3.056  0.2939E-01  0.1999E+01
 -3.055  0.2847E-01  0.1999E+01
 -3.054  0.2756E-01  0.1999E+01
 -3.053  0.2665E-01  0.1999E+01
 -3.052  0.2574E-01  0.1999E+01
 -3.051  0.2484E-01  0.2000E+01
 -3.050  0.2394E-01  0.2000E+01
 -3.049  0.2305E-01  0.2000E+01
 -3.048  0.2216E-01  0.2000E+01
 -3.047  0.2128E-01  0.2000E+01
 -3.046  0.2040E-01  0.2000E+01
 -3.045  0.1953E-01  0.2000E+01
 -3.044  0.1866E-01  0.2000E+01
 -3.043  0.1781E-01  0.2000E+01
 -3.042  0.1696E-01  0.2000E+01
 -3.041  0.1613E-01  0.2000E+01
 -3.040  0.1530E-01  0.2000E+01
 -3.039  0.1449E-01  0.2000E+01
 -3.038  0.1369E-01  0.2000E+01
 -3.037  0.1289E-01  0.2000E+01
 -3.036  0.1211E-01  0.2000E+01
 -3.035  0.1133E-01  0.2000E+01
 -3.034  0.1057E-01  0.2000E+01
 -3.033  0.9816E-02  0.2000E+01
 -3.032  0.9077E-02  0.2000E+01
 -3.031  0.8352E-02  0.2000E+01
 -3.030  0.7640E-02  0.2000E+01
 -3.029  0.6943E-02  0.2000E+01
 -3.028  0.6258E-02  0.2000E+01
 -3.027  0.5588E-02  0.2000E+01
 -3.026  0.4931E-02  0.2000E+01
 -3.025  0.2903E-02  0.2000E+01
 -3.024  0.1334E-02  0.2000E+01
 -3.023  0.3679E-03  0.2000E+01
 -3.022  0.3364E-05  0.2000E+01
 -3.021  0.0000E+00  0.2000E+01
 -3.020  0.0000E+00  0.2000E+01
 -3.019  0.0000E+00  0.2000E+01
 -3.018  0.0000E+00  0.2000E+01
 -3.017  0.0000E+00  0.2000E+01
 -3.016  0.0000E+00  0.2000E+01
 -3.015  0.0000E+00  0.2000E+01
 -3.014  0.0000E+00  0.2000E+01
 -3.013  0.0000E+00  0.2000E+01
 -3.012  0.0000E+00  0.2000E+01
 -3.011  0.0000E+00  0.2000E+01
 -3.010  0.0000E+00  0.2000E+01
 -3.009  0.0000E+00  0.2000E+01
 -3.008  0.0000E+00  0.2000E+01
 -3.007  0.0000E+00  0.2000E+01
 -3.006  0.0000E+00  0.2000E+01
 -3.005  0.0000E+00  0.2000E+01
 -3.004  0.0000E+00  0.2000E+01
 -3.003  0.0000E+00  0.2000E+01
 -3.002  0.0000E+00  0.2000E+01
 -3.001  0.0000E+00  0.2000E+01
 -3.000  0.0000E+00  0.2000E+01
 -2.999  0.0000E+00  0.2000E+01
 -2.998  0.0000E+00  0.2000E+01
 -2.997  0.0000E+00  0.2000E+01
 -2.996  0.0000E+00  0.2000E+01
 -2.995  0.0000E+00  0.2000E+01
 -2.994  0.0000E+00  0.2000E+01
 -2.993  0.0000E+00  0.2000E+01
 -2.992  0.0000E+00  0.2000E+01
 -2.991  0.0000E+00  0.2000E+01
 -2.990  0.0000E+00  0.2000E+01
 -2.989  0.0000E+00  0.2000E+01
 -2.988  0.0000E+00  0.2000E+01
 -2.987  0.0000E+00  0.2000E+01
 -2.986  0.0000E+00  0.2000E+01
 -2.985  0.0000E+00  0.2000E+01
 -2.984  0.0000E+00  0.2000E+01
 -2.983  0.0000E+00  0.2000E+01
 -2.982  0.0000E+00  0.2000E+01
 -2.981  0.0000E+00  0.2000E+01
 -2.980  0.0000E+00  0.2000E+01
 -2.979  0.0000E+00  0.2000E+01
 -2.978  0.0000E+00  0.2000E+01
 -2.977  0.0000E+00  0.2000E+01
 -2.976  0.0000E+00  0.2000E+01
 -2.975  0.0000E+00  0.2000E+01
 -2.974  0.0000E+00  0.2000E+01
 -2.973  0.0000E+00  0.2000E+01
 -2.972  0.0000E+00  0.2000E+01
 -2.971  0.0000E+00  0.2000E+01
 -2.970  0.0000E+00  0.2000E+01
 -2.969  0.0000E+00  0.2000E+01
 -2.968  0.0000E+00  0.2000E+01
 -2.967  0.0000E+00  0.2000E+01
 -2.966  0.0000E+00  0.2000E+01
 -2.965  0.0000E+00  0.2000E+01
 -2.964  0.0000E+00  0.2000E+01
 -2.963  0.0000E+00  0.2000E+01
 -2.962  0.0000E+00  0.2000E+01
 -2.961  0.0000E+00  0.2000E+01
 -2.960  0.0000E+00  0.2000E+01
 -2.959  0.0000E+00  0.2000E+01
 -2.958  0.0000E+00  0.2000E+01
 -2.957  0.0000E+00  0.2000E+01
 -2.956  0.0000E+00  0.2000E+01
 -2.955  0.0000E+00  0.2000E+01
 -2.954  0.0000E+00  0.2000E+01
 -2.953  0.0000E+00  0.2000E+01
 -2.952  0.0000E+00  0.2000E+01
 -2.951  0.0000E+00  0.2000E+01
 -2.950  0.0000E+00  0.2000E+01
 -2.949  0.0000E+00  0.2000E+01
 -2.948  0.0000E+00  0.2000E+01
 -2.947  0.0000E+00  0.2000E+01
 -2.946  0.0000E+00  0.2000E+01
 -2.945  0.0000E+00  0.2000E+01
 -2.944  0.0000E+00  0.2000E+01
 -2.943  0.0000E+00  0.2000E+01
 -2.942  0.0000E+00  0.2000E+01
 -2.941  0.0000E+00  0.2000E+01
 -2.940  0.0000E+00  0.2000E+01
 -2.939  0.0000E+00  0.2000E+01
 -2.938  0.0000E+00  0.2000E+01
 -2.937  0.0000E+00  0.2000E+01
 -2.936  0.0000E+00  0.2000E+01
 -2.935  0.0000E+00  0.2000E+01
 -2.934  0.0000E+00  0.2000E+01
 -2.933  0.0000E+00  0.2000E+01
 -2.932  0.0000E+00  0.2000E+01
 -2.931  0.0000E+00  0.2000E+01
 -2.930  0.0000E+00  0.2000E+01
 -2.929  0.0000E+00  0.2000E+01
 -2.928  0.0000E+00  0.2000E+01
 -2.927  0.0000E+00  0.2000E+01
 -2.926  0.0000E+00  0.2000E+01
 -2.925  0.0000E+00  0.2000E+01
 -2.924  0.0000E+00  0.2000E+01
 -2.923  0.0000E+00  0.2000E+01
 -2.922  0.0000E+00  0.2000E+01
 -2.921  0.0000E+00  0.2000E+01
 -2.920  0.0000E+00  0.2000E+01
 -2.919  0.0000E+00  0.2000E+01
 -2.918  0.0000E+00  0.2000E+01
 -2.917  0.0000E+00  0.2000E+01
 -2.916  0.0000E+00  0.2000E+01
 -2.915  0.0000E+00  0.2000E+01
 -2.914  0.0000E+00  0.2000E+01
 -2.913  0.0000E+00  0.2000E+01
 -2.912  0.0000E+00  0.2000E+01
 -2.911  0.0000E+00  0.2000E+01
 -2.910  0.0000E+00  0.2000E+01
 -2.909  0.0000E+00  0.2000E+01
 -2.908  0.0000E+00  0.2000E+01
 -2.907  0.0000E+00  0.2000E+01
 -2.906  0.0000E+00  0.2000E+01
 -2.905  0.0000E+00  0.2000E+01
 -2.904  0.0000E+00  0.2000E+01
 -2.903  0.0000E+00  0.2000E+01
 -2.902  0.0000E+00  0.2000E+01
 -2.901  0.0000E+00  0.2000E+01
 -2.900  0.0000E+00  0.2000E+01
 -2.899  0.0000E+00  0.2000E+01
 -2.898  0.0000E+00  0.2000E+01
 -2.897  0.0000E+00  0.2000E+01
 -2.896  0.0000E+00  0.2000E+01
 -2.895  0.0000E+00  0.2000E+01
 -2.894  0.0000E+00  0.2000E+01
 -2.893  0.0000E+00  0.2000E+01
 -2.892  0.0000E+00  0.2000E+01
 -2.891  0.0000E+00  0.2000E+01
 -2.890  0.0000E+00  0.2000E+01
 -2.889  0.0000E+00  0.2000E+01
 -2.888  0.0000E+00  0.2000E+01
 -2.887  0.0000E+00  0.2000E+01
 -2.886  0.0000E+00  0.2000E+01
 -2.885  0.0000E+00  0.2000E+01
 -2.884  0.0000E+00  0.2000E+01
 -2.883  0.0000E+00  0.2000E+01
 -2.882  0.0000E+00  0.2000E+01
 -2.881  0.0000E+00  0.2000E+01
 -2.880  0.0000E+00  0.2000E+01
 -2.879  0.0000E+00  0.2000E+01
 -2.878  0.0000E+00  0.2000E+01
 -2.877  0.0000E+00  0.2000E+01
 -2.876  0.0000E+00  0.2000E+01
 -2.875  0.0000E+00  0.2000E+01
 -2.874  0.0000E+00  0.2000E+01
 -2.873  0.0000E+00  0.2000E+01
 -2.872  0.0000E+00  0.2000E+01
 -2.871  0.0000E+00  0.2000E+01
 -2.870  0.0000E+00  0.2000E+01
 -2.869  0.0000E+00  0.2000E+01
 -2.868  0.0000E+00  0.2000E+01
 -2.867  0.0000E+00  0.2000E+01
 -2.866  0.0000E+00  0.2000E+01
 -2.865  0.0000E+00  0.2000E+01
 -2.864  0.0000E+00  0.2000E+01
 -2.863  0.0000E+00  0.2000E+01
 -2.862  0.0000E+00  0.2000E+01
 -2.861  0.0000E+00  0.2000E+01
 -2.860  0.0000E+00  0.2000E+01
 -2.859  0.0000E+00  0.2000E+01
 -2.858  0.0000E+00  0.2000E+01
 -2.857  0.0000E+00  0.2000E+01
 -2.856  0.0000E+00  0.2000E+01
 -2.855  0.0000E+00  0.2000E+01
 -2.854  0.0000E+00  0.2000E+01
 -2.853  0.0000E+00  0.2000E+01
 -2.852  0.0000E+00  0.2000E+01
 -2.851  0.0000E+00  0.2000E+01
 -2.850  0.0000E+00  0.2000E+01
 -2.849  0.0000E+00  0.2000E+01
 -2.848  0.0000E+00  0.2000E+01
 -2.847  0.0000E+00  0.2000E+01
 -2.846  0.0000E+00  0.2000E+01
 -2.845  0.0000E+00  0.2000E+01
 -2.844  0.0000E+00  0.2000E+01
 -2.843  0.0000E+00  0.2000E+01
 -2.842  0.0000E+00  0.2000E+01
 -2.841  0.0000E+00  0.2000E+01
 -2.840  0.0000E+00  0.2000E+01
 -2.839  0.0000E+00  0.2000E+01
 -2.838  0.0000E+00  0.2000E+01
 -2.837  0.0000E+00  0.2000E+01
 -2.836  0.0000E+00  0.2000E+01
 -2.835  0.0000E+00  0.2000E+01
 -2.834  0.0000E+00  0.2000E+01
 -2.833  0.0000E+00  0.2000E+01
 -2.832  0.0000E+00  0.2000E+01
 -2.831  0.0000E+00  0.2000E+01
 -2.830  0.1774E-01  0.2000E+01
 -2.829  0.7393E-01  0.2000E+01
 -2.828  0.2032E-01  0.2000E+01
 -2.827  0.2993E-01  0.2000E+01
 -2.826  0.3837E-01  0.2000E+01
 -2.825  0.4562E-01  0.2000E+01
 -2.824  0.5168E-01  0.2000E+01
 -2.823  0.6872E-01  0.2000E+01
 -2.822  0.6988E-01  0.2000E+01
 -2.821  0.6977E-01  0.2000E+01
 -2.820  0.6837E-01  0.2000E+01
 -2.819  0.6569E-01  0.2000E+01
 -2.818  0.6173E-01  0.2001E+01
 -2.817  0.5649E-01  0.2001E+01
 -2.816  0.5029E-01  0.2001E+01
 -2.815  0.4715E-01  0.2001E+01
 -2.814  0.4823E-01  0.2001E+01
 -2.813  0.5073E-01  0.2001E+01
 -2.812  0.5327E-01  0.2001E+01
 -2.811  0.5583E-01  0.2001E+01
 -2.810  0.5843E-01  0.2001E+01
 -2.809  0.6105E-01  0.2001E+01
 -2.808  0.6371E-01  0.2001E+01
 -2.807  0.6645E-01  0.2001E+01
 -2.806  0.6947E-01  0.2001E+01
 -2.805  0.7278E-01  0.2001E+01
 -2.804  0.7640E-01  0.2001E+01
 -2.803  0.8031E-01  0.2001E+01
 -2.802  0.8452E-01  0.2002E+01
 -2.801  0.8902E-01  0.2002E+01
 -2.800  0.9161E-01  0.2002E+01
 -2.799  0.9042E-01  0.2002E+01
 -2.798  0.8917E-01  0.2002E+01
 -2.797  0.8822E-01  0.2002E+01
 -2.796  0.8791E-01  0.2002E+01
 -2.795  0.8781E-01  0.2002E+01
 -2.794  0.8783E-01  0.2002E+01
 -2.793  0.8796E-01  0.2002E+01
 -2.792  0.8820E-01  0.2002E+01
 -2.791  0.8856E-01  0.2003E+01
 -2.790  0.8903E-01  0.2003E+01
 -2.789  0.8962E-01  0.2003E+01
 -2.788  0.9033E-01  0.2003E+01
 -2.787  0.9116E-01  0.2003E+01
 -2.786  0.9213E-01  0.2003E+01
 -2.785  0.9324E-01  0.2003E+01
 -2.784  0.9449E-01  0.2003E+01
 -2.783  0.9588E-01  0.2003E+01
 -2.782  0.9739E-01  0.2003E+01
 -2.781  0.9895E-01  0.2003E+01
 -2.780  0.1005E+00  0.2004E+01
 -2.779  0.1021E+00  0.2004E+01
 -2.778  0.1038E+00  0.2004E+01
 -2.777  0.1054E+00  0.2004E+01
 -2.776  0.1070E+00  0.2004E+01
 -2.775  0.1087E+00  0.2004E+01
 -2.774  0.1103E+00  0.2004E+01
 -2.773  0.1119E+00  0.2004E+01
 -2.772  0.1135E+00  0.2004E+01
 -2.771  0.1151E+00  0.2005E+01
 -2.770  0.1170E+00  0.2005E+01
 -2.769  0.1189E+00  0.2005E+01
 -2.768  0.1208E+00  0.2005E+01
 -2.767  0.1228E+00  0.2005E+01
 -2.766  0.1249E+00  0.2005E+01
 -2.765  0.1271E+00  0.2005E+01
 -2.764  0.1293E+00  0.2005E+01
 -2.763  0.1316E+00  0.2006E+01
 -2.762  0.1340E+00  0.2006E+01
 -2.761  0.1363E+00  0.2006E+01
 -2.760  0.1386E+00  0.2006E+01
 -2.759  0.1408E+00  0.2006E+01
 -2.758  0.1430E+00  0.2006E+01
 -2.757  0.1464E+00  0.2006E+01
 -2.756  0.1500E+00  0.2007E+01
 -2.755  0.1521E+00  0.2007E+01
 -2.754  0.1536E+00  0.2007E+01
 -2.753  0.1551E+00  0.2007E+01
 -2.752  0.1565E+00  0.2007E+01
 -2.751  0.1578E+00  0.2007E+01
 -2.750  0.1591E+00  0.2007E+01
 -2.749  0.1604E+00  0.2008E+01
 -2.748  0.1616E+00  0.2008E+01
 -2.747  0.1628E+00  0.2008E+01
 -2.746  0.1639E+00  0.2008E+01
 -2.745  0.1650E+00  0.2008E+01
 -2.744  0.1661E+00  0.2008E+01
 -2.743  0.1670E+00  0.2009E+01
 -2.742  0.1680E+00  0.2009E+01
 -2.741  0.1689E+00  0.2009E+01
 -2.740  0.1698E+00  0.2009E+01
 -2.739  0.1710E+00  0.2009E+01
 -2.738  0.1728E+00  0.2009E+01
 -2.737  0.1746E+00  0.2010E+01
 -2.736  0.1762E+00  0.2010E+01
 -2.735  0.1778E+00  0.2010E+01
 -2.734  0.1793E+00  0.2010E+01
 -2.733  0.1807E+00  0.2010E+01
 -2.732  0.1820E+00  0.2011E+01
 -2.731  0.1833E+00  0.2011E+01
 -2.730  0.1846E+00  0.2011E+01
 -2.729  0.1858E+00  0.2011E+01
 -2.728  0.1871E+00  0.2011E+01
 -2.727  0.1884E+00  0.2011E+01
 -2.726  0.1897E+00  0.2012E+01
 -2.725  0.1910E+00  0.2012E+01
 -2.724  0.1923E+00  0.2012E+01
 -2.723  0.1936E+00  0.2012E+01
 -2.722  0.1949E+00  0.2012E+01
 -2.721  0.1962E+00  0.2013E+01
 -2.720  0.1975E+00  0.2013E+01
 -2.719  0.1989E+00  0.2013E+01
 -2.718  0.2002E+00  0.2013E+01
 -2.717  0.2015E+00  0.2013E+01
 -2.716  0.2029E+00  0.2014E+01
 -2.715  0.2042E+00  0.2014E+01
 -2.714  0.2056E+00  0.2014E+01
 -2.713  0.2069E+00  0.2014E+01
 -2.712  0.2083E+00  0.2014E+01
 -2.711  0.2097E+00  0.2015E+01
 -2.710  0.2110E+00  0.2015E+01
 -2.709  0.2124E+00  0.2015E+01
 -2.708  0.2138E+00  0.2015E+01
 -2.707  0.2151E+00  0.2015E+01
 -2.706  0.2164E+00  0.2016E+01
 -2.705  0.2177E+00  0.2016E+01
 -2.704  0.2191E+00  0.2016E+01
 -2.703  0.2204E+00  0.2016E+01
 -2.702  0.2217E+00  0.2017E+01
 -2.701  0.2230E+00  0.2017E+01
 -2.700  0.2242E+00  0.2017E+01
 -2.699  0.2255E+00  0.2017E+01
 -2.698  0.2268E+00  0.2017E+01
 -2.697  0.2281E+00  0.2018E+01
 -2.696  0.2294E+00  0.2018E+01
 -2.695  0.2307E+00  0.2018E+01
 -2.694  0.2320E+00  0.2018E+01
 -2.693  0.2333E+00  0.2019E+01
 -2.692  0.2345E+00  0.2019E+01
 -2.691  0.2358E+00  0.2019E+01
 -2.690  0.2371E+00  0.2019E+01
 -2.689  0.2384E+00  0.2020E+01
 -2.688  0.2397E+00  0.2020E+01
 -2.687  0.2410E+00  0.2020E+01
 -2.686  0.2422E+00  0.2020E+01
 -2.685  0.2435E+00  0.2021E+01
 -2.684  0.2448E+00  0.2021E+01
 -2.683  0.2461E+00  0.2021E+01
 -2.682  0.2473E+00  0.2021E+01
 -2.681  0.2486E+00  0.2022E+01
 -2.680  0.2498E+00  0.2022E+01
 -2.679  0.2511E+00  0.2022E+01
 -2.678  0.2523E+00  0.2022E+01
 -2.677  0.2535E+00  0.2023E+01
 -2.676  0.2547E+00  0.2023E+01
 -2.675  0.2559E+00  0.2023E+01
 -2.674  0.2571E+00  0.2023E+01
 -2.673  0.2582E+00  0.2024E+01
 -2.672  0.2594E+00  0.2024E+01
 -2.671  0.2605E+00  0.2024E+01
 -2.670  0.2617E+00  0.2024E+01
 -2.669  0.2628E+00  0.2025E+01
 -2.668  0.2639E+00  0.2025E+01
 -2.667  0.2651E+00  0.2025E+01
 -2.666  0.2662E+00  0.2025E+01
 -2.665  0.2673E+00  0.2026E+01
 -2.664  0.2683E+00  0.2026E+01
 -2.663  0.2694E+00  0.2026E+01
 -2.662  0.2705E+00  0.2026E+01
 -2.661  0.2716E+00  0.2027E+01
 -2.660  0.2726E+00  0.2027E+01
 -2.659  0.2737E+00  0.2027E+01
 -2.658  0.2749E+00  0.2028E+01
 -2.657  0.2761E+00  0.2028E+01
 -2.656  0.2773E+00  0.2028E+01
 -2.655  0.2785E+00  0.2028E+01
 -2.654  0.2798E+00  0.2029E+01
 -2.653  0.2810E+00  0.2029E+01
 -2.652  0.2823E+00  0.2029E+01
 -2.651  0.2836E+00  0.2030E+01
 -2.650  0.2848E+00  0.2030E+01
 -2.649  0.2861E+00  0.2030E+01
 -2.648  0.2874E+00  0.2030E+01
 -2.647  0.2887E+00  0.2031E+01
 -2.646  0.2900E+00  0.2031E+01
 -2.645  0.2913E+00  0.2031E+01
 -2.644  0.2926E+00  0.2032E+01
 -2.643  0.2939E+00  0.2032E+01
 -2.642  0.2952E+00  0.2032E+01
 -2.641  0.2966E+00  0.2032E+01
 -2.640  0.2979E+00  0.2033E+01
 -2.639  0.2992E+00  0.2033E+01
 -2.638  0.3006E+00  0.2033E+01
 -2.637  0.3019E+00  0.2034E+01
 -2.636  0.3032E+00  0.2034E+01
 -2.635  0.3046E+00  0.2034E+01
 -2.634  0.3059E+00  0.2035E+01
 -2.633  0.3073E+00  0.2035E+01
 -2.632  0.3087E+00  0.2035E+01
 -2.631  0.3097E+00  0.2035E+01
 -2.630  0.3106E+00  0.2036E+01
 -2.629  0.3116E+00  0.2036E+01
 -2.628  0.3125E+00  0.2036E+01
 -2.627  0.3134E+00  0.2037E+01
 -2.626  0.3142E+00  0.2037E+01
 -2.625  0.3150E+00  0.2037E+01
 -2.624  0.3159E+00  0.2038E+01
 -2.623  0.3166E+00  0.2038E+01
 -2.622  0.3174E+00  0.2038E+01
 -2.621  0.3181E+00  0.2039E+01
 -2.620  0.3189E+00  0.2039E+01
 -2.619  0.3196E+00  0.2039E+01
 -2.618  0.3203E+00  0.2040E+01
 -2.617  0.3210E+00  0.2040E+01
 -2.616  0.3217E+00  0.2040E+01
 -2.615  0.3224E+00  0.2041E+01
 -2.614  0.3230E+00  0.2041E+01
 -2.613  0.3237E+00  0.2041E+01
 -2.612  0.3244E+00  0.2042E+01
 -2.611  0.3250E+00  0.2042E+01
 -2.610  0.3257E+00  0.2042E+01
 -2.609  0.3263E+00  0.2043E+01
 -2.608  0.3270E+00  0.2043E+01
 -2.607  0.3276E+00  0.2043E+01
 -2.606  0.3282E+00  0.2043E+01
 -2.605  0.3288E+00  0.2044E+01
 -2.604  0.3294E+00  0.2044E+01
 -2.603  0.3301E+00  0.2044E+01
 -2.602  0.3304E+00  0.2045E+01
 -2.601  0.3307E+00  0.2045E+01
 -2.600  0.3309E+00  0.2045E+01
 -2.599  0.3312E+00  0.2046E+01
 -2.598  0.3314E+00  0.2046E+01
 -2.597  0.3317E+00  0.2046E+01
 -2.596  0.3319E+00  0.2047E+01
 -2.595  0.3321E+00  0.2047E+01
 -2.594  0.3324E+00  0.2047E+01
 -2.593  0.3326E+00  0.2048E+01
 -2.592  0.3328E+00  0.2048E+01
 -2.591  0.3330E+00  0.2048E+01
 -2.590  0.3331E+00  0.2049E+01
 -2.589  0.3333E+00  0.2049E+01
 -2.588  0.3335E+00  0.2049E+01
 -2.587  0.3336E+00  0.2050E+01
 -2.586  0.3338E+00  0.2050E+01
 -2.585  0.3339E+00  0.2050E+01
 -2.584  0.3341E+00  0.2051E+01
 -2.583  0.3342E+00  0.2051E+01
 -2.582  0.3343E+00  0.2051E+01
 -2.581  0.3344E+00  0.2052E+01
 -2.580  0.3345E+00  0.2052E+01
 -2.579  0.3349E+00  0.2052E+01
 -2.578  0.3352E+00  0.2053E+01
 -2.577  0.3356E+00  0.2053E+01
 -2.576  0.3359E+00  0.2053E+01
 -2.575  0.3362E+00  0.2054E+01
 -2.574  0.3366E+00  0.2054E+01
 -2.573  0.3369E+00  0.2054E+01
 -2.572  0.3372E+00  0.2055E+01
 -2.571  0.3375E+00  0.2055E+01
 -2.570  0.3378E+00  0.2055E+01
 -2.569  0.3381E+00  0.2056E+01
 -2.568  0.3384E+00  0.2056E+01
 -2.567  0.3387E+00  0.2057E+01
 -2.566  0.3390E+00  0.2057E+01
 -2.565  0.3393E+00  0.2057E+01
 -2.564  0.3396E+00  0.2058E+01
 -2.563  0.3399E+00  0.2058E+01
 -2.562  0.3402E+00  0.2058E+01
 -2.561  0.3405E+00  0.2059E+01
 -2.560  0.3408E+00  0.2059E+01
 -2.559  0.3411E+00  0.2059E+01
 -2.558  0.3414E+00  0.2060E+01
 -2.557  0.3417E+00  0.2060E+01
 -2.556  0.3420E+00  0.2060E+01
 -2.555  0.3423E+00  0.2061E+01
 -2.554  0.3427E+00  0.2061E+01
 -2.553  0.3432E+00  0.2061E+01
 -2.552  0.3436E+00  0.2062E+01
 -2.551  0.3441E+00  0.2062E+01
 -2.550  0.3446E+00  0.2062E+01
 -2.549  0.3451E+00  0.2063E+01
 -2.548  0.3456E+00  0.2063E+01
 -2.547  0.3461E+00  0.2063E+01
 -2.546  0.3466E+00  0.2064E+01
 -2.545  0.3471E+00  0.2064E+01
 -2.544  0.3476E+00  0.2064E+01
 -2.543  0.3481E+00  0.2065E+01
 -2.542  0.3486E+00  0.2065E+01
 -2.541  0.3492E+00  0.2065E+01
 -2.540  0.3497E+00  0.2066E+01
 -2.539  0.3502E+00  0.2066E+01
 -2.538  0.3507E+00  0.2066E+01
 -2.537  0.3512E+00  0.2067E+01
 -2.536  0.3517E+00  0.2067E+01
 -2.535  0.3522E+00  0.2068E+01
 -2.534  0.3527E+00  0.2068E+01
 -2.533  0.3532E+00  0.2068E+01
 -2.532  0.3537E+00  0.2069E+01
 -2.531  0.3542E+00  0.2069E+01
 -2.530  0.3547E+00  0.2069E+01
 -2.529  0.3552E+00  0.2070E+01
 -2.528  0.3558E+00  0.2070E+01
 -2.527  0.3563E+00  0.2070E+01
 -2.526  0.3569E+00  0.2071E+01
 -2.525  0.3575E+00  0.2071E+01
 -2.524  0.3581E+00  0.2071E+01
 -2.523  0.3587E+00  0.2072E+01
 -2.522  0.3593E+00  0.2072E+01
 -2.521  0.3599E+00  0.2073E+01
 -2.520  0.3605E+00  0.2073E+01
 -2.519  0.3610E+00  0.2073E+01
 -2.518  0.3617E+00  0.2074E+01
 -2.517  0.3623E+00  0.2074E+01
 -2.516  0.3630E+00  0.2074E+01
 -2.515  0.3638E+00  0.2075E+01
 -2.514  0.3645E+00  0.2075E+01
 -2.513  0.3653E+00  0.2075E+01
 -2.512  0.3660E+00  0.2076E+01
 -2.511  0.3667E+00  0.2076E+01
 -2.510  0.3674E+00  0.2077E+01
 -2.509  0.3680E+00  0.2077E+01
 -2.508  0.3685E+00  0.2077E+01
 -2.507  0.3690E+00  0.2078E+01
 -2.506  0.3695E+00  0.2078E+01
 -2.505  0.3699E+00  0.2078E+01
 -2.504  0.3703E+00  0.2079E+01
 -2.503  0.3706E+00  0.2079E+01
 -2.502  0.3709E+00  0.2079E+01
 -2.501  0.3712E+00  0.2080E+01
 -2.500  0.3714E+00  0.2080E+01
 -2.499  0.3716E+00  0.2081E+01
 -2.498  0.3719E+00  0.2081E+01
 -2.497  0.3721E+00  0.2081E+01
 -2.496  0.3723E+00  0.2082E+01
 -2.495  0.3726E+00  0.2082E+01
 -2.494  0.3729E+00  0.2082E+01
 -2.493  0.3731E+00  0.2083E+01
 -2.492  0.3734E+00  0.2083E+01
 -2.491  0.3737E+00  0.2084E+01
 -2.490  0.3740E+00  0.2084E+01
 -2.489  0.3742E+00  0.2084E+01
 -2.488  0.3745E+00  0.2085E+01
 -2.487  0.3748E+00  0.2085E+01
 -2.486  0.3751E+00  0.2085E+01
 -2.485  0.3754E+00  0.2086E+01
 -2.484  0.3758E+00  0.2086E+01
 -2.483  0.3761E+00  0.2087E+01
 -2.482  0.3764E+00  0.2087E+01
 -2.481  0.3781E+00  0.2087E+01
 -2.480  0.3804E+00  0.2088E+01
 -2.479  0.3824E+00  0.2088E+01
 -2.478  0.3842E+00  0.2088E+01
 -2.477  0.3857E+00  0.2089E+01
 -2.476  0.3869E+00  0.2089E+01
 -2.475  0.3878E+00  0.2090E+01
 -2.474  0.3885E+00  0.2090E+01
 -2.473  0.3890E+00  0.2090E+01
 -2.472  0.3892E+00  0.2091E+01
 -2.471  0.3892E+00  0.2091E+01
 -2.470  0.3892E+00  0.2092E+01
 -2.469  0.3892E+00  0.2092E+01
 -2.468  0.3892E+00  0.2092E+01
 -2.467  0.3892E+00  0.2093E+01
 -2.466  0.3892E+00  0.2093E+01
 -2.465  0.3892E+00  0.2094E+01
 -2.464  0.3893E+00  0.2094E+01
 -2.463  0.3893E+00  0.2094E+01
 -2.462  0.3893E+00  0.2095E+01
 -2.461  0.3894E+00  0.2095E+01
 -2.460  0.3895E+00  0.2095E+01
 -2.459  0.3895E+00  0.2096E+01
 -2.458  0.3896E+00  0.2096E+01
 -2.457  0.3897E+00  0.2097E+01
 -2.456  0.3898E+00  0.2097E+01
 -2.455  0.3899E+00  0.2097E+01
 -2.454  0.3900E+00  0.2098E+01
 -2.453  0.3901E+00  0.2098E+01
 -2.452  0.3903E+00  0.2099E+01
 -2.451  0.3906E+00  0.2099E+01
 -2.450  0.3909E+00  0.2099E+01
 -2.449  0.3913E+00  0.2100E+01
 -2.448  0.3917E+00  0.2100E+01
 -2.447  0.3921E+00  0.2101E+01
 -2.446  0.3925E+00  0.2101E+01
 -2.445  0.3929E+00  0.2101E+01
 -2.444  0.3933E+00  0.2102E+01
 -2.443  0.3937E+00  0.2102E+01
 -2.442  0.3941E+00  0.2103E+01
 -2.441  0.3945E+00  0.2103E+01
 -2.440  0.3950E+00  0.2103E+01
 -2.439  0.3954E+00  0.2104E+01
 -2.438  0.3958E+00  0.2104E+01
 -2.437  0.3962E+00  0.2105E+01
 -2.436  0.3967E+00  0.2105E+01
 -2.435  0.3971E+00  0.2105E+01
 -2.434  0.3975E+00  0.2106E+01
 -2.433  0.3979E+00  0.2106E+01
 -2.432  0.3984E+00  0.2106E+01
 -2.431  0.3988E+00  0.2107E+01
 -2.430  0.3993E+00  0.2107E+01
 -2.429  0.3997E+00  0.2108E+01
 -2.428  0.4001E+00  0.2108E+01
 -2.427  0.4006E+00  0.2108E+01
 -2.426  0.4010E+00  0.2109E+01
 -2.425  0.4014E+00  0.2109E+01
 -2.424  0.4018E+00  0.2110E+01
 -2.423  0.4023E+00  0.2110E+01
 -2.422  0.4027E+00  0.2110E+01
 -2.421  0.4032E+00  0.2111E+01
 -2.420  0.4037E+00  0.2111E+01
 -2.419  0.4042E+00  0.2112E+01
 -2.418  0.4048E+00  0.2112E+01
 -2.417  0.4054E+00  0.2113E+01
 -2.416  0.4061E+00  0.2113E+01
 -2.415  0.4068E+00  0.2113E+01
 -2.414  0.4076E+00  0.2114E+01
 -2.413  0.4084E+00  0.2114E+01
 -2.412  0.4092E+00  0.2115E+01
 -2.411  0.4101E+00  0.2115E+01
 -2.410  0.4110E+00  0.2115E+01
 -2.409  0.4120E+00  0.2116E+01
 -2.408  0.4130E+00  0.2116E+01
 -2.407  0.4140E+00  0.2117E+01
 -2.406  0.4149E+00  0.2117E+01
 -2.405  0.4150E+00  0.2117E+01
 -2.404  0.4150E+00  0.2118E+01
 -2.403  0.4149E+00  0.2118E+01
 -2.402  0.4148E+00  0.2119E+01
 -2.401  0.4148E+00  0.2119E+01
 -2.400  0.4148E+00  0.2120E+01
 -2.399  0.4148E+00  0.2120E+01
 -2.398  0.4149E+00  0.2120E+01
 -2.397  0.4150E+00  0.2121E+01
 -2.396  0.4151E+00  0.2121E+01
 -2.395  0.4152E+00  0.2122E+01
 -2.394  0.4154E+00  0.2122E+01
 -2.393  0.4156E+00  0.2122E+01
 -2.392  0.4158E+00  0.2123E+01
 -2.391  0.4160E+00  0.2123E+01
 -2.390  0.4163E+00  0.2124E+01
 -2.389  0.4166E+00  0.2124E+01
 -2.388  0.4169E+00  0.2125E+01
 -2.387  0.4173E+00  0.2125E+01
 -2.386  0.4177E+00  0.2125E+01
 -2.385  0.4181E+00  0.2126E+01
 -2.384  0.4186E+00  0.2126E+01
 -2.383  0.4191E+00  0.2127E+01
 -2.382  0.4195E+00  0.2127E+01
 -2.381  0.4200E+00  0.2127E+01
 -2.380  0.4205E+00  0.2128E+01
 -2.379  0.4209E+00  0.2128E+01
 -2.378  0.4214E+00  0.2129E+01
 -2.377  0.4219E+00  0.2129E+01
 -2.376  0.4224E+00  0.2130E+01
 -2.375  0.4228E+00  0.2130E+01
 -2.374  0.4233E+00  0.2130E+01
 -2.373  0.4238E+00  0.2131E+01
 -2.372  0.4242E+00  0.2131E+01
 -2.371  0.4247E+00  0.2132E+01
 -2.370  0.4252E+00  0.2132E+01
 -2.369  0.4257E+00  0.2133E+01
 -2.368  0.4261E+00  0.2133E+01
 -2.367  0.4266E+00  0.2133E+01
 -2.366  0.4271E+00  0.2134E+01
 -2.365  0.4275E+00  0.2134E+01
 -2.364  0.4280E+00  0.2135E+01
 -2.363  0.4285E+00  0.2135E+01
 -2.362  0.4289E+00  0.2136E+01
 -2.361  0.4294E+00  0.2136E+01
 -2.360  0.4299E+00  0.2136E+01
 -2.359  0.4303E+00  0.2137E+01
 -2.358  0.4308E+00  0.2137E+01
 -2.357  0.4313E+00  0.2138E+01
 -2.356  0.4317E+00  0.2138E+01
 -2.355  0.4322E+00  0.2139E+01
 -2.354  0.4326E+00  0.2139E+01
 -2.353  0.4331E+00  0.2139E+01
 -2.352  0.4336E+00  0.2140E+01
 -2.351  0.4341E+00  0.2140E+01
 -2.350  0.4346E+00  0.2141E+01
 -2.349  0.4351E+00  0.2141E+01
 -2.348  0.4356E+00  0.2142E+01
 -2.347  0.4361E+00  0.2142E+01
 -2.346  0.4366E+00  0.2142E+01
 -2.345  0.4371E+00  0.2143E+01
 -2.344  0.4377E+00  0.2143E+01
 -2.343  0.4382E+00  0.2144E+01
 -2.342  0.4388E+00  0.2144E+01
 -2.341  0.4393E+00  0.2145E+01
 -2.340  0.4399E+00  0.2145E+01
 -2.339  0.4405E+00  0.2146E+01
 -2.338  0.4411E+00  0.2146E+01
 -2.337  0.4417E+00  0.2146E+01
 -2.336  0.4423E+00  0.2147E+01
 -2.335  0.4429E+00  0.2147E+01
 -2.334  0.4435E+00  0.2148E+01
 -2.333  0.4441E+00  0.2148E+01
 -2.332  0.4448E+00  0.2149E+01
 -2.331  0.4454E+00  0.2149E+01
 -2.330  0.4461E+00  0.2149E+01
 -2.329  0.4467E+00  0.2150E+01
 -2.328  0.4474E+00  0.2150E+01
 -2.327  0.4481E+00  0.2151E+01
 -2.326  0.4488E+00  0.2151E+01
 -2.325  0.4494E+00  0.2152E+01
 -2.324  0.4501E+00  0.2152E+01
 -2.323  0.4508E+00  0.2153E+01
 -2.322  0.4515E+00  0.2153E+01
 -2.321  0.4521E+00  0.2154E+01
 -2.320  0.4527E+00  0.2154E+01
 -2.319  0.4534E+00  0.2154E+01
 -2.318  0.4540E+00  0.2155E+01
 -2.317  0.4546E+00  0.2155E+01
 -2.316  0.4552E+00  0.2156E+01
 -2.315  0.4558E+00  0.2156E+01
 -2.314  0.4564E+00  0.2157E+01
 -2.313  0.4570E+00  0.2157E+01
 -2.312  0.4575E+00  0.2158E+01
 -2.311  0.4581E+00  0.2158E+01
 -2.310  0.4587E+00  0.2159E+01
 -2.309  0.4592E+00  0.2159E+01
 -2.308  0.4597E+00  0.2159E+01
 -2.307  0.4602E+00  0.2160E+01
 -2.306  0.4607E+00  0.2160E+01
 -2.305  0.4612E+00  0.2161E+01
 -2.304  0.4617E+00  0.2161E+01
 -2.303  0.4622E+00  0.2162E+01
 -2.302  0.4626E+00  0.2162E+01
 -2.301  0.4631E+00  0.2163E+01
 -2.300  0.4635E+00  0.2163E+01
 -2.299  0.4639E+00  0.2164E+01
 -2.298  0.4643E+00  0.2164E+01
 -2.297  0.4647E+00  0.2165E+01
 -2.296  0.4651E+00  0.2165E+01
 -2.295  0.4654E+00  0.2165E+01
 -2.294  0.4658E+00  0.2166E+01
 -2.293  0.4661E+00  0.2166E+01
 -2.292  0.4664E+00  0.2167E+01
 -2.291  0.4667E+00  0.2167E+01
 -2.290  0.4670E+00  0.2168E+01
 -2.289  0.4673E+00  0.2168E+01
 -2.288  0.4676E+00  0.2169E+01
 -2.287  0.4680E+00  0.2169E+01
 -2.286  0.4684E+00  0.2170E+01
 -2.285  0.4688E+00  0.2170E+01
 -2.284  0.4692E+00  0.2171E+01
 -2.283  0.4697E+00  0.2171E+01
 -2.282  0.4701E+00  0.2172E+01
 -2.281  0.4706E+00  0.2172E+01
 -2.280  0.4711E+00  0.2173E+01
 -2.279  0.4716E+00  0.2173E+01
 -2.278  0.4721E+00  0.2173E+01
 -2.277  0.4726E+00  0.2174E+01
 -2.276  0.4731E+00  0.2174E+01
 -2.275  0.4736E+00  0.2175E+01
 -2.274  0.4742E+00  0.2175E+01
 -2.273  0.4747E+00  0.2176E+01
 -2.272  0.4752E+00  0.2176E+01
 -2.271  0.4757E+00  0.2177E+01
 -2.270  0.4762E+00  0.2177E+01
 -2.269  0.4767E+00  0.2178E+01
 -2.268  0.4772E+00  0.2178E+01
 -2.267  0.4778E+00  0.2179E+01
 -2.266  0.4783E+00  0.2179E+01
 -2.265  0.4788E+00  0.2180E+01
 -2.264  0.4793E+00  0.2180E+01
 -2.263  0.4799E+00  0.2181E+01
 -2.262  0.4804E+00  0.2181E+01
 -2.261  0.4809E+00  0.2182E+01
 -2.260  0.4815E+00  0.2182E+01
 -2.259  0.4820E+00  0.2183E+01
 -2.258  0.4825E+00  0.2183E+01
 -2.257  0.4831E+00  0.2183E+01
 -2.256  0.4836E+00  0.2184E+01
 -2.255  0.4842E+00  0.2184E+01
 -2.254  0.4847E+00  0.2185E+01
 -2.253  0.4853E+00  0.2185E+01
 -2.252  0.4858E+00  0.2186E+01
 -2.251  0.4863E+00  0.2186E+01
 -2.250  0.4869E+00  0.2187E+01
 -2.249  0.4874E+00  0.2187E+01
 -2.248  0.4879E+00  0.2188E+01
 -2.247  0.4884E+00  0.2188E+01
 -2.246  0.4889E+00  0.2189E+01
 -2.245  0.4894E+00  0.2189E+01
 -2.244  0.4899E+00  0.2190E+01
 -2.243  0.4904E+00  0.2190E+01
 -2.242  0.4909E+00  0.2191E+01
 -2.241  0.4914E+00  0.2191E+01
 -2.240  0.4919E+00  0.2192E+01
 -2.239  0.4924E+00  0.2192E+01
 -2.238  0.4929E+00  0.2193E+01
 -2.237  0.4934E+00  0.2193E+01
 -2.236  0.4939E+00  0.2194E+01
 -2.235  0.4943E+00  0.2194E+01
 -2.234  0.4948E+00  0.2195E+01
 -2.233  0.4953E+00  0.2195E+01
 -2.232  0.4958E+00  0.2196E+01
 -2.231  0.4963E+00  0.2196E+01
 -2.230  0.4968E+00  0.2197E+01
 -2.229  0.4972E+00  0.2197E+01
 -2.228  0.4977E+00  0.2198E+01
 -2.227  0.4982E+00  0.2198E+01
 -2.226  0.4987E+00  0.2199E+01
 -2.225  0.4990E+00  0.2199E+01
 -2.224  0.4993E+00  0.2200E+01
 -2.223  0.4996E+00  0.2200E+01
 -2.222  0.5000E+00  0.2201E+01
 -2.221  0.5003E+00  0.2201E+01
 -2.220  0.5006E+00  0.2202E+01
 -2.219  0.5010E+00  0.2202E+01
 -2.218  0.5013E+00  0.2203E+01
 -2.217  0.5017E+00  0.2203E+01
 -2.216  0.5021E+00  0.2204E+01
 -2.215  0.5024E+00  0.2204E+01
 -2.214  0.5028E+00  0.2205E+01
 -2.213  0.5032E+00  0.2205E+01
 -2.212  0.5036E+00  0.2206E+01
 -2.211  0.5039E+00  0.2206E+01
 -2.210  0.5043E+00  0.2207E+01
 -2.209  0.5047E+00  0.2207E+01
 -2.208  0.5051E+00  0.2208E+01
 -2.207  0.5056E+00  0.2208E+01
 -2.206  0.5060E+00  0.2209E+01
 -2.205  0.5064E+00  0.2209E+01
 -2.204  0.5068E+00  0.2210E+01
 -2.203  0.5073E+00  0.2210E+01
 -2.202  0.5077E+00  0.2211E+01
 -2.201  0.5082E+00  0.2211E+01
 -2.200  0.5086E+00  0.2212E+01
 -2.199  0.5091E+00  0.2212E+01
 -2.198  0.5096E+00  0.2213E+01
 -2.197  0.5101E+00  0.2213E+01
 -2.196  0.5106E+00  0.2214E+01
 -2.195  0.5111E+00  0.2214E+01
 -2.194  0.5115E+00  0.2215E+01
 -2.193  0.5120E+00  0.2215E+01
 -2.192  0.5125E+00  0.2216E+01
 -2.191  0.5130E+00  0.2216E+01
 -2.190  0.5135E+00  0.2217E+01
 -2.189  0.5141E+00  0.2217E+01
 -2.188  0.5146E+00  0.2218E+01
 -2.187  0.5151E+00  0.2218E+01
 -2.186  0.5156E+00  0.2219E+01
 -2.185  0.5162E+00  0.2220E+01
 -2.184  0.5167E+00  0.2220E+01
 -2.183  0.5173E+00  0.2221E+01
 -2.182  0.5178E+00  0.2221E+01
 -2.181  0.5184E+00  0.2222E+01
 -2.180  0.5190E+00  0.2222E+01
 -2.179  0.5195E+00  0.2223E+01
 -2.178  0.5201E+00  0.2223E+01
 -2.177  0.5207E+00  0.2224E+01
 -2.176  0.5213E+00  0.2224E+01
 -2.175  0.5219E+00  0.2225E+01
 -2.174  0.5225E+00  0.2225E+01
 -2.173  0.5231E+00  0.2226E+01
 -2.172  0.5237E+00  0.2226E+01
 -2.171  0.5243E+00  0.2227E+01
 -2.170  0.5249E+00  0.2227E+01
 -2.169  0.5255E+00  0.2228E+01
 -2.168  0.5261E+00  0.2228E+01
 -2.167  0.5267E+00  0.2229E+01
 -2.166  0.5273E+00  0.2229E+01
 -2.165  0.5279E+00  0.2230E+01
 -2.164  0.5285E+00  0.2230E+01
 -2.163  0.5292E+00  0.2231E+01
 -2.162  0.5298E+00  0.2232E+01
 -2.161  0.5304E+00  0.2232E+01
 -2.160  0.5310E+00  0.2233E+01
 -2.159  0.5316E+00  0.2233E+01
 -2.158  0.5323E+00  0.2234E+01
 -2.157  0.5329E+00  0.2234E+01
 -2.156  0.5335E+00  0.2235E+01
 -2.155  0.5341E+00  0.2235E+01
 -2.154  0.5347E+00  0.2236E+01
 -2.153  0.5354E+00  0.2236E+01
 -2.152  0.5360E+00  0.2237E+01
 -2.151  0.5366E+00  0.2237E+01
 -2.150  0.5372E+00  0.2238E+01
 -2.149  0.5378E+00  0.2238E+01
 -2.148  0.5384E+00  0.2239E+01
 -2.147  0.5391E+00  0.2240E+01
 -2.146  0.5397E+00  0.2240E+01
 -2.145  0.5403E+00  0.2241E+01
 -2.144  0.5409E+00  0.2241E+01
 -2.143  0.5415E+00  0.2242E+01
 -2.142  0.5421E+00  0.2242E+01
 -2.141  0.5427E+00  0.2243E+01
 -2.140  0.5433E+00  0.2243E+01
 -2.139  0.5439E+00  0.2244E+01
 -2.138  0.5445E+00  0.2244E+01
 -2.137  0.5451E+00  0.2245E+01
 -2.136  0.5457E+00  0.2246E+01
 -2.135  0.5463E+00  0.2246E+01
 -2.134  0.5469E+00  0.2247E+01
 -2.133  0.5475E+00  0.2247E+01
 -2.132  0.5481E+00  0.2248E+01
 -2.131  0.5487E+00  0.2248E+01
 -2.130  0.5492E+00  0.2249E+01
 -2.129  0.5498E+00  0.2249E+01
 -2.128  0.5504E+00  0.2250E+01
 -2.127  0.5510E+00  0.2250E+01
 -2.126  0.5516E+00  0.2251E+01
 -2.125  0.5521E+00  0.2252E+01
 -2.124  0.5527E+00  0.2252E+01
 -2.123  0.5533E+00  0.2253E+01
 -2.122  0.5538E+00  0.2253E+01
 -2.121  0.5544E+00  0.2254E+01
 -2.120  0.5550E+00  0.2254E+01
 -2.119  0.5555E+00  0.2255E+01
 -2.118  0.5561E+00  0.2255E+01
 -2.117  0.5567E+00  0.2256E+01
 -2.116  0.5573E+00  0.2257E+01
 -2.115  0.5578E+00  0.2257E+01
 -2.114  0.5584E+00  0.2258E+01
 -2.113  0.5590E+00  0.2258E+01
 -2.112  0.5595E+00  0.2259E+01
 -2.111  0.5601E+00  0.2259E+01
 -2.110  0.5607E+00  0.2260E+01
 -2.109  0.5612E+00  0.2260E+01
 -2.108  0.5618E+00  0.2261E+01
 -2.107  0.5623E+00  0.2262E+01
 -2.106  0.5629E+00  0.2262E+01
 -2.105  0.5635E+00  0.2263E+01
 -2.104  0.5640E+00  0.2263E+01
 -2.103  0.5646E+00  0.2264E+01
 -2.102  0.5651E+00  0.2264E+01
 -2.101  0.5657E+00  0.2265E+01
 -2.100  0.5662E+00  0.2266E+01
 -2.099  0.5668E+00  0.2266E+01
 -2.098  0.5674E+00  0.2267E+01
 -2.097  0.5680E+00  0.2267E+01
 -2.096  0.5686E+00  0.2268E+01
 -2.095  0.5692E+00  0.2268E+01
 -2.094  0.5697E+00  0.2269E+01
 -2.093  0.5703E+00  0.2270E+01
 -2.092  0.5710E+00  0.2270E+01
 -2.091  0.5716E+00  0.2271E+01
 -2.090  0.5722E+00  0.2271E+01
 -2.089  0.5728E+00  0.2272E+01
 -2.088  0.5734E+00  0.2272E+01
 -2.087  0.5740E+00  0.2273E+01
 -2.086  0.5747E+00  0.2274E+01
 -2.085  0.5753E+00  0.2274E+01
 -2.084  0.5760E+00  0.2275E+01
 -2.083  0.5766E+00  0.2275E+01
 -2.082  0.5773E+00  0.2276E+01
 -2.081  0.5779E+00  0.2276E+01
 -2.080  0.5786E+00  0.2277E+01
 -2.079  0.5793E+00  0.2278E+01
 -2.078  0.5799E+00  0.2278E+01
 -2.077  0.5806E+00  0.2279E+01
 -2.076  0.5813E+00  0.2279E+01
 -2.075  0.5820E+00  0.2280E+01
 -2.074  0.5827E+00  0.2280E+01
 -2.073  0.5834E+00  0.2281E+01
 -2.072  0.5841E+00  0.2282E+01
 -2.071  0.5848E+00  0.2282E+01
 -2.070  0.5855E+00  0.2283E+01
 -2.069  0.5861E+00  0.2283E+01
 -2.068  0.5868E+00  0.2284E+01
 -2.067  0.5872E+00  0.2285E+01
 -2.066  0.5877E+00  0.2285E+01
 -2.065  0.5882E+00  0.2286E+01
 -2.064  0.5887E+00  0.2286E+01
 -2.063  0.5892E+00  0.2287E+01
 -2.062  0.5896E+00  0.2288E+01
 -2.061  0.5901E+00  0.2288E+01
 -2.060  0.5905E+00  0.2289E+01
 -2.059  0.5910E+00  0.2289E+01
 -2.058  0.5914E+00  0.2290E+01
 -2.057  0.5918E+00  0.2290E+01
 -2.056  0.5922E+00  0.2291E+01
 -2.055  0.5927E+00  0.2292E+01
 -2.054  0.5931E+00  0.2292E+01
 -2.053  0.5936E+00  0.2293E+01
 -2.052  0.5941E+00  0.2293E+01
 -2.051  0.5946E+00  0.2294E+01
 -2.050  0.5951E+00  0.2295E+01
 -2.049  0.5956E+00  0.2295E+01
 -2.048  0.5961E+00  0.2296E+01
 -2.047  0.5967E+00  0.2296E+01
 -2.046  0.5972E+00  0.2297E+01
 -2.045  0.5978E+00  0.2298E+01
 -2.044  0.5984E+00  0.2298E+01
 -2.043  0.5990E+00  0.2299E+01
 -2.042  0.5996E+00  0.2299E+01
 -2.041  0.6002E+00  0.2300E+01
 -2.040  0.6009E+00  0.2301E+01
 -2.039  0.6015E+00  0.2301E+01
 -2.038  0.6022E+00  0.2302E+01
 -2.037  0.6028E+00  0.2302E+01
 -2.036  0.6035E+00  0.2303E+01
 -2.035  0.6042E+00  0.2304E+01
 -2.034  0.6048E+00  0.2304E+01
 -2.033  0.6055E+00  0.2305E+01
 -2.032  0.6062E+00  0.2305E+01
 -2.031  0.6069E+00  0.2306E+01
 -2.030  0.6076E+00  0.2307E+01
 -2.029  0.6083E+00  0.2307E+01
 -2.028  0.6090E+00  0.2308E+01
 -2.027  0.6097E+00  0.2309E+01
 -2.026  0.6104E+00  0.2309E+01
 -2.025  0.6111E+00  0.2310E+01
 -2.024  0.6118E+00  0.2310E+01
 -2.023  0.6126E+00  0.2311E+01
 -2.022  0.6133E+00  0.2312E+01
 -2.021  0.6140E+00  0.2312E+01
 -2.020  0.6147E+00  0.2313E+01
 -2.019  0.6154E+00  0.2313E+01
 -2.018  0.6161E+00  0.2314E+01
 -2.017  0.6168E+00  0.2315E+01
 -2.016  0.6175E+00  0.2315E+01
 -2.015  0.6182E+00  0.2316E+01
 -2.014  0.6189E+00  0.2316E+01
 -2.013  0.6196E+00  0.2317E+01
 -2.012  0.6203E+00  0.2318E+01
 -2.011  0.6210E+00  0.2318E+01
 -2.010  0.6217E+00  0.2319E+01
 -2.009  0.6224E+00  0.2320E+01
 -2.008  0.6231E+00  0.2320E+01
 -2.007  0.6238E+00  0.2321E+01
 -2.006  0.6245E+00  0.2321E+01
 -2.005  0.6252E+00  0.2322E+01
 -2.004  0.6259E+00  0.2323E+01
 -2.003  0.6266E+00  0.2323E+01
 -2.002  0.6272E+00  0.2324E+01
 -2.001  0.6279E+00  0.2325E+01
 -2.000  0.6286E+00  0.2325E+01
 -1.999  0.6293E+00  0.2326E+01
 -1.998  0.6300E+00  0.2326E+01
 -1.997  0.6307E+00  0.2327E+01
 -1.996  0.6313E+00  0.2328E+01
 -1.995  0.6320E+00  0.2328E+01
 -1.994  0.6327E+00  0.2329E+01
 -1.993  0.6334E+00  0.2330E+01
 -1.992  0.6340E+00  0.2330E+01
 -1.991  0.6347E+00  0.2331E+01
 -1.990  0.6354E+00  0.2332E+01
 -1.989  0.6360E+00  0.2332E+01
 -1.988  0.6367E+00  0.2333E+01
 -1.987  0.6374E+00  0.2333E+01
 -1.986  0.6380E+00  0.2334E+01
 -1.985  0.6384E+00  0.2335E+01
 -1.984  0.6387E+00  0.2335E+01
 -1.983  0.6391E+00  0.2336E+01
 -1.982  0.6395E+00  0.2337E+01
 -1.981  0.6399E+00  0.2337E+01
 -1.980  0.6404E+00  0.2338E+01
 -1.979  0.6408E+00  0.2339E+01
 -1.978  0.6413E+00  0.2339E+01
 -1.977  0.6418E+00  0.2340E+01
 -1.976  0.6424E+00  0.2341E+01
 -1.975  0.6429E+00  0.2341E+01
 -1.974  0.6434E+00  0.2342E+01
 -1.973  0.6440E+00  0.2342E+01
 -1.972  0.6446E+00  0.2343E+01
 -1.971  0.6452E+00  0.2344E+01
 -1.970  0.6458E+00  0.2344E+01
 -1.969  0.6464E+00  0.2345E+01
 -1.968  0.6471E+00  0.2346E+01
 -1.967  0.6477E+00  0.2346E+01
 -1.966  0.6484E+00  0.2347E+01
 -1.965  0.6491E+00  0.2348E+01
 -1.964  0.6498E+00  0.2348E+01
 -1.963  0.6506E+00  0.2349E+01
 -1.962  0.6513E+00  0.2350E+01
 -1.961  0.6520E+00  0.2350E+01
 -1.960  0.6527E+00  0.2351E+01
 -1.959  0.6534E+00  0.2352E+01
 -1.958  0.6542E+00  0.2352E+01
 -1.957  0.6549E+00  0.2353E+01
 -1.956  0.6557E+00  0.2353E+01
 -1.955  0.6564E+00  0.2354E+01
 -1.954  0.6571E+00  0.2355E+01
 -1.953  0.6579E+00  0.2355E+01
 -1.952  0.6587E+00  0.2356E+01
 -1.951  0.6594E+00  0.2357E+01
 -1.950  0.6602E+00  0.2357E+01
 -1.949  0.6610E+00  0.2358E+01
 -1.948  0.6618E+00  0.2359E+01
 -1.947  0.6626E+00  0.2359E+01
 -1.946  0.6634E+00  0.2360E+01
 -1.945  0.6642E+00  0.2361E+01
 -1.944  0.6650E+00  0.2361E+01
 -1.943  0.6658E+00  0.2362E+01
 -1.942  0.6666E+00  0.2363E+01
 -1.941  0.6675E+00  0.2363E+01
 -1.940  0.6683E+00  0.2364E+01
 -1.939  0.6692E+00  0.2365E+01
 -1.938  0.6701E+00  0.2365E+01
 -1.937  0.6709E+00  0.2366E+01
 -1.936  0.6718E+00  0.2367E+01
 -1.935  0.6727E+00  0.2367E+01
 -1.934  0.6736E+00  0.2368E+01
 -1.933  0.6745E+00  0.2369E+01
 -1.932  0.6754E+00  0.2369E+01
 -1.931  0.6762E+00  0.2370E+01
 -1.930  0.6771E+00  0.2371E+01
 -1.929  0.6780E+00  0.2371E+01
 -1.928  0.6789E+00  0.2372E+01
 -1.927  0.6798E+00  0.2373E+01
 -1.926  0.6806E+00  0.2374E+01
 -1.925  0.6815E+00  0.2374E+01
 -1.924  0.6824E+00  0.2375E+01
 -1.923  0.6833E+00  0.2376E+01
 -1.922  0.6841E+00  0.2376E+01
 -1.921  0.6850E+00  0.2377E+01
 -1.920  0.6859E+00  0.2378E+01
 -1.919  0.6868E+00  0.2378E+01
 -1.918  0.6877E+00  0.2379E+01
 -1.917  0.6885E+00  0.2380E+01
 -1.916  0.6894E+00  0.2380E+01
 -1.915  0.6903E+00  0.2381E+01
 -1.914  0.6911E+00  0.2382E+01
 -1.913  0.6920E+00  0.2382E+01
 -1.912  0.6928E+00  0.2383E+01
 -1.911  0.6937E+00  0.2384E+01
 -1.910  0.6946E+00  0.2385E+01
 -1.909  0.6954E+00  0.2385E+01
 -1.908  0.6963E+00  0.2386E+01
 -1.907  0.6971E+00  0.2387E+01
 -1.906  0.6980E+00  0.2387E+01
 -1.905  0.6989E+00  0.2388E+01
 -1.904  0.6998E+00  0.2389E+01
 -1.903  0.7006E+00  0.2389E+01
 -1.902  0.7015E+00  0.2390E+01
 -1.901  0.7024E+00  0.2391E+01
 -1.900  0.7033E+00  0.2392E+01
 -1.899  0.7042E+00  0.2392E+01
 -1.898  0.7051E+00  0.2393E+01
 -1.897  0.7060E+00  0.2394E+01
 -1.896  0.7069E+00  0.2394E+01
 -1.895  0.7078E+00  0.2395E+01
 -1.894  0.7088E+00  0.2396E+01
 -1.893  0.7097E+00  0.2396E+01
 -1.892  0.7107E+00  0.2397E+01
 -1.891  0.7116E+00  0.2398E+01
 -1.890  0.7126E+00  0.2399E+01
 -1.889  0.7135E+00  0.2399E+01
 -1.888  0.7145E+00  0.2400E+01
 -1.887  0.7155E+00  0.2401E+01
 -1.886  0.7165E+00  0.2401E+01
 -1.885  0.7175E+00  0.2402E+01
 -1.884  0.7185E+00  0.2403E+01
 -1.883  0.7195E+00  0.2404E+01
 -1.882  0.7205E+00  0.2404E+01
 -1.881  0.7216E+00  0.2405E+01
 -1.880  0.7226E+00  0.2406E+01
 -1.879  0.7236E+00  0.2407E+01
 -1.878  0.7247E+00  0.2407E+01
 -1.877  0.7257E+00  0.2408E+01
 -1.876  0.7268E+00  0.2409E+01
 -1.875  0.7279E+00  0.2409E+01
 -1.874  0.7289E+00  0.2410E+01
 -1.873  0.7300E+00  0.2411E+01
 -1.872  0.7311E+00  0.2412E+01
 -1.871  0.7322E+00  0.2412E+01
 -1.870  0.7333E+00  0.2413E+01
 -1.869  0.7344E+00  0.2414E+01
 -1.868  0.7355E+00  0.2415E+01
 -1.867  0.7366E+00  0.2415E+01
 -1.866  0.7377E+00  0.2416E+01
 -1.865  0.7388E+00  0.2417E+01
 -1.864  0.7400E+00  0.2418E+01
 -1.863  0.7411E+00  0.2418E+01
 -1.862  0.7423E+00  0.2419E+01
 -1.861  0.7434E+00  0.2420E+01
 -1.860  0.7445E+00  0.2420E+01
 -1.859  0.7456E+00  0.2421E+01
 -1.858  0.7467E+00  0.2422E+01
 -1.857  0.7478E+00  0.2423E+01
 -1.856  0.7489E+00  0.2423E+01
 -1.855  0.7500E+00  0.2424E+01
 -1.854  0.7512E+00  0.2425E+01
 -1.853  0.7523E+00  0.2426E+01
 -1.852  0.7534E+00  0.2426E+01
 -1.851  0.7545E+00  0.2427E+01
 -1.850  0.7557E+00  0.2428E+01
 -1.849  0.7569E+00  0.2429E+01
 -1.848  0.7580E+00  0.2429E+01
 -1.847  0.7592E+00  0.2430E+01
 -1.846  0.7604E+00  0.2431E+01
 -1.845  0.7616E+00  0.2432E+01
 -1.844  0.7628E+00  0.2433E+01
 -1.843  0.7640E+00  0.2433E+01
 -1.842  0.7652E+00  0.2434E+01
 -1.841  0.7664E+00  0.2435E+01
 -1.840  0.7676E+00  0.2436E+01
 -1.839  0.7689E+00  0.2436E+01
 -1.838  0.7701E+00  0.2437E+01
 -1.837  0.7714E+00  0.2438E+01
 -1.836  0.7727E+00  0.2439E+01
 -1.835  0.7741E+00  0.2439E+01
 -1.834  0.7754E+00  0.2440E+01
 -1.833  0.7768E+00  0.2441E+01
 -1.832  0.7782E+00  0.2442E+01
 -1.831  0.7797E+00  0.2443E+01
 -1.830  0.7812E+00  0.2443E+01
 -1.829  0.7827E+00  0.2444E+01
 -1.828  0.7842E+00  0.2445E+01
 -1.827  0.7857E+00  0.2446E+01
 -1.826  0.7872E+00  0.2446E+01
 -1.825  0.7886E+00  0.2447E+01
 -1.824  0.7900E+00  0.2448E+01
 -1.823  0.7915E+00  0.2449E+01
 -1.822  0.7929E+00  0.2450E+01
 -1.821  0.7944E+00  0.2450E+01
 -1.820  0.7958E+00  0.2451E+01
 -1.819  0.7972E+00  0.2452E+01
 -1.818  0.7986E+00  0.2453E+01
 -1.817  0.8001E+00  0.2454E+01
 -1.816  0.8015E+00  0.2454E+01
 -1.815  0.8030E+00  0.2455E+01
 -1.814  0.8045E+00  0.2456E+01
 -1.813  0.8060E+00  0.2457E+01
 -1.812  0.8075E+00  0.2458E+01
 -1.811  0.8090E+00  0.2458E+01
 -1.810  0.8105E+00  0.2459E+01
 -1.809  0.8120E+00  0.2460E+01
 -1.808  0.8135E+00  0.2461E+01
 -1.807  0.8148E+00  0.2462E+01
 -1.806  0.8160E+00  0.2463E+01
 -1.805  0.8172E+00  0.2463E+01
 -1.804  0.8184E+00  0.2464E+01
 -1.803  0.8196E+00  0.2465E+01
 -1.802  0.8208E+00  0.2466E+01
 -1.801  0.8220E+00  0.2467E+01
 -1.800  0.8231E+00  0.2467E+01
 -1.799  0.8242E+00  0.2468E+01
 -1.798  0.8253E+00  0.2469E+01
 -1.797  0.8263E+00  0.2470E+01
 -1.796  0.8274E+00  0.2471E+01
 -1.795  0.8285E+00  0.2472E+01
 -1.794  0.8295E+00  0.2472E+01
 -1.793  0.8284E+00  0.2473E+01
 -1.792  0.8240E+00  0.2474E+01
 -1.791  0.8256E+00  0.2475E+01
 -1.790  0.8275E+00  0.2476E+01
 -1.789  0.8295E+00  0.2477E+01
 -1.788  0.8316E+00  0.2477E+01
 -1.787  0.8337E+00  0.2478E+01
 -1.786  0.8358E+00  0.2479E+01
 -1.785  0.8378E+00  0.2480E+01
 -1.784  0.8399E+00  0.2481E+01
 -1.783  0.8420E+00  0.2482E+01
 -1.782  0.8440E+00  0.2482E+01
 -1.781  0.8461E+00  0.2483E+01
 -1.780  0.8482E+00  0.2484E+01
 -1.779  0.8503E+00  0.2485E+01
 -1.778  0.8524E+00  0.2486E+01
 -1.777  0.8545E+00  0.2487E+01
 -1.776  0.8565E+00  0.2488E+01
 -1.775  0.8586E+00  0.2488E+01
 -1.774  0.8607E+00  0.2489E+01
 -1.773  0.8627E+00  0.2490E+01
 -1.772  0.8648E+00  0.2491E+01
 -1.771  0.8668E+00  0.2492E+01
 -1.770  0.8687E+00  0.2493E+01
 -1.769  0.8706E+00  0.2494E+01
 -1.768  0.8725E+00  0.2494E+01
 -1.767  0.8744E+00  0.2495E+01
 -1.766  0.8762E+00  0.2496E+01
 -1.765  0.8780E+00  0.2497E+01
 -1.764  0.8798E+00  0.2498E+01
 -1.763  0.8817E+00  0.2499E+01
 -1.762  0.8835E+00  0.2500E+01
 -1.761  0.8853E+00  0.2501E+01
 -1.760  0.8872E+00  0.2501E+01
 -1.759  0.8893E+00  0.2502E+01
 -1.758  0.8914E+00  0.2503E+01
 -1.757  0.8936E+00  0.2504E+01
 -1.756  0.8959E+00  0.2505E+01
 -1.755  0.8983E+00  0.2506E+01
 -1.754  0.9008E+00  0.2507E+01
 -1.753  0.9034E+00  0.2508E+01
 -1.752  0.9061E+00  0.2509E+01
 -1.751  0.9086E+00  0.2510E+01
 -1.750  0.9106E+00  0.2510E+01
 -1.749  0.9126E+00  0.2511E+01
 -1.748  0.9148E+00  0.2512E+01
 -1.747  0.9170E+00  0.2513E+01
 -1.746  0.9193E+00  0.2514E+01
 -1.745  0.9216E+00  0.2515E+01
 -1.744  0.9238E+00  0.2516E+01
 -1.743  0.9260E+00  0.2517E+01
 -1.742  0.9283E+00  0.2518E+01
 -1.741  0.9305E+00  0.2519E+01
 -1.740  0.9326E+00  0.2520E+01
 -1.739  0.9349E+00  0.2521E+01
 -1.738  0.9371E+00  0.2522E+01
 -1.737  0.9393E+00  0.2523E+01
 -1.736  0.9416E+00  0.2523E+01
 -1.735  0.9438E+00  0.2524E+01
 -1.734  0.9459E+00  0.2525E+01
 -1.733  0.9480E+00  0.2526E+01
 -1.732  0.9501E+00  0.2527E+01
 -1.731  0.9522E+00  0.2528E+01
 -1.730  0.9544E+00  0.2529E+01
 -1.729  0.9567E+00  0.2530E+01
 -1.728  0.9590E+00  0.2531E+01
 -1.727  0.9615E+00  0.2532E+01
 -1.726  0.9640E+00  0.2533E+01
 -1.725  0.9666E+00  0.2534E+01
 -1.724  0.9693E+00  0.2535E+01
 -1.723  0.9721E+00  0.2536E+01
 -1.722  0.9750E+00  0.2537E+01
 -1.721  0.9780E+00  0.2538E+01
 -1.720  0.9811E+00  0.2539E+01
 -1.719  0.9843E+00  0.2540E+01
 -1.718  0.9875E+00  0.2541E+01
 -1.717  0.9907E+00  0.2542E+01
 -1.716  0.9941E+00  0.2543E+01
 -1.715  0.9978E+00  0.2544E+01
 -1.714  0.1002E+01  0.2545E+01
 -1.713  0.1006E+01  0.2546E+01
 -1.712  0.1010E+01  0.2547E+01
 -1.711  0.1015E+01  0.2548E+01
 -1.710  0.1020E+01  0.2549E+01
 -1.709  0.1024E+01  0.2550E+01
 -1.708  0.1029E+01  0.2551E+01
 -1.707  0.1033E+01  0.2552E+01
 -1.706  0.1038E+01  0.2553E+01
 -1.705  0.1042E+01  0.2554E+01
 -1.704  0.1047E+01  0.2555E+01
 -1.703  0.1051E+01  0.2556E+01
 -1.702  0.1056E+01  0.2557E+01
 -1.701  0.1060E+01  0.2558E+01
 -1.700  0.1065E+01  0.2559E+01
 -1.699  0.1070E+01  0.2560E+01
 -1.698  0.1075E+01  0.2561E+01
 -1.697  0.1080E+01  0.2563E+01
 -1.696  0.1086E+01  0.2564E+01
 -1.695  0.1091E+01  0.2565E+01
 -1.694  0.1096E+01  0.2566E+01
 -1.693  0.1102E+01  0.2567E+01
 -1.692  0.1109E+01  0.2568E+01
 -1.691  0.1119E+01  0.2569E+01
 -1.690  0.1129E+01  0.2570E+01
 -1.689  0.1140E+01  0.2571E+01
 -1.688  0.1151E+01  0.2573E+01
 -1.687  0.1163E+01  0.2574E+01
 -1.686  0.1175E+01  0.2575E+01
 -1.685  0.1187E+01  0.2576E+01
 -1.684  0.1203E+01  0.2577E+01
 -1.683  0.1244E+01  0.2579E+01
 -1.682  0.1282E+01  0.2580E+01
 -1.681  0.1330E+01  0.2581E+01
 -1.680  0.1375E+01  0.2583E+01
 -1.679  0.1417E+01  0.2584E+01
 -1.678  0.1458E+01  0.2585E+01
 -1.677  0.1498E+01  0.2587E+01
 -1.676  0.1559E+01  0.2588E+01
 -1.675  0.1625E+01  0.2590E+01
 -1.674  0.1657E+01  0.2592E+01
 -1.673  0.1652E+01  0.2593E+01
 -1.672  0.1624E+01  0.2595E+01
 -1.671  0.1629E+01  0.2597E+01
 -1.670  0.1637E+01  0.2598E+01
 -1.669  0.1650E+01  0.2600E+01
 -1.668  0.1673E+01  0.2602E+01
 -1.667  0.1673E+01  0.2603E+01
 -1.666  0.1651E+01  0.2605E+01
 -1.665  0.1649E+01  0.2607E+01
 -1.664  0.1656E+01  0.2608E+01
 -1.663  0.1664E+01  0.2610E+01
 -1.662  0.1674E+01  0.2612E+01
 -1.661  0.1684E+01  0.2613E+01
 -1.660  0.1696E+01  0.2615E+01
 -1.659  0.1709E+01  0.2617E+01
 -1.658  0.1723E+01  0.2618E+01
 -1.657  0.1737E+01  0.2620E+01
 -1.656  0.1742E+01  0.2622E+01
 -1.655  0.1750E+01  0.2624E+01
 -1.654  0.1755E+01  0.2625E+01
 -1.653  0.1758E+01  0.2627E+01
 -1.652  0.1756E+01  0.2629E+01
 -1.651  0.1750E+01  0.2631E+01
 -1.650  0.1742E+01  0.2632E+01
 -1.649  0.1731E+01  0.2634E+01
 -1.648  0.1716E+01  0.2636E+01
 -1.647  0.1703E+01  0.2638E+01
 -1.646  0.1691E+01  0.2639E+01
 -1.645  0.1678E+01  0.2641E+01
 -1.644  0.1666E+01  0.2643E+01
 -1.643  0.1655E+01  0.2644E+01
 -1.642  0.1645E+01  0.2646E+01
 -1.641  0.1635E+01  0.2647E+01
 -1.640  0.1625E+01  0.2649E+01
 -1.639  0.1616E+01  0.2651E+01
 -1.638  0.1606E+01  0.2652E+01
 -1.637  0.1596E+01  0.2654E+01
 -1.636  0.1586E+01  0.2656E+01
 -1.635  0.1577E+01  0.2657E+01
 -1.634  0.1567E+01  0.2659E+01
 -1.633  0.1557E+01  0.2660E+01
 -1.632  0.1548E+01  0.2662E+01
 -1.631  0.1538E+01  0.2663E+01
 -1.630  0.1529E+01  0.2665E+01
 -1.629  0.1519E+01  0.2666E+01
 -1.628  0.1510E+01  0.2668E+01
 -1.627  0.1500E+01  0.2669E+01
 -1.626  0.1491E+01  0.2671E+01
 -1.625  0.1481E+01  0.2672E+01
 -1.624  0.1472E+01  0.2674E+01
 -1.623  0.1462E+01  0.2675E+01
 -1.622  0.1453E+01  0.2677E+01
 -1.621  0.1443E+01  0.2678E+01
 -1.620  0.1434E+01  0.2680E+01
 -1.619  0.1424E+01  0.2681E+01
 -1.618  0.1415E+01  0.2682E+01
 -1.617  0.1406E+01  0.2684E+01
 -1.616  0.1396E+01  0.2685E+01
 -1.615  0.1386E+01  0.2687E+01
 -1.614  0.1377E+01  0.2688E+01
 -1.613  0.1367E+01  0.2689E+01
 -1.612  0.1357E+01  0.2691E+01
 -1.611  0.1348E+01  0.2692E+01
 -1.610  0.1338E+01  0.2693E+01
 -1.609  0.1329E+01  0.2695E+01
 -1.608  0.1319E+01  0.2696E+01
 -1.607  0.1309E+01  0.2697E+01
 -1.606  0.1299E+01  0.2699E+01
 -1.605  0.1290E+01  0.2700E+01
 -1.604  0.1280E+01  0.2701E+01
 -1.603  0.1270E+01  0.2703E+01
 -1.602  0.1261E+01  0.2704E+01
 -1.601  0.1251E+01  0.2705E+01
 -1.600  0.1242E+01  0.2706E+01
 -1.599  0.1233E+01  0.2707E+01
 -1.598  0.1224E+01  0.2709E+01
 -1.597  0.1217E+01  0.2710E+01
 -1.596  0.1210E+01  0.2711E+01
 -1.595  0.1203E+01  0.2712E+01
 -1.594  0.1198E+01  0.2714E+01
 -1.593  0.1192E+01  0.2715E+01
 -1.592  0.1187E+01  0.2716E+01
 -1.591  0.1183E+01  0.2717E+01
 -1.590  0.1178E+01  0.2718E+01
 -1.589  0.1174E+01  0.2719E+01
 -1.588  0.1169E+01  0.2721E+01
 -1.587  0.1165E+01  0.2722E+01
 -1.586  0.1161E+01  0.2723E+01
 -1.585  0.1156E+01  0.2724E+01
 -1.584  0.1152E+01  0.2725E+01
 -1.583  0.1148E+01  0.2726E+01
 -1.582  0.1144E+01  0.2728E+01
 -1.581  0.1139E+01  0.2729E+01
 -1.580  0.1135E+01  0.2730E+01
 -1.579  0.1131E+01  0.2731E+01
 -1.578  0.1127E+01  0.2732E+01
 -1.577  0.1123E+01  0.2733E+01
 -1.576  0.1119E+01  0.2734E+01
 -1.575  0.1115E+01  0.2735E+01
 -1.574  0.1111E+01  0.2737E+01
 -1.573  0.1107E+01  0.2738E+01
 -1.572  0.1104E+01  0.2739E+01
 -1.571  0.1100E+01  0.2740E+01
 -1.570  0.1096E+01  0.2741E+01
 -1.569  0.1092E+01  0.2742E+01
 -1.568  0.1089E+01  0.2743E+01
 -1.567  0.1085E+01  0.2744E+01
 -1.566  0.1081E+01  0.2745E+01
 -1.565  0.1078E+01  0.2746E+01
 -1.564  0.1074E+01  0.2747E+01
 -1.563  0.1071E+01  0.2749E+01
 -1.562  0.1068E+01  0.2750E+01
 -1.561  0.1064E+01  0.2751E+01
 -1.560  0.1061E+01  0.2752E+01
 -1.559  0.1058E+01  0.2753E+01
 -1.558  0.1054E+01  0.2754E+01
 -1.557  0.1051E+01  0.2755E+01
 -1.556  0.1048E+01  0.2756E+01
 -1.555  0.1045E+01  0.2757E+01
 -1.554  0.1042E+01  0.2758E+01
 -1.553  0.1038E+01  0.2759E+01
 -1.552  0.1035E+01  0.2760E+01
 -1.551  0.1032E+01  0.2761E+01
 -1.550  0.1029E+01  0.2762E+01
 -1.549  0.1026E+01  0.2763E+01
 -1.548  0.1024E+01  0.2764E+01
 -1.547  0.1021E+01  0.2765E+01
 -1.546  0.1018E+01  0.2766E+01
 -1.545  0.1015E+01  0.2767E+01
 -1.544  0.1012E+01  0.2768E+01
 -1.543  0.1009E+01  0.2769E+01
 -1.542  0.1007E+01  0.2770E+01
 -1.541  0.1004E+01  0.2771E+01
 -1.540  0.1001E+01  0.2772E+01
 -1.539  0.9987E+00  0.2773E+01
 -1.538  0.9961E+00  0.2774E+01
 -1.537  0.9935E+00  0.2775E+01
 -1.536  0.9909E+00  0.2776E+01
 -1.535  0.9884E+00  0.2777E+01
 -1.534  0.9859E+00  0.2778E+01
 -1.533  0.9835E+00  0.2779E+01
 -1.532  0.9810E+00  0.2780E+01
 -1.531  0.9786E+00  0.2781E+01
 -1.530  0.9762E+00  0.2782E+01
 -1.529  0.9739E+00  0.2783E+01
 -1.528  0.9716E+00  0.2784E+01
 -1.527  0.9693E+00  0.2785E+01
 -1.526  0.9670E+00  0.2786E+01
 -1.525  0.9648E+00  0.2787E+01
 -1.524  0.9626E+00  0.2788E+01
 -1.523  0.9604E+00  0.2789E+01
 -1.522  0.9583E+00  0.2790E+01
 -1.521  0.9562E+00  0.2791E+01
 -1.520  0.9541E+00  0.2792E+01
 -1.519  0.9520E+00  0.2793E+01
 -1.518  0.9500E+00  0.2794E+01
 -1.517  0.9480E+00  0.2795E+01
 -1.516  0.9461E+00  0.2796E+01
 -1.515  0.9441E+00  0.2797E+01
 -1.514  0.9422E+00  0.2797E+01
 -1.513  0.9403E+00  0.2798E+01
 -1.512  0.9384E+00  0.2799E+01
 -1.511  0.9365E+00  0.2800E+01
 -1.510  0.9346E+00  0.2801E+01
 -1.509  0.9327E+00  0.2802E+01
 -1.508  0.9309E+00  0.2803E+01
 -1.507  0.9290E+00  0.2804E+01
 -1.506  0.9272E+00  0.2805E+01
 -1.505  0.9253E+00  0.2806E+01
 -1.504  0.9235E+00  0.2807E+01
 -1.503  0.9217E+00  0.2808E+01
 -1.502  0.9198E+00  0.2809E+01
 -1.501  0.9180E+00  0.2810E+01
 -1.500  0.9162E+00  0.2810E+01
 -1.499  0.9144E+00  0.2811E+01
 -1.498  0.9126E+00  0.2812E+01
 -1.497  0.9108E+00  0.2813E+01
 -1.496  0.9091E+00  0.2814E+01
 -1.495  0.9073E+00  0.2815E+01
 -1.494  0.9056E+00  0.2816E+01
 -1.493  0.9038E+00  0.2817E+01
 -1.492  0.9021E+00  0.2818E+01
 -1.491  0.9003E+00  0.2819E+01
 -1.490  0.8986E+00  0.2820E+01
 -1.489  0.8969E+00  0.2820E+01
 -1.488  0.8952E+00  0.2821E+01
 -1.487  0.8935E+00  0.2822E+01
 -1.486  0.8918E+00  0.2823E+01
 -1.485  0.8902E+00  0.2824E+01
 -1.484  0.8885E+00  0.2825E+01
 -1.483  0.8868E+00  0.2826E+01
 -1.482  0.8852E+00  0.2827E+01
 -1.481  0.8836E+00  0.2828E+01
 -1.480  0.8819E+00  0.2828E+01
 -1.479  0.8803E+00  0.2829E+01
 -1.478  0.8787E+00  0.2830E+01
 -1.477  0.8771E+00  0.2831E+01
 -1.476  0.8755E+00  0.2832E+01
 -1.475  0.8739E+00  0.2833E+01
 -1.474  0.8723E+00  0.2834E+01
 -1.473  0.8708E+00  0.2835E+01
 -1.472  0.8692E+00  0.2835E+01
 -1.471  0.8676E+00  0.2836E+01
 -1.470  0.8660E+00  0.2837E+01
 -1.469  0.8644E+00  0.2838E+01
 -1.468  0.8629E+00  0.2839E+01
 -1.467  0.8613E+00  0.2840E+01
 -1.466  0.8598E+00  0.2841E+01
 -1.465  0.8583E+00  0.2841E+01
 -1.464  0.8568E+00  0.2842E+01
 -1.463  0.8553E+00  0.2843E+01
 -1.462  0.8539E+00  0.2844E+01
 -1.461  0.8524E+00  0.2845E+01
 -1.460  0.8510E+00  0.2846E+01
 -1.459  0.8496E+00  0.2847E+01
 -1.458  0.8481E+00  0.2847E+01
 -1.457  0.8467E+00  0.2848E+01
 -1.456  0.8453E+00  0.2849E+01
 -1.455  0.8439E+00  0.2850E+01
 -1.454  0.8425E+00  0.2851E+01
 -1.453  0.8412E+00  0.2852E+01
 -1.452  0.8398E+00  0.2853E+01
 -1.451  0.8384E+00  0.2853E+01
 -1.450  0.8371E+00  0.2854E+01
 -1.449  0.8357E+00  0.2855E+01
 -1.448  0.8344E+00  0.2856E+01
 -1.447  0.8330E+00  0.2857E+01
 -1.446  0.8317E+00  0.2858E+01
 -1.445  0.8304E+00  0.2858E+01
 -1.444  0.8291E+00  0.2859E+01
 -1.443  0.8278E+00  0.2860E+01
 -1.442  0.8265E+00  0.2861E+01
 -1.441  0.8252E+00  0.2862E+01
 -1.440  0.8239E+00  0.2862E+01
 -1.439  0.8226E+00  0.2863E+01
 -1.438  0.8213E+00  0.2864E+01
 -1.437  0.8201E+00  0.2865E+01
 -1.436  0.8188E+00  0.2866E+01
 -1.435  0.8176E+00  0.2867E+01
 -1.434  0.8163E+00  0.2867E+01
 -1.433  0.8151E+00  0.2868E+01
 -1.432  0.8138E+00  0.2869E+01
 -1.431  0.8126E+00  0.2870E+01
 -1.430  0.8114E+00  0.2871E+01
 -1.429  0.8102E+00  0.2871E+01
 -1.428  0.8090E+00  0.2872E+01
 -1.427  0.8078E+00  0.2873E+01
 -1.426  0.8066E+00  0.2874E+01
 -1.425  0.8054E+00  0.2875E+01
 -1.424  0.8042E+00  0.2875E+01
 -1.423  0.8030E+00  0.2876E+01
 -1.422  0.8019E+00  0.2877E+01
 -1.421  0.8007E+00  0.2878E+01
 -1.420  0.7996E+00  0.2879E+01
 -1.419  0.7985E+00  0.2879E+01
 -1.418  0.7973E+00  0.2880E+01
 -1.417  0.7962E+00  0.2881E+01
 -1.416  0.7951E+00  0.2882E+01
 -1.415  0.7940E+00  0.2883E+01
 -1.414  0.7929E+00  0.2883E+01
 -1.413  0.7918E+00  0.2884E+01
 -1.412  0.7907E+00  0.2885E+01
 -1.411  0.7896E+00  0.2886E+01
 -1.410  0.7885E+00  0.2887E+01
 -1.409  0.7875E+00  0.2887E+01
 -1.408  0.7864E+00  0.2888E+01
 -1.407  0.7853E+00  0.2889E+01
 -1.406  0.7842E+00  0.2890E+01
 -1.405  0.7832E+00  0.2891E+01
 -1.404  0.7821E+00  0.2891E+01
 -1.403  0.7810E+00  0.2892E+01
 -1.402  0.7800E+00  0.2893E+01
 -1.401  0.7789E+00  0.2894E+01
 -1.400  0.7779E+00  0.2894E+01
 -1.399  0.7768E+00  0.2895E+01
 -1.398  0.7758E+00  0.2896E+01
 -1.397  0.7748E+00  0.2897E+01
 -1.396  0.7737E+00  0.2898E+01
 -1.395  0.7727E+00  0.2898E+01
 -1.394  0.7717E+00  0.2899E+01
 -1.393  0.7707E+00  0.2900E+01
 -1.392  0.7696E+00  0.2901E+01
 -1.391  0.7686E+00  0.2901E+01
 -1.390  0.7676E+00  0.2902E+01
 -1.389  0.7666E+00  0.2903E+01
 -1.388  0.7656E+00  0.2904E+01
 -1.387  0.7646E+00  0.2904E+01
 -1.386  0.7636E+00  0.2905E+01
 -1.385  0.7626E+00  0.2906E+01
 -1.384  0.7616E+00  0.2907E+01
 -1.383  0.7607E+00  0.2908E+01
 -1.382  0.7597E+00  0.2908E+01
 -1.381  0.7587E+00  0.2909E+01
 -1.380  0.7577E+00  0.2910E+01
 -1.379  0.7568E+00  0.2911E+01
 -1.378  0.7558E+00  0.2911E+01
 -1.377  0.7548E+00  0.2912E+01
 -1.376  0.7539E+00  0.2913E+01
 -1.375  0.7529E+00  0.2914E+01
 -1.374  0.7519E+00  0.2914E+01
 -1.373  0.7510E+00  0.2915E+01
 -1.372  0.7500E+00  0.2916E+01
 -1.371  0.7491E+00  0.2917E+01
 -1.370  0.7481E+00  0.2917E+01
 -1.369  0.7471E+00  0.2918E+01
 -1.368  0.7462E+00  0.2919E+01
 -1.367  0.7453E+00  0.2920E+01
 -1.366  0.7443E+00  0.2920E+01
 -1.365  0.7434E+00  0.2921E+01
 -1.364  0.7425E+00  0.2922E+01
 -1.363  0.7415E+00  0.2923E+01
 -1.362  0.7406E+00  0.2923E+01
 -1.361  0.7397E+00  0.2924E+01
 -1.360  0.7388E+00  0.2925E+01
 -1.359  0.7379E+00  0.2925E+01
 -1.358  0.7370E+00  0.2926E+01
 -1.357  0.7361E+00  0.2927E+01
 -1.356  0.7352E+00  0.2928E+01
 -1.355  0.7343E+00  0.2928E+01
 -1.354  0.7334E+00  0.2929E+01
 -1.353  0.7325E+00  0.2930E+01
 -1.352  0.7316E+00  0.2931E+01
 -1.351  0.7308E+00  0.2931E+01
 -1.350  0.7299E+00  0.2932E+01
 -1.349  0.7290E+00  0.2933E+01
 -1.348  0.7281E+00  0.2934E+01
 -1.347  0.7273E+00  0.2934E+01
 -1.346  0.7264E+00  0.2935E+01
 -1.345  0.7256E+00  0.2936E+01
 -1.344  0.7247E+00  0.2936E+01
 -1.343  0.7239E+00  0.2937E+01
 -1.342  0.7230E+00  0.2938E+01
 -1.341  0.7222E+00  0.2939E+01
 -1.340  0.7213E+00  0.2939E+01
 -1.339  0.7205E+00  0.2940E+01
 -1.338  0.7196E+00  0.2941E+01
 -1.337  0.7188E+00  0.2942E+01
 -1.336  0.7180E+00  0.2942E+01
 -1.335  0.7171E+00  0.2943E+01
 -1.334  0.7163E+00  0.2944E+01
 -1.333  0.7155E+00  0.2944E+01
 -1.332  0.7146E+00  0.2945E+01
 -1.331  0.7138E+00  0.2946E+01
 -1.330  0.7130E+00  0.2947E+01
 -1.329  0.7122E+00  0.2947E+01
 -1.328  0.7113E+00  0.2948E+01
 -1.327  0.7105E+00  0.2949E+01
 -1.326  0.7097E+00  0.2949E+01
 -1.325  0.7089E+00  0.2950E+01
 -1.324  0.7081E+00  0.2951E+01
 -1.323  0.7073E+00  0.2951E+01
 -1.322  0.7065E+00  0.2952E+01
 -1.321  0.7057E+00  0.2953E+01
 -1.320  0.7049E+00  0.2954E+01
 -1.319  0.7041E+00  0.2954E+01
 -1.318  0.7033E+00  0.2955E+01
 -1.317  0.7025E+00  0.2956E+01
 -1.316  0.7017E+00  0.2956E+01
 -1.315  0.7010E+00  0.2957E+01
 -1.314  0.7002E+00  0.2958E+01
 -1.313  0.6994E+00  0.2959E+01
 -1.312  0.6986E+00  0.2959E+01
 -1.311  0.6978E+00  0.2960E+01
 -1.310  0.6971E+00  0.2961E+01
 -1.309  0.6963E+00  0.2961E+01
 -1.308  0.6955E+00  0.2962E+01
 -1.307  0.6948E+00  0.2963E+01
 -1.306  0.6940E+00  0.2963E+01
 -1.305  0.6933E+00  0.2964E+01
 -1.304  0.6925E+00  0.2965E+01
 -1.303  0.6918E+00  0.2965E+01
 -1.302  0.6910E+00  0.2966E+01
 -1.301  0.6903E+00  0.2967E+01
 -1.300  0.6896E+00  0.2968E+01
 -1.299  0.6888E+00  0.2968E+01
 -1.298  0.6881E+00  0.2969E+01
 -1.297  0.6874E+00  0.2970E+01
 -1.296  0.6866E+00  0.2970E+01
 -1.295  0.6859E+00  0.2971E+01
 -1.294  0.6852E+00  0.2972E+01
 -1.293  0.6845E+00  0.2972E+01
 -1.292  0.6837E+00  0.2973E+01
 -1.291  0.6830E+00  0.2974E+01
 -1.290  0.6823E+00  0.2974E+01
 -1.289  0.6816E+00  0.2975E+01
 -1.288  0.6809E+00  0.2976E+01
 -1.287  0.6802E+00  0.2976E+01
 -1.286  0.6795E+00  0.2977E+01
 -1.285  0.6788E+00  0.2978E+01
 -1.284  0.6781E+00  0.2978E+01
 -1.283  0.6774E+00  0.2979E+01
 -1.282  0.6768E+00  0.2980E+01
 -1.281  0.6761E+00  0.2980E+01
 -1.280  0.6754E+00  0.2981E+01
 -1.279  0.6747E+00  0.2982E+01
 -1.278  0.6740E+00  0.2983E+01
 -1.277  0.6734E+00  0.2983E+01
 -1.276  0.6727E+00  0.2984E+01
 -1.275  0.6720E+00  0.2985E+01
 -1.274  0.6714E+00  0.2985E+01
 -1.273  0.6707E+00  0.2986E+01
 -1.272  0.6700E+00  0.2987E+01
 -1.271  0.6694E+00  0.2987E+01
 -1.270  0.6687E+00  0.2988E+01
 -1.269  0.6680E+00  0.2989E+01
 -1.268  0.6674E+00  0.2989E+01
 -1.267  0.6667E+00  0.2990E+01
 -1.266  0.6660E+00  0.2991E+01
 -1.265  0.6654E+00  0.2991E+01
 -1.264  0.6647E+00  0.2992E+01
 -1.263  0.6641E+00  0.2993E+01
 -1.262  0.6634E+00  0.2993E+01
 -1.261  0.6627E+00  0.2994E+01
 -1.260  0.6621E+00  0.2995E+01
 -1.259  0.6614E+00  0.2995E+01
 -1.258  0.6608E+00  0.2996E+01
 -1.257  0.6601E+00  0.2997E+01
 -1.256  0.6595E+00  0.2997E+01
 -1.255  0.6588E+00  0.2998E+01
 -1.254  0.6582E+00  0.2998E+01
 -1.253  0.6575E+00  0.2999E+01
 -1.252  0.6569E+00  0.3000E+01
 -1.251  0.6562E+00  0.3000E+01
 -1.250  0.6556E+00  0.3001E+01
 -1.249  0.6550E+00  0.3002E+01
 -1.248  0.6543E+00  0.3002E+01
 -1.247  0.6537E+00  0.3003E+01
 -1.246  0.6530E+00  0.3004E+01
 -1.245  0.6524E+00  0.3004E+01
 -1.244  0.6518E+00  0.3005E+01
 -1.243  0.6511E+00  0.3006E+01
 -1.242  0.6505E+00  0.3006E+01
 -1.241  0.6499E+00  0.3007E+01
 -1.240  0.6492E+00  0.3008E+01
 -1.239  0.6486E+00  0.3008E+01
 -1.238  0.6480E+00  0.3009E+01
 -1.237  0.6474E+00  0.3010E+01
 -1.236  0.6467E+00  0.3010E+01
 -1.235  0.6461E+00  0.3011E+01
 -1.234  0.6455E+00  0.3012E+01
 -1.233  0.6449E+00  0.3012E+01
 -1.232  0.6443E+00  0.3013E+01
 -1.231  0.6436E+00  0.3013E+01
 -1.230  0.6430E+00  0.3014E+01
 -1.229  0.6424E+00  0.3015E+01
 -1.228  0.6418E+00  0.3015E+01
 -1.227  0.6412E+00  0.3016E+01
 -1.226  0.6406E+00  0.3017E+01
 -1.225  0.6400E+00  0.3017E+01
 -1.224  0.6394E+00  0.3018E+01
 -1.223  0.6388E+00  0.3019E+01
 -1.222  0.6382E+00  0.3019E+01
 -1.221  0.6376E+00  0.3020E+01
 -1.220  0.6370E+00  0.3020E+01
 -1.219  0.6364E+00  0.3021E+01
 -1.218  0.6358E+00  0.3022E+01
 -1.217  0.6352E+00  0.3022E+01
 -1.216  0.6346E+00  0.3023E+01
 -1.215  0.6340E+00  0.3024E+01
 -1.214  0.6334E+00  0.3024E+01
 -1.213  0.6328E+00  0.3025E+01
 -1.212  0.6322E+00  0.3026E+01
 -1.211  0.6316E+00  0.3026E+01
 -1.210  0.6311E+00  0.3027E+01
 -1.209  0.6305E+00  0.3027E+01
 -1.208  0.6299E+00  0.3028E+01
 -1.207  0.6293E+00  0.3029E+01
 -1.206  0.6287E+00  0.3029E+01
 -1.205  0.6282E+00  0.3030E+01
 -1.204  0.6276E+00  0.3031E+01
 -1.203  0.6270E+00  0.3031E+01
 -1.202  0.6264E+00  0.3032E+01
 -1.201  0.6259E+00  0.3032E+01
 -1.200  0.6253E+00  0.3033E+01
 -1.199  0.6247E+00  0.3034E+01
 -1.198  0.6241E+00  0.3034E+01
 -1.197  0.6236E+00  0.3035E+01
 -1.196  0.6230E+00  0.3036E+01
 -1.195  0.6224E+00  0.3036E+01
 -1.194  0.6219E+00  0.3037E+01
 -1.193  0.6213E+00  0.3037E+01
 -1.192  0.6207E+00  0.3038E+01
 -1.191  0.6202E+00  0.3039E+01
 -1.190  0.6196E+00  0.3039E+01
 -1.189  0.6190E+00  0.3040E+01
 -1.188  0.6185E+00  0.3041E+01
 -1.187  0.6179E+00  0.3041E+01
 -1.186  0.6173E+00  0.3042E+01
 -1.185  0.6168E+00  0.3042E+01
 -1.184  0.6162E+00  0.3043E+01
 -1.183  0.6156E+00  0.3044E+01
 -1.182  0.6151E+00  0.3044E+01
 -1.181  0.6145E+00  0.3045E+01
 -1.180  0.6139E+00  0.3046E+01
 -1.179  0.6134E+00  0.3046E+01
 -1.178  0.6128E+00  0.3047E+01
 -1.177  0.6122E+00  0.3047E+01
 -1.176  0.6117E+00  0.3048E+01
 -1.175  0.6111E+00  0.3049E+01
 -1.174  0.6105E+00  0.3049E+01
 -1.173  0.6100E+00  0.3050E+01
 -1.172  0.6094E+00  0.3050E+01
 -1.171  0.6089E+00  0.3051E+01
 -1.170  0.6083E+00  0.3052E+01
 -1.169  0.6078E+00  0.3052E+01
 -1.168  0.6072E+00  0.3053E+01
 -1.167  0.6067E+00  0.3053E+01
 -1.166  0.6061E+00  0.3054E+01
 -1.165  0.6056E+00  0.3055E+01
 -1.164  0.6050E+00  0.3055E+01
 -1.163  0.6045E+00  0.3056E+01
 -1.162  0.6039E+00  0.3056E+01
 -1.161  0.6034E+00  0.3057E+01
 -1.160  0.6029E+00  0.3058E+01
 -1.159  0.6023E+00  0.3058E+01
 -1.158  0.6018E+00  0.3059E+01
 -1.157  0.6012E+00  0.3059E+01
 -1.156  0.6007E+00  0.3060E+01
 -1.155  0.6002E+00  0.3061E+01
 -1.154  0.5996E+00  0.3061E+01
 -1.153  0.5991E+00  0.3062E+01
 -1.152  0.5986E+00  0.3062E+01
 -1.151  0.5980E+00  0.3063E+01
 -1.150  0.5975E+00  0.3064E+01
 -1.149  0.5970E+00  0.3064E+01
 -1.148  0.5965E+00  0.3065E+01
 -1.147  0.5959E+00  0.3065E+01
 -1.146  0.5954E+00  0.3066E+01
 -1.145  0.5949E+00  0.3067E+01
 -1.144  0.5944E+00  0.3067E+01
 -1.143  0.5938E+00  0.3068E+01
 -1.142  0.5933E+00  0.3068E+01
 -1.141  0.5928E+00  0.3069E+01
 -1.140  0.5923E+00  0.3070E+01
 -1.139  0.5917E+00  0.3070E+01
 -1.138  0.5912E+00  0.3071E+01
 -1.137  0.5907E+00  0.3071E+01
 -1.136  0.5902E+00  0.3072E+01
 -1.135  0.5897E+00  0.3073E+01
 -1.134  0.5891E+00  0.3073E+01
 -1.133  0.5886E+00  0.3074E+01
 -1.132  0.5881E+00  0.3074E+01
 -1.131  0.5876E+00  0.3075E+01
 -1.130  0.5871E+00  0.3076E+01
 -1.129  0.5866E+00  0.3076E+01
 -1.128  0.5860E+00  0.3077E+01
 -1.127  0.5855E+00  0.3077E+01
 -1.126  0.5850E+00  0.3078E+01
 -1.125  0.5845E+00  0.3078E+01
 -1.124  0.5840E+00  0.3079E+01
 -1.123  0.5835E+00  0.3080E+01
 -1.122  0.5830E+00  0.3080E+01
 -1.121  0.5824E+00  0.3081E+01
 -1.120  0.5819E+00  0.3081E+01
 -1.119  0.5814E+00  0.3082E+01
 -1.118  0.5809E+00  0.3083E+01
 -1.117  0.5804E+00  0.3083E+01
 -1.116  0.5799E+00  0.3084E+01
 -1.115  0.5794E+00  0.3084E+01
 -1.114  0.5789E+00  0.3085E+01
 -1.113  0.5784E+00  0.3085E+01
 -1.112  0.5779E+00  0.3086E+01
 -1.111  0.5774E+00  0.3087E+01
 -1.110  0.5769E+00  0.3087E+01
 -1.109  0.5764E+00  0.3088E+01
 -1.108  0.5759E+00  0.3088E+01
 -1.107  0.5754E+00  0.3089E+01
 -1.106  0.5749E+00  0.3089E+01
 -1.105  0.5744E+00  0.3090E+01
 -1.104  0.5739E+00  0.3091E+01
 -1.103  0.5734E+00  0.3091E+01
 -1.102  0.5730E+00  0.3092E+01
 -1.101  0.5725E+00  0.3092E+01
 -1.100  0.5720E+00  0.3093E+01
 -1.099  0.5715E+00  0.3093E+01
 -1.098  0.5710E+00  0.3094E+01
 -1.097  0.5705E+00  0.3095E+01
 -1.096  0.5700E+00  0.3095E+01
 -1.095  0.5695E+00  0.3096E+01
 -1.094  0.5691E+00  0.3096E+01
 -1.093  0.5686E+00  0.3097E+01
 -1.092  0.5681E+00  0.3097E+01
 -1.091  0.5676E+00  0.3098E+01
 -1.090  0.5671E+00  0.3099E+01
 -1.089  0.5667E+00  0.3099E+01
 -1.088  0.5662E+00  0.3100E+01
 -1.087  0.5657E+00  0.3100E+01
 -1.086  0.5652E+00  0.3101E+01
 -1.085  0.5648E+00  0.3101E+01
 -1.084  0.5643E+00  0.3102E+01
 -1.083  0.5638E+00  0.3103E+01
 -1.082  0.5634E+00  0.3103E+01
 -1.081  0.5629E+00  0.3104E+01
 -1.080  0.5624E+00  0.3104E+01
 -1.079  0.5620E+00  0.3105E+01
 -1.078  0.5615E+00  0.3105E+01
 -1.077  0.5611E+00  0.3106E+01
 -1.076  0.5606E+00  0.3106E+01
 -1.075  0.5602E+00  0.3107E+01
 -1.074  0.5597E+00  0.3108E+01
 -1.073  0.5593E+00  0.3108E+01
 -1.072  0.5588E+00  0.3109E+01
 -1.071  0.5584E+00  0.3109E+01
 -1.070  0.5579E+00  0.3110E+01
 -1.069  0.5575E+00  0.3110E+01
 -1.068  0.5570E+00  0.3111E+01
 -1.067  0.5566E+00  0.3111E+01
 -1.066  0.5562E+00  0.3112E+01
 -1.065  0.5557E+00  0.3113E+01
 -1.064  0.5553E+00  0.3113E+01
 -1.063  0.5548E+00  0.3114E+01
 -1.062  0.5544E+00  0.3114E+01
 -1.061  0.5539E+00  0.3115E+01
 -1.060  0.5535E+00  0.3115E+01
 -1.059  0.5531E+00  0.3116E+01
 -1.058  0.5526E+00  0.3116E+01
 -1.057  0.5522E+00  0.3117E+01
 -1.056  0.5517E+00  0.3118E+01
 -1.055  0.5513E+00  0.3118E+01
 -1.054  0.5508E+00  0.3119E+01
 -1.053  0.5504E+00  0.3119E+01
 -1.052  0.5500E+00  0.3120E+01
 -1.051  0.5495E+00  0.3120E+01
 -1.050  0.5491E+00  0.3121E+01
 -1.049  0.5486E+00  0.3121E+01
 -1.048  0.5482E+00  0.3122E+01
 -1.047  0.5477E+00  0.3123E+01
 -1.046  0.5473E+00  0.3123E+01
 -1.045  0.5469E+00  0.3124E+01
 -1.044  0.5464E+00  0.3124E+01
 -1.043  0.5460E+00  0.3125E+01
 -1.042  0.5456E+00  0.3125E+01
 -1.041  0.5451E+00  0.3126E+01
 -1.040  0.5447E+00  0.3126E+01
 -1.039  0.5443E+00  0.3127E+01
 -1.038  0.5438E+00  0.3127E+01
 -1.037  0.5434E+00  0.3128E+01
 -1.036  0.5430E+00  0.3129E+01
 -1.035  0.5426E+00  0.3129E+01
 -1.034  0.5421E+00  0.3130E+01
 -1.033  0.5417E+00  0.3130E+01
 -1.032  0.5413E+00  0.3131E+01
 -1.031  0.5409E+00  0.3131E+01
 -1.030  0.5405E+00  0.3132E+01
 -1.029  0.5401E+00  0.3132E+01
 -1.028  0.5396E+00  0.3133E+01
 -1.027  0.5392E+00  0.3133E+01
 -1.026  0.5388E+00  0.3134E+01
 -1.025  0.5384E+00  0.3134E+01
 -1.024  0.5380E+00  0.3135E+01
 -1.023  0.5376E+00  0.3136E+01
 -1.022  0.5372E+00  0.3136E+01
 -1.021  0.5368E+00  0.3137E+01
 -1.020  0.5364E+00  0.3137E+01
 -1.019  0.5360E+00  0.3138E+01
 -1.018  0.5355E+00  0.3138E+01
 -1.017  0.5351E+00  0.3139E+01
 -1.016  0.5347E+00  0.3139E+01
 -1.015  0.5343E+00  0.3140E+01
 -1.014  0.5339E+00  0.3140E+01
 -1.013  0.5335E+00  0.3141E+01
 -1.012  0.5331E+00  0.3141E+01
 -1.011  0.5327E+00  0.3142E+01
 -1.010  0.5323E+00  0.3142E+01
 -1.009  0.5319E+00  0.3143E+01
 -1.008  0.5315E+00  0.3144E+01
 -1.007  0.5312E+00  0.3144E+01
 -1.006  0.5308E+00  0.3145E+01
 -1.005  0.5304E+00  0.3145E+01
 -1.004  0.5300E+00  0.3146E+01
 -1.003  0.5296E+00  0.3146E+01
 -1.002  0.5292E+00  0.3147E+01
 -1.001  0.5288E+00  0.3147E+01
 -1.000  0.5284E+00  0.3148E+01
 -0.999  0.5280E+00  0.3148E+01
 -0.998  0.5276E+00  0.3149E+01
 -0.997  0.5273E+00  0.3149E+01
 -0.996  0.5269E+00  0.3150E+01
 -0.995  0.5265E+00  0.3150E+01
 -0.994  0.5261E+00  0.3151E+01
 -0.993  0.5257E+00  0.3151E+01
 -0.992  0.5253E+00  0.3152E+01
 -0.991  0.5249E+00  0.3153E+01
 -0.990  0.5246E+00  0.3153E+01
 -0.989  0.5242E+00  0.3154E+01
 -0.988  0.5238E+00  0.3154E+01
 -0.987  0.5234E+00  0.3155E+01
 -0.986  0.5230E+00  0.3155E+01
 -0.985  0.5227E+00  0.3156E+01
 -0.984  0.5223E+00  0.3156E+01
 -0.983  0.5219E+00  0.3157E+01
 -0.982  0.5215E+00  0.3157E+01
 -0.981  0.5211E+00  0.3158E+01
 -0.980  0.5208E+00  0.3158E+01
 -0.979  0.5204E+00  0.3159E+01
 -0.978  0.5200E+00  0.3159E+01
 -0.977  0.5196E+00  0.3160E+01
 -0.976  0.5192E+00  0.3160E+01
 -0.975  0.5189E+00  0.3161E+01
 -0.974  0.5185E+00  0.3161E+01
 -0.973  0.5181E+00  0.3162E+01
 -0.972  0.5177E+00  0.3162E+01
 -0.971  0.5174E+00  0.3163E+01
 -0.970  0.5170E+00  0.3163E+01
 -0.969  0.5166E+00  0.3164E+01
 -0.968  0.5162E+00  0.3165E+01
 -0.967  0.5159E+00  0.3165E+01
 -0.966  0.5155E+00  0.3166E+01
 -0.965  0.5151E+00  0.3166E+01
 -0.964  0.5148E+00  0.3167E+01
 -0.963  0.5144E+00  0.3167E+01
 -0.962  0.5140E+00  0.3168E+01
 -0.961  0.5136E+00  0.3168E+01
 -0.960  0.5133E+00  0.3169E+01
 -0.959  0.5129E+00  0.3169E+01
 -0.958  0.5125E+00  0.3170E+01
 -0.957  0.5122E+00  0.3170E+01
 -0.956  0.5118E+00  0.3171E+01
 -0.955  0.5114E+00  0.3171E+01
 -0.954  0.5111E+00  0.3172E+01
 -0.953  0.5107E+00  0.3172E+01
 -0.952  0.5103E+00  0.3173E+01
 -0.951  0.5100E+00  0.3173E+01
 -0.950  0.5096E+00  0.3174E+01
 -0.949  0.5093E+00  0.3174E+01
 -0.948  0.5089E+00  0.3175E+01
 -0.947  0.5085E+00  0.3175E+01
 -0.946  0.5082E+00  0.3176E+01
 -0.945  0.5078E+00  0.3176E+01
 -0.944  0.5074E+00  0.3177E+01
 -0.943  0.5071E+00  0.3177E+01
 -0.942  0.5067E+00  0.3178E+01
 -0.941  0.5064E+00  0.3178E+01
 -0.940  0.5060E+00  0.3179E+01
 -0.939  0.5056E+00  0.3179E+01
 -0.938  0.5053E+00  0.3180E+01
 -0.937  0.5049E+00  0.3180E+01
 -0.936  0.5046E+00  0.3181E+01
 -0.935  0.5042E+00  0.3181E+01
 -0.934  0.5039E+00  0.3182E+01
 -0.933  0.5035E+00  0.3182E+01
 -0.932  0.5032E+00  0.3183E+01
 -0.931  0.5028E+00  0.3183E+01
 -0.930  0.5024E+00  0.3184E+01
 -0.929  0.5021E+00  0.3184E+01
 -0.928  0.5017E+00  0.3185E+01
 -0.927  0.5014E+00  0.3185E+01
 -0.926  0.5010E+00  0.3186E+01
 -0.925  0.5007E+00  0.3186E+01
 -0.924  0.5003E+00  0.3187E+01
 -0.923  0.5000E+00  0.3187E+01
 -0.922  0.4996E+00  0.3188E+01
 -0.921  0.4993E+00  0.3188E+01
 -0.920  0.4989E+00  0.3189E+01
 -0.919  0.4986E+00  0.3189E+01
 -0.918  0.4982E+00  0.3190E+01
 -0.917  0.4979E+00  0.3190E+01
 -0.916  0.4975E+00  0.3191E+01
 -0.915  0.4972E+00  0.3191E+01
 -0.914  0.4968E+00  0.3192E+01
 -0.913  0.4965E+00  0.3192E+01
 -0.912  0.4962E+00  0.3193E+01
 -0.911  0.4958E+00  0.3193E+01
 -0.910  0.4955E+00  0.3194E+01
 -0.909  0.4951E+00  0.3194E+01
 -0.908  0.4948E+00  0.3195E+01
 -0.907  0.4944E+00  0.3195E+01
 -0.906  0.4941E+00  0.3196E+01
 -0.905  0.4937E+00  0.3196E+01
 -0.904  0.4934E+00  0.3197E+01
 -0.903  0.4930E+00  0.3197E+01
 -0.902  0.4927E+00  0.3198E+01
 -0.901  0.4923E+00  0.3198E+01
 -0.900  0.4920E+00  0.3199E+01
 -0.899  0.4917E+00  0.3199E+01
 -0.898  0.4913E+00  0.3200E+01
 -0.897  0.4910E+00  0.3200E+01
 -0.896  0.4906E+00  0.3201E+01
 -0.895  0.4903E+00  0.3201E+01
 -0.894  0.4899E+00  0.3202E+01
 -0.893  0.4896E+00  0.3202E+01
 -0.892  0.4893E+00  0.3203E+01
 -0.891  0.4889E+00  0.3203E+01
 -0.890  0.4886E+00  0.3204E+01
 -0.889  0.4882E+00  0.3204E+01
 -0.888  0.4879E+00  0.3205E+01
 -0.887  0.4875E+00  0.3205E+01
 -0.886  0.4872E+00  0.3206E+01
 -0.885  0.4869E+00  0.3206E+01
 -0.884  0.4865E+00  0.3207E+01
 -0.883  0.4862E+00  0.3207E+01
 -0.882  0.4858E+00  0.3208E+01
 -0.881  0.4855E+00  0.3208E+01
 -0.880  0.4852E+00  0.3209E+01
 -0.879  0.4848E+00  0.3209E+01
 -0.878  0.4845E+00  0.3209E+01
 -0.877  0.4841E+00  0.3210E+01
 -0.876  0.4838E+00  0.3210E+01
 -0.875  0.4835E+00  0.3211E+01
 -0.874  0.4831E+00  0.3211E+01
 -0.873  0.4828E+00  0.3212E+01
 -0.872  0.4825E+00  0.3212E+01
 -0.871  0.4822E+00  0.3213E+01
 -0.870  0.4818E+00  0.3213E+01
 -0.869  0.4815E+00  0.3214E+01
 -0.868  0.4812E+00  0.3214E+01
 -0.867  0.4809E+00  0.3215E+01
 -0.866  0.4805E+00  0.3215E+01
 -0.865  0.4802E+00  0.3216E+01
 -0.864  0.4799E+00  0.3216E+01
 -0.863  0.4796E+00  0.3217E+01
 -0.862  0.4792E+00  0.3217E+01
 -0.861  0.4789E+00  0.3218E+01
 -0.860  0.4786E+00  0.3218E+01
 -0.859  0.4783E+00  0.3219E+01
 -0.858  0.4780E+00  0.3219E+01
 -0.857  0.4776E+00  0.3220E+01
 -0.856  0.4773E+00  0.3220E+01
 -0.855  0.4770E+00  0.3221E+01
 -0.854  0.4767E+00  0.3221E+01
 -0.853  0.4764E+00  0.3222E+01
 -0.852  0.4761E+00  0.3222E+01
 -0.851  0.4758E+00  0.3222E+01
 -0.850  0.4754E+00  0.3223E+01
 -0.849  0.4751E+00  0.3223E+01
 -0.848  0.4748E+00  0.3224E+01
 -0.847  0.4745E+00  0.3224E+01
 -0.846  0.4742E+00  0.3225E+01
 -0.845  0.4739E+00  0.3225E+01
 -0.844  0.4736E+00  0.3226E+01
 -0.843  0.4733E+00  0.3226E+01
 -0.842  0.4730E+00  0.3227E+01
 -0.841  0.4727E+00  0.3227E+01
 -0.840  0.4724E+00  0.3228E+01
 -0.839  0.4721E+00  0.3228E+01
 -0.838  0.4718E+00  0.3229E+01
 -0.837  0.4714E+00  0.3229E+01
 -0.836  0.4711E+00  0.3230E+01
 -0.835  0.4708E+00  0.3230E+01
 -0.834  0.4705E+00  0.3230E+01
 -0.833  0.4702E+00  0.3231E+01
 -0.832  0.4699E+00  0.3231E+01
 -0.831  0.4696E+00  0.3232E+01
 -0.830  0.4693E+00  0.3232E+01
 -0.829  0.4689E+00  0.3233E+01
 -0.828  0.4686E+00  0.3233E+01
 -0.827  0.4683E+00  0.3234E+01
 -0.826  0.4680E+00  0.3234E+01
 -0.825  0.4677E+00  0.3235E+01
 -0.824  0.4673E+00  0.3235E+01
 -0.823  0.4670E+00  0.3236E+01
 -0.822  0.4667E+00  0.3236E+01
 -0.821  0.4664E+00  0.3237E+01
 -0.820  0.4660E+00  0.3237E+01
 -0.819  0.4657E+00  0.3238E+01
 -0.818  0.4654E+00  0.3238E+01
 -0.817  0.4651E+00  0.3238E+01
 -0.816  0.4647E+00  0.3239E+01
 -0.815  0.4644E+00  0.3239E+01
 -0.814  0.4641E+00  0.3240E+01
 -0.813  0.4638E+00  0.3240E+01
 -0.812  0.4634E+00  0.3241E+01
 -0.811  0.4631E+00  0.3241E+01
 -0.810  0.4628E+00  0.3242E+01
 -0.809  0.4625E+00  0.3242E+01
 -0.808  0.4621E+00  0.3243E+01
 -0.807  0.4618E+00  0.3243E+01
 -0.806  0.4615E+00  0.3244E+01
 -0.805  0.4612E+00  0.3244E+01
 -0.804  0.4609E+00  0.3244E+01
 -0.803  0.4605E+00  0.3245E+01
 -0.802  0.4602E+00  0.3245E+01
 -0.801  0.4599E+00  0.3246E+01
 -0.800  0.4596E+00  0.3246E+01
 -0.799  0.4593E+00  0.3247E+01
 -0.798  0.4589E+00  0.3247E+01
 -0.797  0.4586E+00  0.3248E+01
 -0.796  0.4583E+00  0.3248E+01
 -0.795  0.4580E+00  0.3249E+01
 -0.794  0.4577E+00  0.3249E+01
 -0.793  0.4574E+00  0.3250E+01
 -0.792  0.4571E+00  0.3250E+01
 -0.791  0.4567E+00  0.3250E+01
 -0.790  0.4564E+00  0.3251E+01
 -0.789  0.4561E+00  0.3251E+01
 -0.788  0.4558E+00  0.3252E+01
 -0.787  0.4555E+00  0.3252E+01
 -0.786  0.4552E+00  0.3253E+01
 -0.785  0.4549E+00  0.3253E+01
 -0.784  0.4546E+00  0.3254E+01
 -0.783  0.4542E+00  0.3254E+01
 -0.782  0.4539E+00  0.3255E+01
 -0.781  0.4536E+00  0.3255E+01
 -0.780  0.4533E+00  0.3255E+01
 -0.779  0.4530E+00  0.3256E+01
 -0.778  0.4527E+00  0.3256E+01
 -0.777  0.4524E+00  0.3257E+01
 -0.776  0.4521E+00  0.3257E+01
 -0.775  0.4518E+00  0.3258E+01
 -0.774  0.4515E+00  0.3258E+01
 -0.773  0.4511E+00  0.3259E+01
 -0.772  0.4508E+00  0.3259E+01
 -0.771  0.4505E+00  0.3259E+01
 -0.770  0.4502E+00  0.3260E+01
 -0.769  0.4499E+00  0.3260E+01
 -0.768  0.4496E+00  0.3261E+01
 -0.767  0.4493E+00  0.3261E+01
 -0.766  0.4490E+00  0.3262E+01
 -0.765  0.4487E+00  0.3262E+01
 -0.764  0.4484E+00  0.3263E+01
 -0.763  0.4481E+00  0.3263E+01
 -0.762  0.4478E+00  0.3264E+01
 -0.761  0.4475E+00  0.3264E+01
 -0.760  0.4472E+00  0.3264E+01
 -0.759  0.4469E+00  0.3265E+01
 -0.758  0.4466E+00  0.3265E+01
 -0.757  0.4463E+00  0.3266E+01
 -0.756  0.4460E+00  0.3266E+01
 -0.755  0.4457E+00  0.3267E+01
 -0.754  0.4454E+00  0.3267E+01
 -0.753  0.4451E+00  0.3268E+01
 -0.752  0.4448E+00  0.3268E+01
 -0.751  0.4445E+00  0.3268E+01
 -0.750  0.4442E+00  0.3269E+01
 -0.749  0.4439E+00  0.3269E+01
 -0.748  0.4436E+00  0.3270E+01
 -0.747  0.4433E+00  0.3270E+01
 -0.746  0.4430E+00  0.3271E+01
 -0.745  0.4427E+00  0.3271E+01
 -0.744  0.4424E+00  0.3272E+01
 -0.743  0.4421E+00  0.3272E+01
 -0.742  0.4418E+00  0.3272E+01
 -0.741  0.4415E+00  0.3273E+01
 -0.740  0.4412E+00  0.3273E+01
 -0.739  0.4409E+00  0.3274E+01
 -0.738  0.4406E+00  0.3274E+01
 -0.737  0.4403E+00  0.3275E+01
 -0.736  0.4400E+00  0.3275E+01
 -0.735  0.4397E+00  0.3276E+01
 -0.734  0.4394E+00  0.3276E+01
 -0.733  0.4391E+00  0.3276E+01
 -0.732  0.4388E+00  0.3277E+01
 -0.731  0.4385E+00  0.3277E+01
 -0.730  0.4382E+00  0.3278E+01
 -0.729  0.4379E+00  0.3278E+01
 -0.728  0.4376E+00  0.3279E+01
 -0.727  0.4373E+00  0.3279E+01
 -0.726  0.4370E+00  0.3279E+01
 -0.725  0.4367E+00  0.3280E+01
 -0.724  0.4364E+00  0.3280E+01
 -0.723  0.4361E+00  0.3281E+01
 -0.722  0.4358E+00  0.3281E+01
 -0.721  0.4355E+00  0.3282E+01
 -0.720  0.4352E+00  0.3282E+01
 -0.719  0.4349E+00  0.3283E+01
 -0.718  0.4346E+00  0.3283E+01
 -0.717  0.4343E+00  0.3283E+01
 -0.716  0.4340E+00  0.3284E+01
 -0.715  0.4337E+00  0.3284E+01
 -0.714  0.4334E+00  0.3285E+01
 -0.713  0.4331E+00  0.3285E+01
 -0.712  0.4328E+00  0.3286E+01
 -0.711  0.4325E+00  0.3286E+01
 -0.710  0.4322E+00  0.3286E+01
 -0.709  0.4319E+00  0.3287E+01
 -0.708  0.4316E+00  0.3287E+01
 -0.707  0.4313E+00  0.3288E+01
 -0.706  0.4311E+00  0.3288E+01
 -0.705  0.4308E+00  0.3289E+01
 -0.704  0.4305E+00  0.3289E+01
 -0.703  0.4302E+00  0.3289E+01
 -0.702  0.4299E+00  0.3290E+01
 -0.701  0.4296E+00  0.3290E+01
 -0.700  0.4293E+00  0.3291E+01
 -0.699  0.4290E+00  0.3291E+01
 -0.698  0.4288E+00  0.3292E+01
 -0.697  0.4285E+00  0.3292E+01
 -0.696  0.4282E+00  0.3292E+01
 -0.695  0.4279E+00  0.3293E+01
 -0.694  0.4276E+00  0.3293E+01
 -0.693  0.4273E+00  0.3294E+01
 -0.692  0.4271E+00  0.3294E+01
 -0.691  0.4268E+00  0.3295E+01
 -0.690  0.4265E+00  0.3295E+01
 -0.689  0.4262E+00  0.3295E+01
 -0.688  0.4259E+00  0.3296E+01
 -0.687  0.4257E+00  0.3296E+01
 -0.686  0.4254E+00  0.3297E+01
 -0.685  0.4251E+00  0.3297E+01
 -0.684  0.4248E+00  0.3298E+01
 -0.683  0.4245E+00  0.3298E+01
 -0.682  0.4243E+00  0.3298E+01
 -0.681  0.4240E+00  0.3299E+01
 -0.680  0.4237E+00  0.3299E+01
 -0.679  0.4234E+00  0.3300E+01
 -0.678  0.4231E+00  0.3300E+01
 -0.677  0.4229E+00  0.3301E+01
 -0.676  0.4226E+00  0.3301E+01
 -0.675  0.4223E+00  0.3301E+01
 -0.674  0.4220E+00  0.3302E+01
 -0.673  0.4217E+00  0.3302E+01
 -0.672  0.4215E+00  0.3303E+01
 -0.671  0.4212E+00  0.3303E+01
 -0.670  0.4209E+00  0.3303E+01
 -0.669  0.4206E+00  0.3304E+01
 -0.668  0.4204E+00  0.3304E+01
 -0.667  0.4201E+00  0.3305E+01
 -0.666  0.4198E+00  0.3305E+01
 -0.665  0.4195E+00  0.3306E+01
 -0.664  0.4193E+00  0.3306E+01
 -0.663  0.4190E+00  0.3306E+01
 -0.662  0.4187E+00  0.3307E+01
 -0.661  0.4185E+00  0.3307E+01
 -0.660  0.4182E+00  0.3308E+01
 -0.659  0.4179E+00  0.3308E+01
 -0.658  0.4177E+00  0.3308E+01
 -0.657  0.4174E+00  0.3309E+01
 -0.656  0.4171E+00  0.3309E+01
 -0.655  0.4169E+00  0.3310E+01
 -0.654  0.4166E+00  0.3310E+01
 -0.653  0.4163E+00  0.3311E+01
 -0.652  0.4161E+00  0.3311E+01
 -0.651  0.4158E+00  0.3311E+01
 -0.650  0.4155E+00  0.3312E+01
 -0.649  0.4153E+00  0.3312E+01
 -0.648  0.4150E+00  0.3313E+01
 -0.647  0.4147E+00  0.3313E+01
 -0.646  0.4145E+00  0.3313E+01
 -0.645  0.4142E+00  0.3314E+01
 -0.644  0.4140E+00  0.3314E+01
 -0.643  0.4137E+00  0.3315E+01
 -0.642  0.4135E+00  0.3315E+01
 -0.641  0.4132E+00  0.3316E+01
 -0.640  0.4129E+00  0.3316E+01
 -0.639  0.4127E+00  0.3316E+01
 -0.638  0.4124E+00  0.3317E+01
 -0.637  0.4122E+00  0.3317E+01
 -0.636  0.4119E+00  0.3318E+01
 -0.635  0.4117E+00  0.3318E+01
 -0.634  0.4114E+00  0.3318E+01
 -0.633  0.4112E+00  0.3319E+01
 -0.632  0.4109E+00  0.3319E+01
 -0.631  0.4107E+00  0.3320E+01
 -0.630  0.4104E+00  0.3320E+01
 -0.629  0.4102E+00  0.3320E+01
 -0.628  0.4099E+00  0.3321E+01
 -0.627  0.4097E+00  0.3321E+01
 -0.626  0.4094E+00  0.3322E+01
 -0.625  0.4092E+00  0.3322E+01
 -0.624  0.4089E+00  0.3323E+01
 -0.623  0.4087E+00  0.3323E+01
 -0.622  0.4084E+00  0.3323E+01
 -0.621  0.4081E+00  0.3324E+01
 -0.620  0.4078E+00  0.3324E+01
 -0.619  0.4076E+00  0.3325E+01
 -0.618  0.4073E+00  0.3325E+01
 -0.617  0.4071E+00  0.3325E+01
 -0.616  0.4069E+00  0.3326E+01
 -0.615  0.4066E+00  0.3326E+01
 -0.614  0.4064E+00  0.3327E+01
 -0.613  0.4062E+00  0.3327E+01
 -0.612  0.4059E+00  0.3327E+01
 -0.611  0.4057E+00  0.3328E+01
 -0.610  0.4054E+00  0.3328E+01
 -0.609  0.4052E+00  0.3329E+01
 -0.608  0.4050E+00  0.3329E+01
 -0.607  0.4047E+00  0.3329E+01
 -0.606  0.4045E+00  0.3330E+01
 -0.605  0.4043E+00  0.3330E+01
 -0.604  0.4040E+00  0.3331E+01
 -0.603  0.4038E+00  0.3331E+01
 -0.602  0.4036E+00  0.3331E+01
 -0.601  0.4033E+00  0.3332E+01
 -0.600  0.4031E+00  0.3332E+01
 -0.599  0.4029E+00  0.3333E+01
 -0.598  0.4026E+00  0.3333E+01
 -0.597  0.4024E+00  0.3333E+01
 -0.596  0.4022E+00  0.3334E+01
 -0.595  0.4020E+00  0.3334E+01
 -0.594  0.4017E+00  0.3335E+01
 -0.593  0.4015E+00  0.3335E+01
 -0.592  0.4013E+00  0.3335E+01
 -0.591  0.4010E+00  0.3336E+01
 -0.590  0.4008E+00  0.3336E+01
 -0.589  0.4006E+00  0.3337E+01
 -0.588  0.4003E+00  0.3337E+01
 -0.587  0.4001E+00  0.3337E+01
 -0.586  0.3999E+00  0.3338E+01
 -0.585  0.3996E+00  0.3338E+01
 -0.584  0.3994E+00  0.3339E+01
 -0.583  0.3992E+00  0.3339E+01
 -0.582  0.3989E+00  0.3339E+01
 -0.581  0.3987E+00  0.3340E+01
 -0.580  0.3985E+00  0.3340E+01
 -0.579  0.3983E+00  0.3341E+01
 -0.578  0.3980E+00  0.3341E+01
 -0.577  0.3978E+00  0.3341E+01
 -0.576  0.3976E+00  0.3342E+01
 -0.575  0.3973E+00  0.3342E+01
 -0.574  0.3971E+00  0.3343E+01
 -0.573  0.3969E+00  0.3343E+01
 -0.572  0.3966E+00  0.3343E+01
 -0.571  0.3964E+00  0.3344E+01
 -0.570  0.3962E+00  0.3344E+01
 -0.569  0.3959E+00  0.3345E+01
 -0.568  0.3957E+00  0.3345E+01
 -0.567  0.3955E+00  0.3345E+01
 -0.566  0.3952E+00  0.3346E+01
 -0.565  0.3950E+00  0.3346E+01
 -0.564  0.3948E+00  0.3347E+01
 -0.563  0.3946E+00  0.3347E+01
 -0.562  0.3943E+00  0.3347E+01
 -0.561  0.3941E+00  0.3348E+01
 -0.560  0.3939E+00  0.3348E+01
 -0.559  0.3936E+00  0.3349E+01
 -0.558  0.3934E+00  0.3349E+01
 -0.557  0.3932E+00  0.3349E+01
 -0.556  0.3929E+00  0.3350E+01
 -0.555  0.3927E+00  0.3350E+01
 -0.554  0.3925E+00  0.3351E+01
 -0.553  0.3922E+00  0.3351E+01
 -0.552  0.3920E+00  0.3351E+01
 -0.551  0.3918E+00  0.3352E+01
 -0.550  0.3916E+00  0.3352E+01
 -0.549  0.3913E+00  0.3353E+01
 -0.548  0.3911E+00  0.3353E+01
 -0.547  0.3909E+00  0.3353E+01
 -0.546  0.3906E+00  0.3354E+01
 -0.545  0.3904E+00  0.3354E+01
 -0.544  0.3902E+00  0.3354E+01
 -0.543  0.3899E+00  0.3355E+01
 -0.542  0.3897E+00  0.3355E+01
 -0.541  0.3895E+00  0.3356E+01
 -0.540  0.3893E+00  0.3356E+01
 -0.539  0.3890E+00  0.3356E+01
 -0.538  0.3888E+00  0.3357E+01
 -0.537  0.3886E+00  0.3357E+01
 -0.536  0.3884E+00  0.3358E+01
 -0.535  0.3881E+00  0.3358E+01
 -0.534  0.3879E+00  0.3358E+01
 -0.533  0.3877E+00  0.3359E+01
 -0.532  0.3875E+00  0.3359E+01
 -0.531  0.3872E+00  0.3360E+01
 -0.530  0.3870E+00  0.3360E+01
 -0.529  0.3868E+00  0.3360E+01
 -0.528  0.3866E+00  0.3361E+01
 -0.527  0.3863E+00  0.3361E+01
 -0.526  0.3861E+00  0.3361E+01
 -0.525  0.3859E+00  0.3362E+01
 -0.524  0.3857E+00  0.3362E+01
 -0.523  0.3854E+00  0.3363E+01
 -0.522  0.3852E+00  0.3363E+01
 -0.521  0.3850E+00  0.3363E+01
 -0.520  0.3848E+00  0.3364E+01
 -0.519  0.3846E+00  0.3364E+01
 -0.518  0.3843E+00  0.3365E+01
 -0.517  0.3841E+00  0.3365E+01
 -0.516  0.3839E+00  0.3365E+01
 -0.515  0.3837E+00  0.3366E+01
 -0.514  0.3835E+00  0.3366E+01
 -0.513  0.3832E+00  0.3366E+01
 -0.512  0.3830E+00  0.3367E+01
 -0.511  0.3828E+00  0.3367E+01
 -0.510  0.3826E+00  0.3368E+01
 -0.509  0.3824E+00  0.3368E+01
 -0.508  0.3821E+00  0.3368E+01
 -0.507  0.3819E+00  0.3369E+01
 -0.506  0.3817E+00  0.3369E+01
 -0.505  0.3815E+00  0.3370E+01
 -0.504  0.3813E+00  0.3370E+01
 -0.503  0.3810E+00  0.3370E+01
 -0.502  0.3808E+00  0.3371E+01
 -0.501  0.3806E+00  0.3371E+01
 -0.500  0.3804E+00  0.3371E+01
 -0.499  0.3802E+00  0.3372E+01
 -0.498  0.3799E+00  0.3372E+01
 -0.497  0.3797E+00  0.3373E+01
 -0.496  0.3795E+00  0.3373E+01
 -0.495  0.3793E+00  0.3373E+01
 -0.494  0.3791E+00  0.3374E+01
 -0.493  0.3788E+00  0.3374E+01
 -0.492  0.3786E+00  0.3374E+01
 -0.491  0.3784E+00  0.3375E+01
 -0.490  0.3782E+00  0.3375E+01
 -0.489  0.3780E+00  0.3376E+01
 -0.488  0.3778E+00  0.3376E+01
 -0.487  0.3776E+00  0.3376E+01
 -0.486  0.3773E+00  0.3377E+01
 -0.485  0.3771E+00  0.3377E+01
 -0.484  0.3769E+00  0.3377E+01
 -0.483  0.3767E+00  0.3378E+01
 -0.482  0.3765E+00  0.3378E+01
 -0.481  0.3763E+00  0.3379E+01
 -0.480  0.3761E+00  0.3379E+01
 -0.479  0.3759E+00  0.3379E+01
 -0.478  0.3757E+00  0.3380E+01
 -0.477  0.3755E+00  0.3380E+01
 -0.476  0.3752E+00  0.3380E+01
 -0.475  0.3750E+00  0.3381E+01
 -0.474  0.3748E+00  0.3381E+01
 -0.473  0.3746E+00  0.3382E+01
 -0.472  0.3744E+00  0.3382E+01
 -0.471  0.3742E+00  0.3382E+01
 -0.470  0.3740E+00  0.3383E+01
 -0.469  0.3738E+00  0.3383E+01
 -0.468  0.3736E+00  0.3383E+01
 -0.467  0.3734E+00  0.3384E+01
 -0.466  0.3731E+00  0.3384E+01
 -0.465  0.3729E+00  0.3385E+01
 -0.464  0.3727E+00  0.3385E+01
 -0.463  0.3725E+00  0.3385E+01
 -0.462  0.3723E+00  0.3386E+01
 -0.461  0.3721E+00  0.3386E+01
 -0.460  0.3719E+00  0.3386E+01
 -0.459  0.3717E+00  0.3387E+01
 -0.458  0.3714E+00  0.3387E+01
 -0.457  0.3712E+00  0.3388E+01
 -0.456  0.3710E+00  0.3388E+01
 -0.455  0.3708E+00  0.3388E+01
 -0.454  0.3706E+00  0.3389E+01
 -0.453  0.3704E+00  0.3389E+01
 -0.452  0.3702E+00  0.3389E+01
 -0.451  0.3700E+00  0.3390E+01
 -0.450  0.3698E+00  0.3390E+01
 -0.449  0.3695E+00  0.3391E+01
 -0.448  0.3693E+00  0.3391E+01
 -0.447  0.3691E+00  0.3391E+01
 -0.446  0.3689E+00  0.3392E+01
 -0.445  0.3687E+00  0.3392E+01
 -0.444  0.3685E+00  0.3392E+01
 -0.443  0.3683E+00  0.3393E+01
 -0.442  0.3680E+00  0.3393E+01
 -0.441  0.3678E+00  0.3393E+01
 -0.440  0.3676E+00  0.3394E+01
 -0.439  0.3674E+00  0.3394E+01
 -0.438  0.3672E+00  0.3395E+01
 -0.437  0.3670E+00  0.3395E+01
 -0.436  0.3668E+00  0.3395E+01
 -0.435  0.3665E+00  0.3396E+01
 -0.434  0.3663E+00  0.3396E+01
 -0.433  0.3661E+00  0.3396E+01
 -0.432  0.3659E+00  0.3397E+01
 -0.431  0.3656E+00  0.3397E+01
 -0.430  0.3654E+00  0.3398E+01
 -0.429  0.3652E+00  0.3398E+01
 -0.428  0.3649E+00  0.3398E+01
 -0.427  0.3647E+00  0.3399E+01
 -0.426  0.3645E+00  0.3399E+01
 -0.425  0.3642E+00  0.3399E+01
 -0.424  0.3640E+00  0.3400E+01
 -0.423  0.3638E+00  0.3400E+01
 -0.422  0.3635E+00  0.3400E+01
 -0.421  0.3633E+00  0.3401E+01
 -0.420  0.3631E+00  0.3401E+01
 -0.419  0.3628E+00  0.3402E+01
 -0.418  0.3626E+00  0.3402E+01
 -0.417  0.3624E+00  0.3402E+01
 -0.416  0.3621E+00  0.3403E+01
 -0.415  0.3619E+00  0.3403E+01
 -0.414  0.3617E+00  0.3403E+01
 -0.413  0.3615E+00  0.3404E+01
 -0.412  0.3612E+00  0.3404E+01
 -0.411  0.3610E+00  0.3404E+01
 -0.410  0.3608E+00  0.3405E+01
 -0.409  0.3605E+00  0.3405E+01
 -0.408  0.3603E+00  0.3406E+01
 -0.407  0.3601E+00  0.3406E+01
 -0.406  0.3598E+00  0.3406E+01
 -0.405  0.3596E+00  0.3407E+01
 -0.404  0.3594E+00  0.3407E+01
 -0.403  0.3591E+00  0.3407E+01
 -0.402  0.3589E+00  0.3408E+01
 -0.401  0.3587E+00  0.3408E+01
 -0.400  0.3585E+00  0.3408E+01
 -0.399  0.3582E+00  0.3409E+01
 -0.398  0.3580E+00  0.3409E+01
 -0.397  0.3578E+00  0.3409E+01
 -0.396  0.3575E+00  0.3410E+01
 -0.395  0.3573E+00  0.3410E+01
 -0.394  0.3571E+00  0.3411E+01
 -0.393  0.3568E+00  0.3411E+01
 -0.392  0.3566E+00  0.3411E+01
 -0.391  0.3564E+00  0.3412E+01
 -0.390  0.3562E+00  0.3412E+01
 -0.389  0.3559E+00  0.3412E+01
 -0.388  0.3557E+00  0.3413E+01
 -0.387  0.3555E+00  0.3413E+01
 -0.386  0.3552E+00  0.3413E+01
 -0.385  0.3550E+00  0.3414E+01
 -0.384  0.3548E+00  0.3414E+01
 -0.383  0.3546E+00  0.3414E+01
 -0.382  0.3543E+00  0.3415E+01
 -0.381  0.3541E+00  0.3415E+01
 -0.380  0.3539E+00  0.3415E+01
 -0.379  0.3537E+00  0.3416E+01
 -0.378  0.3535E+00  0.3416E+01
 -0.377  0.3532E+00  0.3417E+01
 -0.376  0.3530E+00  0.3417E+01
 -0.375  0.3528E+00  0.3417E+01
 -0.374  0.3526E+00  0.3418E+01
 -0.373  0.3524E+00  0.3418E+01
 -0.372  0.3521E+00  0.3418E+01
 -0.371  0.3519E+00  0.3419E+01
 -0.370  0.3517E+00  0.3419E+01
 -0.369  0.3515E+00  0.3419E+01
 -0.368  0.3513E+00  0.3420E+01
 -0.367  0.3510E+00  0.3420E+01
 -0.366  0.3508E+00  0.3420E+01
 -0.365  0.3506E+00  0.3421E+01
 -0.364  0.3504E+00  0.3421E+01
 -0.363  0.3502E+00  0.3421E+01
 -0.362  0.3500E+00  0.3422E+01
 -0.361  0.3498E+00  0.3422E+01
 -0.360  0.3495E+00  0.3423E+01
 -0.359  0.3493E+00  0.3423E+01
 -0.358  0.3491E+00  0.3423E+01
 -0.357  0.3489E+00  0.3424E+01
 -0.356  0.3487E+00  0.3424E+01
 -0.355  0.3485E+00  0.3424E+01
 -0.354  0.3483E+00  0.3425E+01
 -0.353  0.3481E+00  0.3425E+01
 -0.352  0.3479E+00  0.3425E+01
 -0.351  0.3477E+00  0.3426E+01
 -0.350  0.3474E+00  0.3426E+01
 -0.349  0.3472E+00  0.3426E+01
 -0.348  0.3470E+00  0.3427E+01
 -0.347  0.3468E+00  0.3427E+01
 -0.346  0.3466E+00  0.3427E+01
 -0.345  0.3464E+00  0.3428E+01
 -0.344  0.3462E+00  0.3428E+01
 -0.343  0.3460E+00  0.3428E+01
 -0.342  0.3458E+00  0.3429E+01
 -0.341  0.3456E+00  0.3429E+01
 -0.340  0.3454E+00  0.3429E+01
 -0.339  0.3452E+00  0.3430E+01
 -0.338  0.3450E+00  0.3430E+01
 -0.337  0.3448E+00  0.3431E+01
 -0.336  0.3446E+00  0.3431E+01
 -0.335  0.3444E+00  0.3431E+01
 -0.334  0.3442E+00  0.3432E+01
 -0.333  0.3440E+00  0.3432E+01
 -0.332  0.3438E+00  0.3432E+01
 -0.331  0.3436E+00  0.3433E+01
 -0.330  0.3434E+00  0.3433E+01
 -0.329  0.3432E+00  0.3433E+01
 -0.328  0.3430E+00  0.3434E+01
 -0.327  0.3428E+00  0.3434E+01
 -0.326  0.3426E+00  0.3434E+01
 -0.325  0.3424E+00  0.3435E+01
 -0.324  0.3422E+00  0.3435E+01
 -0.323  0.3420E+00  0.3435E+01
 -0.322  0.3418E+00  0.3436E+01
 -0.321  0.3416E+00  0.3436E+01
 -0.320  0.3414E+00  0.3436E+01
 -0.319  0.3412E+00  0.3437E+01
 -0.318  0.3410E+00  0.3437E+01
 -0.317  0.3408E+00  0.3437E+01
 -0.316  0.3406E+00  0.3438E+01
 -0.315  0.3404E+00  0.3438E+01
 -0.314  0.3402E+00  0.3438E+01
 -0.313  0.3400E+00  0.3439E+01
 -0.312  0.3398E+00  0.3439E+01
 -0.311  0.3396E+00  0.3439E+01
 -0.310  0.3394E+00  0.3440E+01
 -0.309  0.3392E+00  0.3440E+01
 -0.308  0.3390E+00  0.3440E+01
 -0.307  0.3388E+00  0.3441E+01
 -0.306  0.3386E+00  0.3441E+01
 -0.305  0.3384E+00  0.3441E+01
 -0.304  0.3382E+00  0.3442E+01
 -0.303  0.3380E+00  0.3442E+01
 -0.302  0.3378E+00  0.3442E+01
 -0.301  0.3376E+00  0.3443E+01
 -0.300  0.3374E+00  0.3443E+01
 -0.299  0.3372E+00  0.3443E+01
 -0.298  0.3370E+00  0.3444E+01
 -0.297  0.3368E+00  0.3444E+01
 -0.296  0.3366E+00  0.3444E+01
 -0.295  0.3364E+00  0.3445E+01
 -0.294  0.3362E+00  0.3445E+01
 -0.293  0.3360E+00  0.3445E+01
 -0.292  0.3358E+00  0.3446E+01
 -0.291  0.3356E+00  0.3446E+01
 -0.290  0.3354E+00  0.3446E+01
 -0.289  0.3352E+00  0.3447E+01
 -0.288  0.3350E+00  0.3447E+01
 -0.287  0.3348E+00  0.3447E+01
 -0.286  0.3346E+00  0.3448E+01
 -0.285  0.3344E+00  0.3448E+01
 -0.284  0.3342E+00  0.3448E+01
 -0.283  0.3340E+00  0.3449E+01
 -0.282  0.3338E+00  0.3449E+01
 -0.281  0.3336E+00  0.3450E+01
 -0.280  0.3334E+00  0.3450E+01
 -0.279  0.3332E+00  0.3450E+01
 -0.278  0.3330E+00  0.3450E+01
 -0.277  0.3328E+00  0.3451E+01
 -0.276  0.3326E+00  0.3451E+01
 -0.275  0.3324E+00  0.3451E+01
 -0.274  0.3322E+00  0.3452E+01
 -0.273  0.3320E+00  0.3452E+01
 -0.272  0.3318E+00  0.3452E+01
 -0.271  0.3316E+00  0.3453E+01
 -0.270  0.3314E+00  0.3453E+01
 -0.269  0.3312E+00  0.3453E+01
 -0.268  0.3310E+00  0.3454E+01
 -0.267  0.3308E+00  0.3454E+01
 -0.266  0.3307E+00  0.3454E+01
 -0.265  0.3305E+00  0.3455E+01
 -0.264  0.3303E+00  0.3455E+01
 -0.263  0.3301E+00  0.3455E+01
 -0.262  0.3299E+00  0.3456E+01
 -0.261  0.3297E+00  0.3456E+01
 -0.260  0.3295E+00  0.3456E+01
 -0.259  0.3293E+00  0.3457E+01
 -0.258  0.3291E+00  0.3457E+01
 -0.257  0.3290E+00  0.3457E+01
 -0.256  0.3288E+00  0.3458E+01
 -0.255  0.3286E+00  0.3458E+01
 -0.254  0.3284E+00  0.3458E+01
 -0.253  0.3282E+00  0.3459E+01
 -0.252  0.3280E+00  0.3459E+01
 -0.251  0.3278E+00  0.3459E+01
 -0.250  0.3277E+00  0.3460E+01
 -0.249  0.3275E+00  0.3460E+01
 -0.248  0.3273E+00  0.3460E+01
 -0.247  0.3271E+00  0.3461E+01
 -0.246  0.3269E+00  0.3461E+01
 -0.245  0.3267E+00  0.3461E+01
 -0.244  0.3265E+00  0.3462E+01
 -0.243  0.3264E+00  0.3462E+01
 -0.242  0.3262E+00  0.3462E+01
 -0.241  0.3260E+00  0.3463E+01
 -0.240  0.3258E+00  0.3463E+01
 -0.239  0.3256E+00  0.3463E+01
 -0.238  0.3254E+00  0.3464E+01
 -0.237  0.3253E+00  0.3464E+01
 -0.236  0.3251E+00  0.3464E+01
 -0.235  0.3249E+00  0.3465E+01
 -0.234  0.3247E+00  0.3465E+01
 -0.233  0.3245E+00  0.3465E+01
 -0.232  0.3244E+00  0.3466E+01
 -0.231  0.3242E+00  0.3466E+01
 -0.230  0.3240E+00  0.3466E+01
 -0.229  0.3238E+00  0.3467E+01
 -0.228  0.3236E+00  0.3467E+01
 -0.227  0.3235E+00  0.3467E+01
 -0.226  0.3233E+00  0.3468E+01
 -0.225  0.3231E+00  0.3468E+01
 -0.224  0.3229E+00  0.3468E+01
 -0.223  0.3227E+00  0.3469E+01
 -0.222  0.3226E+00  0.3469E+01
 -0.221  0.3224E+00  0.3469E+01
 -0.220  0.3222E+00  0.3469E+01
 -0.219  0.3220E+00  0.3470E+01
 -0.218  0.3218E+00  0.3470E+01
 -0.217  0.3217E+00  0.3470E+01
 -0.216  0.3215E+00  0.3471E+01
 -0.215  0.3213E+00  0.3471E+01
 -0.214  0.3211E+00  0.3471E+01
 -0.213  0.3210E+00  0.3472E+01
 -0.212  0.3208E+00  0.3472E+01
 -0.211  0.3206E+00  0.3472E+01
 -0.210  0.3204E+00  0.3473E+01
 -0.209  0.3203E+00  0.3473E+01
 -0.208  0.3201E+00  0.3473E+01
 -0.207  0.3199E+00  0.3474E+01
 -0.206  0.3197E+00  0.3474E+01
 -0.205  0.3196E+00  0.3474E+01
 -0.204  0.3194E+00  0.3475E+01
 -0.203  0.3192E+00  0.3475E+01
 -0.202  0.3190E+00  0.3475E+01
 -0.201  0.3189E+00  0.3476E+01
 -0.200  0.3187E+00  0.3476E+01
 -0.199  0.3185E+00  0.3476E+01
 -0.198  0.3183E+00  0.3477E+01
 -0.197  0.3182E+00  0.3477E+01
 -0.196  0.3180E+00  0.3477E+01
 -0.195  0.3178E+00  0.3477E+01
 -0.194  0.3176E+00  0.3478E+01
 -0.193  0.3175E+00  0.3478E+01
 -0.192  0.3173E+00  0.3478E+01
 -0.191  0.3171E+00  0.3479E+01
 -0.190  0.3169E+00  0.3479E+01
 -0.189  0.3168E+00  0.3479E+01
 -0.188  0.3166E+00  0.3480E+01
 -0.187  0.3164E+00  0.3480E+01
 -0.186  0.3162E+00  0.3480E+01
 -0.185  0.3161E+00  0.3481E+01
 -0.184  0.3159E+00  0.3481E+01
 -0.183  0.3157E+00  0.3481E+01
 -0.182  0.3155E+00  0.3482E+01
 -0.181  0.3154E+00  0.3482E+01
 -0.180  0.3152E+00  0.3482E+01
 -0.179  0.3150E+00  0.3483E+01
 -0.178  0.3149E+00  0.3483E+01
 -0.177  0.3147E+00  0.3483E+01
 -0.176  0.3145E+00  0.3483E+01
 -0.175  0.3143E+00  0.3484E+01
 -0.174  0.3142E+00  0.3484E+01
 -0.173  0.3140E+00  0.3484E+01
 -0.172  0.3138E+00  0.3485E+01
 -0.171  0.3137E+00  0.3485E+01
 -0.170  0.3135E+00  0.3485E+01
 -0.169  0.3133E+00  0.3486E+01
 -0.168  0.3131E+00  0.3486E+01
 -0.167  0.3130E+00  0.3486E+01
 -0.166  0.3128E+00  0.3487E+01
 -0.165  0.3126E+00  0.3487E+01
 -0.164  0.3125E+00  0.3487E+01
 -0.163  0.3123E+00  0.3488E+01
 -0.162  0.3121E+00  0.3488E+01
 -0.161  0.3120E+00  0.3488E+01
 -0.160  0.3118E+00  0.3489E+01
 -0.159  0.3116E+00  0.3489E+01
 -0.158  0.3114E+00  0.3489E+01
 -0.157  0.3113E+00  0.3489E+01
 -0.156  0.3111E+00  0.3490E+01
 -0.155  0.3109E+00  0.3490E+01
 -0.154  0.3108E+00  0.3490E+01
 -0.153  0.3106E+00  0.3491E+01
 -0.152  0.3104E+00  0.3491E+01
 -0.151  0.3103E+00  0.3491E+01
 -0.150  0.3101E+00  0.3492E+01
 -0.149  0.3099E+00  0.3492E+01
 -0.148  0.3098E+00  0.3492E+01
 -0.147  0.3096E+00  0.3493E+01
 -0.146  0.3094E+00  0.3493E+01
 -0.145  0.3092E+00  0.3493E+01
 -0.144  0.3091E+00  0.3493E+01
 -0.143  0.3089E+00  0.3494E+01
 -0.142  0.3087E+00  0.3494E+01
 -0.141  0.3086E+00  0.3494E+01
 -0.140  0.3084E+00  0.3495E+01
 -0.139  0.3082E+00  0.3495E+01
 -0.138  0.3081E+00  0.3495E+01
 -0.137  0.3079E+00  0.3496E+01
 -0.136  0.3077E+00  0.3496E+01
 -0.135  0.3076E+00  0.3496E+01
 -0.134  0.3074E+00  0.3497E+01
 -0.133  0.3072E+00  0.3497E+01
 -0.132  0.3071E+00  0.3497E+01
 -0.131  0.3069E+00  0.3497E+01
 -0.130  0.3067E+00  0.3498E+01
 -0.129  0.3066E+00  0.3498E+01
 -0.128  0.3064E+00  0.3498E+01
 -0.127  0.3063E+00  0.3499E+01
 -0.126  0.3061E+00  0.3499E+01
 -0.125  0.3059E+00  0.3499E+01
 -0.124  0.3058E+00  0.3500E+01
 -0.123  0.3056E+00  0.3500E+01
 -0.122  0.3054E+00  0.3500E+01
 -0.121  0.3053E+00  0.3501E+01
 -0.120  0.3051E+00  0.3501E+01
 -0.119  0.3049E+00  0.3501E+01
 -0.118  0.3048E+00  0.3501E+01
 -0.117  0.3046E+00  0.3502E+01
 -0.116  0.3044E+00  0.3502E+01
 -0.115  0.3043E+00  0.3502E+01
 -0.114  0.3041E+00  0.3503E+01
 -0.113  0.3039E+00  0.3503E+01
 -0.112  0.3038E+00  0.3503E+01
 -0.111  0.3036E+00  0.3504E+01
 -0.110  0.3034E+00  0.3504E+01
 -0.109  0.3033E+00  0.3504E+01
 -0.108  0.3031E+00  0.3504E+01
 -0.107  0.3030E+00  0.3505E+01
 -0.106  0.3028E+00  0.3505E+01
 -0.105  0.3026E+00  0.3505E+01
 -0.104  0.3025E+00  0.3506E+01
 -0.103  0.3023E+00  0.3506E+01
 -0.102  0.3021E+00  0.3506E+01
 -0.101  0.3020E+00  0.3507E+01
 -0.100  0.3018E+00  0.3507E+01
 -0.099  0.3017E+00  0.3507E+01
 -0.098  0.3015E+00  0.3508E+01
 -0.097  0.3013E+00  0.3508E+01
 -0.096  0.3012E+00  0.3508E+01
 -0.095  0.3010E+00  0.3508E+01
 -0.094  0.3008E+00  0.3509E+01
 -0.093  0.3007E+00  0.3509E+01
 -0.092  0.3005E+00  0.3509E+01
 -0.091  0.3004E+00  0.3510E+01
 -0.090  0.3002E+00  0.3510E+01
 -0.089  0.3000E+00  0.3510E+01
 -0.088  0.2999E+00  0.3511E+01
 -0.087  0.2997E+00  0.3511E+01
 -0.086  0.2996E+00  0.3511E+01
 -0.085  0.2994E+00  0.3511E+01
 -0.084  0.2993E+00  0.3512E+01
 -0.083  0.2991E+00  0.3512E+01
 -0.082  0.2990E+00  0.3512E+01
 -0.081  0.2988E+00  0.3513E+01
 -0.080  0.2987E+00  0.3513E+01
 -0.079  0.2985E+00  0.3513E+01
 -0.078  0.2984E+00  0.3514E+01
 -0.077  0.2982E+00  0.3514E+01
 -0.076  0.2981E+00  0.3514E+01
 -0.075  0.2979E+00  0.3514E+01
 -0.074  0.2978E+00  0.3515E+01
 -0.073  0.2976E+00  0.3515E+01
 -0.072  0.2975E+00  0.3515E+01
 -0.071  0.2973E+00  0.3516E+01
 -0.070  0.2972E+00  0.3516E+01
 -0.069  0.2970E+00  0.3516E+01
 -0.068  0.2969E+00  0.3516E+01
 -0.067  0.2967E+00  0.3517E+01
 -0.066  0.2966E+00  0.3517E+01
 -0.065  0.2965E+00  0.3517E+01
 -0.064  0.2963E+00  0.3518E+01
 -0.063  0.2962E+00  0.3518E+01
 -0.062  0.2960E+00  0.3518E+01
 -0.061  0.2959E+00  0.3519E+01
 -0.060  0.2957E+00  0.3519E+01
 -0.059  0.2956E+00  0.3519E+01
 -0.058  0.2954E+00  0.3519E+01
 -0.057  0.2953E+00  0.3520E+01
 -0.056  0.2951E+00  0.3520E+01
 -0.055  0.2950E+00  0.3520E+01
 -0.054  0.2948E+00  0.3521E+01
 -0.053  0.2947E+00  0.3521E+01
 -0.052  0.2945E+00  0.3521E+01
 -0.051  0.2944E+00  0.3522E+01
 -0.050  0.2943E+00  0.3522E+01
 -0.049  0.2941E+00  0.3522E+01
 -0.048  0.2940E+00  0.3522E+01
 -0.047  0.2938E+00  0.3523E+01
 -0.046  0.2937E+00  0.3523E+01
 -0.045  0.2935E+00  0.3523E+01
 -0.044  0.2934E+00  0.3524E+01
 -0.043  0.2932E+00  0.3524E+01
 -0.042  0.2931E+00  0.3524E+01
 -0.041  0.2929E+00  0.3524E+01
 -0.040  0.2928E+00  0.3525E+01
 -0.039  0.2926E+00  0.3525E+01
 -0.038  0.2925E+00  0.3525E+01
 -0.037  0.2923E+00  0.3526E+01
 -0.036  0.2922E+00  0.3526E+01
 -0.035  0.2920E+00  0.3526E+01
 -0.034  0.2919E+00  0.3526E+01
 -0.033  0.2917E+00  0.3527E+01
 -0.032  0.2916E+00  0.3527E+01
 -0.031  0.2914E+00  0.3527E+01
 -0.030  0.2913E+00  0.3528E+01
 -0.029  0.2911E+00  0.3528E+01
 -0.028  0.2910E+00  0.3528E+01
 -0.027  0.2908E+00  0.3529E+01
 -0.026  0.2907E+00  0.3529E+01
 -0.025  0.2905E+00  0.3529E+01
 -0.024  0.2904E+00  0.3529E+01
 -0.023  0.2902E+00  0.3530E+01
 -0.022  0.2901E+00  0.3530E+01
 -0.021  0.2899E+00  0.3530E+01
 -0.020  0.2898E+00  0.3531E+01
 -0.019  0.2896E+00  0.3531E+01
 -0.018  0.2895E+00  0.3531E+01
 -0.017  0.2893E+00  0.3531E+01
 -0.016  0.2891E+00  0.3532E+01
 -0.015  0.2890E+00  0.3532E+01
 -0.014  0.2888E+00  0.3532E+01
 -0.013  0.2887E+00  0.3533E+01
 -0.012  0.2885E+00  0.3533E+01
 -0.011  0.2883E+00  0.3533E+01
 -0.010  0.2882E+00  0.3533E+01
 -0.009  0.2880E+00  0.3534E+01
 -0.008  0.2878E+00  0.3534E+01
 -0.007  0.2877E+00  0.3534E+01
 -0.006  0.2875E+00  0.3535E+01
 -0.005  0.2873E+00  0.3535E+01
 -0.004  0.2872E+00  0.3535E+01
 -0.003  0.2870E+00  0.3535E+01
 -0.002  0.2868E+00  0.3536E+01
 -0.001  0.2866E+00  0.3536E+01
  0.000  0.2865E+00  0.3536E+01
  0.001  0.2863E+00  0.3537E+01
  0.002  0.2861E+00  0.3537E+01
  0.003  0.2860E+00  0.3537E+01
  0.004  0.2858E+00  0.3537E+01
  0.005  0.2856E+00  0.3538E+01
  0.006  0.2854E+00  0.3538E+01
  0.007  0.2853E+00  0.3538E+01
  0.008  0.2851E+00  0.3539E+01
  0.009  0.2849E+00  0.3539E+01
  0.010  0.2848E+00  0.3539E+01
  0.011  0.2846E+00  0.3539E+01
  0.012  0.2844E+00  0.3540E+01
  0.013  0.2843E+00  0.3540E+01
  0.014  0.2841E+00  0.3540E+01
  0.015  0.2839E+00  0.3541E+01
  0.016  0.2838E+00  0.3541E+01
  0.017  0.2836E+00  0.3541E+01
  0.018  0.2834E+00  0.3541E+01
  0.019  0.2833E+00  0.3542E+01
  0.020  0.2831E+00  0.3542E+01
  0.021  0.2829E+00  0.3542E+01
  0.022  0.2828E+00  0.3543E+01
  0.023  0.2826E+00  0.3543E+01
  0.024  0.2824E+00  0.3543E+01
  0.025  0.2823E+00  0.3543E+01
  0.026  0.2821E+00  0.3544E+01
  0.027  0.2819E+00  0.3544E+01
  0.028  0.2818E+00  0.3544E+01
  0.029  0.2816E+00  0.3545E+01
  0.030  0.2814E+00  0.3545E+01
  0.031  0.2813E+00  0.3545E+01
  0.032  0.2811E+00  0.3545E+01
  0.033  0.2809E+00  0.3546E+01
  0.034  0.2808E+00  0.3546E+01
  0.035  0.2806E+00  0.3546E+01
  0.036  0.2804E+00  0.3547E+01
  0.037  0.2803E+00  0.3547E+01
  0.038  0.2801E+00  0.3547E+01
  0.039  0.2800E+00  0.3547E+01
  0.040  0.2798E+00  0.3548E+01
  0.041  0.2796E+00  0.3548E+01
  0.042  0.2795E+00  0.3548E+01
  0.043  0.2793E+00  0.3548E+01
  0.044  0.2791E+00  0.3549E+01
  0.045  0.2790E+00  0.3549E+01
  0.046  0.2788E+00  0.3549E+01
  0.047  0.2786E+00  0.3550E+01
  0.048  0.2785E+00  0.3550E+01
  0.049  0.2783E+00  0.3550E+01
  0.050  0.2781E+00  0.3550E+01
  0.051  0.2780E+00  0.3551E+01
  0.052  0.2778E+00  0.3551E+01
  0.053  0.2777E+00  0.3551E+01
  0.054  0.2775E+00  0.3552E+01
  0.055  0.2773E+00  0.3552E+01
  0.056  0.2772E+00  0.3552E+01
  0.057  0.2770E+00  0.3552E+01
  0.058  0.2768E+00  0.3553E+01
  0.059  0.2767E+00  0.3553E+01
  0.060  0.2765E+00  0.3553E+01
  0.061  0.2764E+00  0.3553E+01
  0.062  0.2762E+00  0.3554E+01
  0.063  0.2760E+00  0.3554E+01
  0.064  0.2759E+00  0.3554E+01
  0.065  0.2757E+00  0.3555E+01
  0.066  0.2755E+00  0.3555E+01
  0.067  0.2754E+00  0.3555E+01
  0.068  0.2752E+00  0.3555E+01
  0.069  0.2751E+00  0.3556E+01
  0.070  0.2749E+00  0.3556E+01
  0.071  0.2747E+00  0.3556E+01
  0.072  0.2746E+00  0.3557E+01
  0.073  0.2744E+00  0.3557E+01
  0.074  0.2742E+00  0.3557E+01
  0.075  0.2741E+00  0.3557E+01
  0.076  0.2739E+00  0.3558E+01
  0.077  0.2738E+00  0.3558E+01
  0.078  0.2736E+00  0.3558E+01
  0.079  0.2734E+00  0.3558E+01
  0.080  0.2733E+00  0.3559E+01
  0.081  0.2731E+00  0.3559E+01
  0.082  0.2729E+00  0.3559E+01
  0.083  0.2728E+00  0.3560E+01
  0.084  0.2726E+00  0.3560E+01
  0.085  0.2725E+00  0.3560E+01
  0.086  0.2723E+00  0.3560E+01
  0.087  0.2721E+00  0.3561E+01
  0.088  0.2720E+00  0.3561E+01
  0.089  0.2718E+00  0.3561E+01
  0.090  0.2716E+00  0.3561E+01
  0.091  0.2715E+00  0.3562E+01
  0.092  0.2713E+00  0.3562E+01
  0.093  0.2712E+00  0.3562E+01
  0.094  0.2710E+00  0.3563E+01
  0.095  0.2708E+00  0.3563E+01
  0.096  0.2707E+00  0.3563E+01
  0.097  0.2705E+00  0.3563E+01
  0.098  0.2704E+00  0.3564E+01
  0.099  0.2702E+00  0.3564E+01
  0.100  0.2700E+00  0.3564E+01
  0.101  0.2699E+00  0.3564E+01
  0.102  0.2697E+00  0.3565E+01
  0.103  0.2696E+00  0.3565E+01
  0.104  0.2694E+00  0.3565E+01
  0.105  0.2692E+00  0.3565E+01
  0.106  0.2691E+00  0.3566E+01
  0.107  0.2689E+00  0.3566E+01
  0.108  0.2687E+00  0.3566E+01
  0.109  0.2686E+00  0.3567E+01
  0.110  0.2684E+00  0.3567E+01
  0.111  0.2683E+00  0.3567E+01
  0.112  0.2681E+00  0.3567E+01
  0.113  0.2679E+00  0.3568E+01
  0.114  0.2678E+00  0.3568E+01
  0.115  0.2676E+00  0.3568E+01
  0.116  0.2675E+00  0.3568E+01
  0.117  0.2673E+00  0.3569E+01
  0.118  0.2671E+00  0.3569E+01
  0.119  0.2670E+00  0.3569E+01
  0.120  0.2668E+00  0.3569E+01
  0.121  0.2667E+00  0.3570E+01
  0.122  0.2665E+00  0.3570E+01
  0.123  0.2664E+00  0.3570E+01
  0.124  0.2662E+00  0.3571E+01
  0.125  0.2660E+00  0.3571E+01
  0.126  0.2659E+00  0.3571E+01
  0.127  0.2657E+00  0.3571E+01
  0.128  0.2656E+00  0.3572E+01
  0.129  0.2654E+00  0.3572E+01
  0.130  0.2653E+00  0.3572E+01
  0.131  0.2651E+00  0.3572E+01
  0.132  0.2650E+00  0.3573E+01
  0.133  0.2648E+00  0.3573E+01
  0.134  0.2647E+00  0.3573E+01
  0.135  0.2645E+00  0.3573E+01
  0.136  0.2644E+00  0.3574E+01
  0.137  0.2642E+00  0.3574E+01
  0.138  0.2640E+00  0.3574E+01
  0.139  0.2639E+00  0.3575E+01
  0.140  0.2637E+00  0.3575E+01
  0.141  0.2636E+00  0.3575E+01
  0.142  0.2634E+00  0.3575E+01
  0.143  0.2633E+00  0.3576E+01
  0.144  0.2631E+00  0.3576E+01
  0.145  0.2630E+00  0.3576E+01
  0.146  0.2628E+00  0.3576E+01
  0.147  0.2627E+00  0.3577E+01
  0.148  0.2625E+00  0.3577E+01
  0.149  0.2624E+00  0.3577E+01
  0.150  0.2622E+00  0.3577E+01
  0.151  0.2620E+00  0.3578E+01
  0.152  0.2619E+00  0.3578E+01
  0.153  0.2617E+00  0.3578E+01
  0.154  0.2616E+00  0.3578E+01
  0.155  0.2614E+00  0.3579E+01
  0.156  0.2613E+00  0.3579E+01
  0.157  0.2611E+00  0.3579E+01
  0.158  0.2610E+00  0.3580E+01
  0.159  0.2608E+00  0.3580E+01
  0.160  0.2607E+00  0.3580E+01
  0.161  0.2605E+00  0.3580E+01
  0.162  0.2604E+00  0.3581E+01
  0.163  0.2602E+00  0.3581E+01
  0.164  0.2601E+00  0.3581E+01
  0.165  0.2599E+00  0.3581E+01
  0.166  0.2598E+00  0.3582E+01
  0.167  0.2596E+00  0.3582E+01
  0.168  0.2595E+00  0.3582E+01
  0.169  0.2593E+00  0.3582E+01
  0.170  0.2592E+00  0.3583E+01
  0.171  0.2590E+00  0.3583E+01
  0.172  0.2589E+00  0.3583E+01
  0.173  0.2587E+00  0.3583E+01
  0.174  0.2586E+00  0.3584E+01
  0.175  0.2584E+00  0.3584E+01
  0.176  0.2583E+00  0.3584E+01
  0.177  0.2581E+00  0.3584E+01
  0.178  0.2580E+00  0.3585E+01
  0.179  0.2579E+00  0.3585E+01
  0.180  0.2577E+00  0.3585E+01
  0.181  0.2576E+00  0.3585E+01
  0.182  0.2574E+00  0.3586E+01
  0.183  0.2573E+00  0.3586E+01
  0.184  0.2571E+00  0.3586E+01
  0.185  0.2570E+00  0.3587E+01
  0.186  0.2569E+00  0.3587E+01
  0.187  0.2567E+00  0.3587E+01
  0.188  0.2566E+00  0.3587E+01
  0.189  0.2564E+00  0.3588E+01
  0.190  0.2563E+00  0.3588E+01
  0.191  0.2562E+00  0.3588E+01
  0.192  0.2560E+00  0.3588E+01
  0.193  0.2559E+00  0.3589E+01
  0.194  0.2557E+00  0.3589E+01
  0.195  0.2556E+00  0.3589E+01
  0.196  0.2555E+00  0.3589E+01
  0.197  0.2554E+00  0.3590E+01
  0.198  0.2552E+00  0.3590E+01
  0.199  0.2551E+00  0.3590E+01
  0.200  0.2550E+00  0.3590E+01
  0.201  0.2548E+00  0.3591E+01
  0.202  0.2547E+00  0.3591E+01
  0.203  0.2546E+00  0.3591E+01
  0.204  0.2544E+00  0.3591E+01
  0.205  0.2543E+00  0.3592E+01
  0.206  0.2542E+00  0.3592E+01
  0.207  0.2541E+00  0.3592E+01
  0.208  0.2539E+00  0.3592E+01
  0.209  0.2538E+00  0.3593E+01
  0.210  0.2537E+00  0.3593E+01
  0.211  0.2535E+00  0.3593E+01
  0.212  0.2534E+00  0.3593E+01
  0.213  0.2533E+00  0.3594E+01
  0.214  0.2532E+00  0.3594E+01
  0.215  0.2530E+00  0.3594E+01
  0.216  0.2529E+00  0.3594E+01
  0.217  0.2528E+00  0.3595E+01
  0.218  0.2527E+00  0.3595E+01
  0.219  0.2525E+00  0.3595E+01
  0.220  0.2524E+00  0.3595E+01
  0.221  0.2523E+00  0.3596E+01
  0.222  0.2521E+00  0.3596E+01
  0.223  0.2520E+00  0.3596E+01
  0.224  0.2519E+00  0.3596E+01
  0.225  0.2518E+00  0.3597E+01
  0.226  0.2516E+00  0.3597E+01
  0.227  0.2515E+00  0.3597E+01
  0.228  0.2514E+00  0.3597E+01
  0.229  0.2513E+00  0.3598E+01
  0.230  0.2511E+00  0.3598E+01
  0.231  0.2510E+00  0.3598E+01
  0.232  0.2509E+00  0.3598E+01
  0.233  0.2508E+00  0.3599E+01
  0.234  0.2506E+00  0.3599E+01
  0.235  0.2505E+00  0.3599E+01
  0.236  0.2504E+00  0.3599E+01
  0.237  0.2503E+00  0.3600E+01
  0.238  0.2501E+00  0.3600E+01
  0.239  0.2500E+00  0.3600E+01
  0.240  0.2499E+00  0.3600E+01
  0.241  0.2498E+00  0.3601E+01
  0.242  0.2496E+00  0.3601E+01
  0.243  0.2495E+00  0.3601E+01
  0.244  0.2494E+00  0.3601E+01
  0.245  0.2493E+00  0.3602E+01
  0.246  0.2491E+00  0.3602E+01
  0.247  0.2490E+00  0.3602E+01
  0.248  0.2489E+00  0.3602E+01
  0.249  0.2488E+00  0.3603E+01
  0.250  0.2486E+00  0.3603E+01
  0.251  0.2485E+00  0.3603E+01
  0.252  0.2484E+00  0.3603E+01
  0.253  0.2483E+00  0.3604E+01
  0.254  0.2482E+00  0.3604E+01
  0.255  0.2480E+00  0.3604E+01
  0.256  0.2479E+00  0.3604E+01
  0.257  0.2478E+00  0.3605E+01
  0.258  0.2477E+00  0.3605E+01
  0.259  0.2475E+00  0.3605E+01
  0.260  0.2474E+00  0.3605E+01
  0.261  0.2473E+00  0.3606E+01
  0.262  0.2472E+00  0.3606E+01
  0.263  0.2470E+00  0.3606E+01
  0.264  0.2469E+00  0.3606E+01
  0.265  0.2468E+00  0.3607E+01
  0.266  0.2467E+00  0.3607E+01
  0.267  0.2465E+00  0.3607E+01
  0.268  0.2464E+00  0.3607E+01
  0.269  0.2463E+00  0.3608E+01
  0.270  0.2462E+00  0.3608E+01
  0.271  0.2460E+00  0.3608E+01
  0.272  0.2459E+00  0.3608E+01
  0.273  0.2458E+00  0.3609E+01
  0.274  0.2457E+00  0.3609E+01
  0.275  0.2455E+00  0.3609E+01
  0.276  0.2454E+00  0.3609E+01
  0.277  0.2453E+00  0.3610E+01
  0.278  0.2452E+00  0.3610E+01
  0.279  0.2450E+00  0.3610E+01
  0.280  0.2449E+00  0.3610E+01
  0.281  0.2448E+00  0.3611E+01
  0.282  0.2447E+00  0.3611E+01
  0.283  0.2445E+00  0.3611E+01
  0.284  0.2444E+00  0.3611E+01
  0.285  0.2443E+00  0.3612E+01
  0.286  0.2442E+00  0.3612E+01
  0.287  0.2440E+00  0.3612E+01
  0.288  0.2439E+00  0.3612E+01
  0.289  0.2438E+00  0.3613E+01
  0.290  0.2437E+00  0.3613E+01
  0.291  0.2435E+00  0.3613E+01
  0.292  0.2434E+00  0.3613E+01
  0.293  0.2433E+00  0.3614E+01
  0.294  0.2432E+00  0.3614E+01
  0.295  0.2430E+00  0.3614E+01
  0.296  0.2429E+00  0.3614E+01
  0.297  0.2428E+00  0.3614E+01
  0.298  0.2427E+00  0.3615E+01
  0.299  0.2425E+00  0.3615E+01
  0.300  0.2424E+00  0.3615E+01
  0.301  0.2423E+00  0.3615E+01
  0.302  0.2422E+00  0.3616E+01
  0.303  0.2420E+00  0.3616E+01
  0.304  0.2419E+00  0.3616E+01
  0.305  0.2418E+00  0.3616E+01
  0.306  0.2417E+00  0.3617E+01
  0.307  0.2415E+00  0.3617E+01
  0.308  0.2414E+00  0.3617E+01
  0.309  0.2413E+00  0.3617E+01
  0.310  0.2412E+00  0.3618E+01
  0.311  0.2410E+00  0.3618E+01
  0.312  0.2409E+00  0.3618E+01
  0.313  0.2408E+00  0.3618E+01
  0.314  0.2407E+00  0.3619E+01
  0.315  0.2405E+00  0.3619E+01
  0.316  0.2404E+00  0.3619E+01
  0.317  0.2403E+00  0.3619E+01
  0.318  0.2402E+00  0.3620E+01
  0.319  0.2400E+00  0.3620E+01
  0.320  0.2399E+00  0.3620E+01
  0.321  0.2398E+00  0.3620E+01
  0.322  0.2397E+00  0.3621E+01
  0.323  0.2396E+00  0.3621E+01
  0.324  0.2394E+00  0.3621E+01
  0.325  0.2393E+00  0.3621E+01
  0.326  0.2392E+00  0.3621E+01
  0.327  0.2391E+00  0.3622E+01
  0.328  0.2390E+00  0.3622E+01
  0.329  0.2388E+00  0.3622E+01
  0.330  0.2387E+00  0.3622E+01
  0.331  0.2386E+00  0.3623E+01
  0.332  0.2385E+00  0.3623E+01
  0.333  0.2384E+00  0.3623E+01
  0.334  0.2382E+00  0.3623E+01
  0.335  0.2381E+00  0.3624E+01
  0.336  0.2380E+00  0.3624E+01
  0.337  0.2379E+00  0.3624E+01
  0.338  0.2378E+00  0.3624E+01
  0.339  0.2376E+00  0.3625E+01
  0.340  0.2375E+00  0.3625E+01
  0.341  0.2374E+00  0.3625E+01
  0.342  0.2373E+00  0.3625E+01
  0.343  0.2372E+00  0.3626E+01
  0.344  0.2370E+00  0.3626E+01
  0.345  0.2369E+00  0.3626E+01
  0.346  0.2368E+00  0.3626E+01
  0.347  0.2367E+00  0.3626E+01
  0.348  0.2366E+00  0.3627E+01
  0.349  0.2364E+00  0.3627E+01
  0.350  0.2363E+00  0.3627E+01
  0.351  0.2362E+00  0.3627E+01
  0.352  0.2361E+00  0.3628E+01
  0.353  0.2359E+00  0.3628E+01
  0.354  0.2358E+00  0.3628E+01
  0.355  0.2357E+00  0.3628E+01
  0.356  0.2356E+00  0.3629E+01
  0.357  0.2355E+00  0.3629E+01
  0.358  0.2353E+00  0.3629E+01
  0.359  0.2352E+00  0.3629E+01
  0.360  0.2351E+00  0.3630E+01
  0.361  0.2350E+00  0.3630E+01
  0.362  0.2349E+00  0.3630E+01
  0.363  0.2347E+00  0.3630E+01
  0.364  0.2346E+00  0.3630E+01
  0.365  0.2345E+00  0.3631E+01
  0.366  0.2344E+00  0.3631E+01
  0.367  0.2343E+00  0.3631E+01
  0.368  0.2342E+00  0.3631E+01
  0.369  0.2340E+00  0.3632E+01
  0.370  0.2339E+00  0.3632E+01
  0.371  0.2338E+00  0.3632E+01
  0.372  0.2337E+00  0.3632E+01
  0.373  0.2336E+00  0.3633E+01
  0.374  0.2334E+00  0.3633E+01
  0.375  0.2333E+00  0.3633E+01
  0.376  0.2332E+00  0.3633E+01
  0.377  0.2331E+00  0.3634E+01
  0.378  0.2330E+00  0.3634E+01
  0.379  0.2329E+00  0.3634E+01
  0.380  0.2328E+00  0.3634E+01
  0.381  0.2326E+00  0.3634E+01
  0.382  0.2325E+00  0.3635E+01
  0.383  0.2324E+00  0.3635E+01
  0.384  0.2323E+00  0.3635E+01
  0.385  0.2322E+00  0.3635E+01
  0.386  0.2321E+00  0.3636E+01
  0.387  0.2320E+00  0.3636E+01
  0.388  0.2318E+00  0.3636E+01
  0.389  0.2317E+00  0.3636E+01
  0.390  0.2316E+00  0.3637E+01
  0.391  0.2315E+00  0.3637E+01
  0.392  0.2314E+00  0.3637E+01
  0.393  0.2313E+00  0.3637E+01
  0.394  0.2311E+00  0.3637E+01
  0.395  0.2310E+00  0.3638E+01
  0.396  0.2309E+00  0.3638E+01
  0.397  0.2308E+00  0.3638E+01
  0.398  0.2307E+00  0.3638E+01
  0.399  0.2306E+00  0.3639E+01
  0.400  0.2305E+00  0.3639E+01
  0.401  0.2303E+00  0.3639E+01
  0.402  0.2302E+00  0.3639E+01
  0.403  0.2301E+00  0.3640E+01
  0.404  0.2300E+00  0.3640E+01
  0.405  0.2299E+00  0.3640E+01
  0.406  0.2298E+00  0.3640E+01
  0.407  0.2296E+00  0.3640E+01
  0.408  0.2295E+00  0.3641E+01
  0.409  0.2294E+00  0.3641E+01
  0.410  0.2293E+00  0.3641E+01
  0.411  0.2292E+00  0.3641E+01
  0.412  0.2291E+00  0.3642E+01
  0.413  0.2289E+00  0.3642E+01
  0.414  0.2288E+00  0.3642E+01
  0.415  0.2287E+00  0.3642E+01
  0.416  0.2286E+00  0.3643E+01
  0.417  0.2285E+00  0.3643E+01
  0.418  0.2284E+00  0.3643E+01
  0.419  0.2282E+00  0.3643E+01
  0.420  0.2281E+00  0.3643E+01
  0.421  0.2280E+00  0.3644E+01
  0.422  0.2279E+00  0.3644E+01
  0.423  0.2278E+00  0.3644E+01
  0.424  0.2277E+00  0.3644E+01
  0.425  0.2275E+00  0.3645E+01
  0.426  0.2274E+00  0.3645E+01
  0.427  0.2273E+00  0.3645E+01
  0.428  0.2272E+00  0.3645E+01
  0.429  0.2271E+00  0.3645E+01
  0.430  0.2270E+00  0.3646E+01
  0.431  0.2268E+00  0.3646E+01
  0.432  0.2267E+00  0.3646E+01
  0.433  0.2266E+00  0.3646E+01
  0.434  0.2265E+00  0.3647E+01
  0.435  0.2264E+00  0.3647E+01
  0.436  0.2263E+00  0.3647E+01
  0.437  0.2261E+00  0.3647E+01
  0.438  0.2260E+00  0.3648E+01
  0.439  0.2259E+00  0.3648E+01
  0.440  0.2258E+00  0.3648E+01
  0.441  0.2256E+00  0.3648E+01
  0.442  0.2255E+00  0.3648E+01
  0.443  0.2254E+00  0.3649E+01
  0.444  0.2253E+00  0.3649E+01
  0.445  0.2251E+00  0.3649E+01
  0.446  0.2250E+00  0.3649E+01
  0.447  0.2248E+00  0.3650E+01
  0.448  0.2247E+00  0.3650E+01
  0.449  0.2246E+00  0.3650E+01
  0.450  0.2244E+00  0.3650E+01
  0.451  0.2243E+00  0.3650E+01
  0.452  0.2241E+00  0.3651E+01
  0.453  0.2240E+00  0.3651E+01
  0.454  0.2239E+00  0.3651E+01
  0.455  0.2237E+00  0.3651E+01
  0.456  0.2236E+00  0.3652E+01
  0.457  0.2235E+00  0.3652E+01
  0.458  0.2233E+00  0.3652E+01
  0.459  0.2232E+00  0.3652E+01
  0.460  0.2230E+00  0.3652E+01
  0.461  0.2229E+00  0.3653E+01
  0.462  0.2228E+00  0.3653E+01
  0.463  0.2226E+00  0.3653E+01
  0.464  0.2225E+00  0.3653E+01
  0.465  0.2224E+00  0.3654E+01
  0.466  0.2222E+00  0.3654E+01
  0.467  0.2221E+00  0.3654E+01
  0.468  0.2219E+00  0.3654E+01
  0.469  0.2218E+00  0.3654E+01
  0.470  0.2217E+00  0.3655E+01
  0.471  0.2215E+00  0.3655E+01
  0.472  0.2214E+00  0.3655E+01
  0.473  0.2213E+00  0.3655E+01
  0.474  0.2211E+00  0.3656E+01
  0.475  0.2210E+00  0.3656E+01
  0.476  0.2209E+00  0.3656E+01
  0.477  0.2207E+00  0.3656E+01
  0.478  0.2206E+00  0.3656E+01
  0.479  0.2205E+00  0.3657E+01
  0.480  0.2203E+00  0.3657E+01
  0.481  0.2202E+00  0.3657E+01
  0.482  0.2201E+00  0.3657E+01
  0.483  0.2200E+00  0.3658E+01
  0.484  0.2198E+00  0.3658E+01
  0.485  0.2197E+00  0.3658E+01
  0.486  0.2196E+00  0.3658E+01
  0.487  0.2195E+00  0.3658E+01
  0.488  0.2194E+00  0.3659E+01
  0.489  0.2192E+00  0.3659E+01
  0.490  0.2191E+00  0.3659E+01
  0.491  0.2190E+00  0.3659E+01
  0.492  0.2189E+00  0.3660E+01
  0.493  0.2187E+00  0.3660E+01
  0.494  0.2186E+00  0.3660E+01
  0.495  0.2185E+00  0.3660E+01
  0.496  0.2184E+00  0.3660E+01
  0.497  0.2182E+00  0.3661E+01
  0.498  0.2181E+00  0.3661E+01
  0.499  0.2180E+00  0.3661E+01
  0.500  0.2179E+00  0.3661E+01
  0.501  0.2177E+00  0.3661E+01
  0.502  0.2176E+00  0.3662E+01
  0.503  0.2175E+00  0.3662E+01
  0.504  0.2174E+00  0.3662E+01
  0.505  0.2172E+00  0.3662E+01
  0.506  0.2171E+00  0.3663E+01
  0.507  0.2170E+00  0.3663E+01
  0.508  0.2169E+00  0.3663E+01
  0.509  0.2168E+00  0.3663E+01
  0.510  0.2166E+00  0.3663E+01
  0.511  0.2165E+00  0.3664E+01
  0.512  0.2164E+00  0.3664E+01
  0.513  0.2163E+00  0.3664E+01
  0.514  0.2161E+00  0.3664E+01
  0.515  0.2160E+00  0.3665E+01
  0.516  0.2159E+00  0.3665E+01
  0.517  0.2158E+00  0.3665E+01
  0.518  0.2157E+00  0.3665E+01
  0.519  0.2155E+00  0.3665E+01
  0.520  0.2154E+00  0.3666E+01
  0.521  0.2153E+00  0.3666E+01
  0.522  0.2152E+00  0.3666E+01
  0.523  0.2150E+00  0.3666E+01
  0.524  0.2149E+00  0.3666E+01
  0.525  0.2148E+00  0.3667E+01
  0.526  0.2147E+00  0.3667E+01
  0.527  0.2146E+00  0.3667E+01
  0.528  0.2144E+00  0.3667E+01
  0.529  0.2143E+00  0.3668E+01
  0.530  0.2142E+00  0.3668E+01
  0.531  0.2141E+00  0.3668E+01
  0.532  0.2140E+00  0.3668E+01
  0.533  0.2138E+00  0.3668E+01
  0.534  0.2137E+00  0.3669E+01
  0.535  0.2136E+00  0.3669E+01
  0.536  0.2135E+00  0.3669E+01
  0.537  0.2133E+00  0.3669E+01
  0.538  0.2132E+00  0.3669E+01
  0.539  0.2131E+00  0.3670E+01
  0.540  0.2130E+00  0.3670E+01
  0.541  0.2129E+00  0.3670E+01
  0.542  0.2127E+00  0.3670E+01
  0.543  0.2126E+00  0.3671E+01
  0.544  0.2125E+00  0.3671E+01
  0.545  0.2124E+00  0.3671E+01
  0.546  0.2123E+00  0.3671E+01
  0.547  0.2121E+00  0.3671E+01
  0.548  0.2120E+00  0.3672E+01
  0.549  0.2119E+00  0.3672E+01
  0.550  0.2118E+00  0.3672E+01
  0.551  0.2117E+00  0.3672E+01
  0.552  0.2115E+00  0.3672E+01
  0.553  0.2114E+00  0.3673E+01
  0.554  0.2113E+00  0.3673E+01
  0.555  0.2112E+00  0.3673E+01
  0.556  0.2111E+00  0.3673E+01
  0.557  0.2110E+00  0.3673E+01
  0.558  0.2108E+00  0.3674E+01
  0.559  0.2107E+00  0.3674E+01
  0.560  0.2106E+00  0.3674E+01
  0.561  0.2105E+00  0.3674E+01
  0.562  0.2104E+00  0.3675E+01
  0.563  0.2102E+00  0.3675E+01
  0.564  0.2101E+00  0.3675E+01
  0.565  0.2100E+00  0.3675E+01
  0.566  0.2099E+00  0.3675E+01
  0.567  0.2098E+00  0.3676E+01
  0.568  0.2097E+00  0.3676E+01
  0.569  0.2095E+00  0.3676E+01
  0.570  0.2094E+00  0.3676E+01
  0.571  0.2093E+00  0.3676E+01
  0.572  0.2092E+00  0.3677E+01
  0.573  0.2091E+00  0.3677E+01
  0.574  0.2089E+00  0.3677E+01
  0.575  0.2088E+00  0.3677E+01
  0.576  0.2087E+00  0.3677E+01
  0.577  0.2086E+00  0.3678E+01
  0.578  0.2085E+00  0.3678E+01
  0.579  0.2084E+00  0.3678E+01
  0.580  0.2082E+00  0.3678E+01
  0.581  0.2081E+00  0.3679E+01
  0.582  0.2080E+00  0.3679E+01
  0.583  0.2079E+00  0.3679E+01
  0.584  0.2078E+00  0.3679E+01
  0.585  0.2077E+00  0.3679E+01
  0.586  0.2075E+00  0.3680E+01
  0.587  0.2074E+00  0.3680E+01
  0.588  0.2073E+00  0.3680E+01
  0.589  0.2072E+00  0.3680E+01
  0.590  0.2071E+00  0.3680E+01
  0.591  0.2070E+00  0.3681E+01
  0.592  0.2068E+00  0.3681E+01
  0.593  0.2067E+00  0.3681E+01
  0.594  0.2066E+00  0.3681E+01
  0.595  0.2065E+00  0.3681E+01
  0.596  0.2064E+00  0.3682E+01
  0.597  0.2063E+00  0.3682E+01
  0.598  0.2061E+00  0.3682E+01
  0.599  0.2060E+00  0.3682E+01
  0.600  0.2059E+00  0.3682E+01
  0.601  0.2058E+00  0.3683E+01
  0.602  0.2057E+00  0.3683E+01
  0.603  0.2055E+00  0.3683E+01
  0.604  0.2054E+00  0.3683E+01
  0.605  0.2053E+00  0.3683E+01
  0.606  0.2052E+00  0.3684E+01
  0.607  0.2051E+00  0.3684E+01
  0.608  0.2050E+00  0.3684E+01
  0.609  0.2048E+00  0.3684E+01
  0.610  0.2047E+00  0.3684E+01
  0.611  0.2046E+00  0.3685E+01
  0.612  0.2045E+00  0.3685E+01
  0.613  0.2044E+00  0.3685E+01
  0.614  0.2042E+00  0.3685E+01
  0.615  0.2041E+00  0.3686E+01
  0.616  0.2040E+00  0.3686E+01
  0.617  0.2039E+00  0.3686E+01
  0.618  0.2038E+00  0.3686E+01
  0.619  0.2037E+00  0.3686E+01
  0.620  0.2035E+00  0.3687E+01
  0.621  0.2034E+00  0.3687E+01
  0.622  0.2033E+00  0.3687E+01
  0.623  0.2032E+00  0.3687E+01
  0.624  0.2031E+00  0.3687E+01
  0.625  0.2030E+00  0.3688E+01
  0.626  0.2028E+00  0.3688E+01
  0.627  0.2027E+00  0.3688E+01
  0.628  0.2026E+00  0.3688E+01
  0.629  0.2025E+00  0.3688E+01
  0.630  0.2024E+00  0.3689E+01
  0.631  0.2023E+00  0.3689E+01
  0.632  0.2022E+00  0.3689E+01
  0.633  0.2020E+00  0.3689E+01
  0.634  0.2019E+00  0.3689E+01
  0.635  0.2018E+00  0.3690E+01
  0.636  0.2017E+00  0.3690E+01
  0.637  0.2016E+00  0.3690E+01
  0.638  0.2015E+00  0.3690E+01
  0.639  0.2014E+00  0.3690E+01
  0.640  0.2013E+00  0.3691E+01
  0.641  0.2011E+00  0.3691E+01
  0.642  0.2010E+00  0.3691E+01
  0.643  0.2009E+00  0.3691E+01
  0.644  0.2008E+00  0.3691E+01
  0.645  0.2007E+00  0.3692E+01
  0.646  0.2006E+00  0.3692E+01
  0.647  0.2005E+00  0.3692E+01
  0.648  0.2004E+00  0.3692E+01
  0.649  0.2003E+00  0.3692E+01
  0.650  0.2002E+00  0.3693E+01
  0.651  0.2000E+00  0.3693E+01
  0.652  0.1999E+00  0.3693E+01
  0.653  0.1998E+00  0.3693E+01
  0.654  0.1997E+00  0.3693E+01
  0.655  0.1996E+00  0.3694E+01
  0.656  0.1995E+00  0.3694E+01
  0.657  0.1994E+00  0.3694E+01
  0.658  0.1993E+00  0.3694E+01
  0.659  0.1992E+00  0.3694E+01
  0.660  0.1991E+00  0.3695E+01
  0.661  0.1990E+00  0.3695E+01
  0.662  0.1989E+00  0.3695E+01
  0.663  0.1988E+00  0.3695E+01
  0.664  0.1986E+00  0.3695E+01
  0.665  0.1985E+00  0.3696E+01
  0.666  0.1984E+00  0.3696E+01
  0.667  0.1983E+00  0.3696E+01
  0.668  0.1982E+00  0.3696E+01
  0.669  0.1981E+00  0.3696E+01
  0.670  0.1980E+00  0.3697E+01
  0.671  0.1979E+00  0.3697E+01
  0.672  0.1978E+00  0.3697E+01
  0.673  0.1977E+00  0.3697E+01
  0.674  0.1976E+00  0.3697E+01
  0.675  0.1975E+00  0.3698E+01
  0.676  0.1974E+00  0.3698E+01
  0.677  0.1973E+00  0.3698E+01
  0.678  0.1972E+00  0.3698E+01
  0.679  0.1970E+00  0.3698E+01
  0.680  0.1969E+00  0.3699E+01
  0.681  0.1968E+00  0.3699E+01
  0.682  0.1967E+00  0.3699E+01
  0.683  0.1966E+00  0.3699E+01
  0.684  0.1965E+00  0.3699E+01
  0.685  0.1964E+00  0.3700E+01
  0.686  0.1963E+00  0.3700E+01
  0.687  0.1962E+00  0.3700E+01
  0.688  0.1961E+00  0.3700E+01
  0.689  0.1960E+00  0.3700E+01
  0.690  0.1959E+00  0.3700E+01
  0.691  0.1958E+00  0.3701E+01
  0.692  0.1957E+00  0.3701E+01
  0.693  0.1956E+00  0.3701E+01
  0.694  0.1955E+00  0.3701E+01
  0.695  0.1954E+00  0.3701E+01
  0.696  0.1953E+00  0.3702E+01
  0.697  0.1952E+00  0.3702E+01
  0.698  0.1951E+00  0.3702E+01
  0.699  0.1949E+00  0.3702E+01
  0.700  0.1948E+00  0.3702E+01
  0.701  0.1947E+00  0.3703E+01
  0.702  0.1946E+00  0.3703E+01
  0.703  0.1945E+00  0.3703E+01
  0.704  0.1944E+00  0.3703E+01
  0.705  0.1943E+00  0.3703E+01
  0.706  0.1942E+00  0.3704E+01
  0.707  0.1941E+00  0.3704E+01
  0.708  0.1940E+00  0.3704E+01
  0.709  0.1939E+00  0.3704E+01
  0.710  0.1938E+00  0.3704E+01
  0.711  0.1937E+00  0.3705E+01
  0.712  0.1936E+00  0.3705E+01
  0.713  0.1935E+00  0.3705E+01
  0.714  0.1934E+00  0.3705E+01
  0.715  0.1933E+00  0.3705E+01
  0.716  0.1932E+00  0.3706E+01
  0.717  0.1931E+00  0.3706E+01
  0.718  0.1930E+00  0.3706E+01
  0.719  0.1929E+00  0.3706E+01
  0.720  0.1928E+00  0.3706E+01
  0.721  0.1927E+00  0.3707E+01
  0.722  0.1926E+00  0.3707E+01
  0.723  0.1925E+00  0.3707E+01
  0.724  0.1923E+00  0.3707E+01
  0.725  0.1922E+00  0.3707E+01
  0.726  0.1921E+00  0.3707E+01
  0.727  0.1920E+00  0.3708E+01
  0.728  0.1919E+00  0.3708E+01
  0.729  0.1918E+00  0.3708E+01
  0.730  0.1917E+00  0.3708E+01
  0.731  0.1916E+00  0.3708E+01
  0.732  0.1915E+00  0.3709E+01
  0.733  0.1914E+00  0.3709E+01
  0.734  0.1913E+00  0.3709E+01
  0.735  0.1912E+00  0.3709E+01
  0.736  0.1911E+00  0.3709E+01
  0.737  0.1910E+00  0.3710E+01
  0.738  0.1909E+00  0.3710E+01
  0.739  0.1908E+00  0.3710E+01
  0.740  0.1907E+00  0.3710E+01
  0.741  0.1906E+00  0.3710E+01
  0.742  0.1905E+00  0.3711E+01
  0.743  0.1904E+00  0.3711E+01
  0.744  0.1903E+00  0.3711E+01
  0.745  0.1902E+00  0.3711E+01
  0.746  0.1901E+00  0.3711E+01
  0.747  0.1900E+00  0.3711E+01
  0.748  0.1899E+00  0.3712E+01
  0.749  0.1898E+00  0.3712E+01
  0.750  0.1897E+00  0.3712E+01
  0.751  0.1896E+00  0.3712E+01
  0.752  0.1895E+00  0.3712E+01
  0.753  0.1894E+00  0.3713E+01
  0.754  0.1893E+00  0.3713E+01
  0.755  0.1892E+00  0.3713E+01
  0.756  0.1891E+00  0.3713E+01
  0.757  0.1890E+00  0.3713E+01
  0.758  0.1889E+00  0.3714E+01
  0.759  0.1888E+00  0.3714E+01
  0.760  0.1887E+00  0.3714E+01
  0.761  0.1887E+00  0.3714E+01
  0.762  0.1886E+00  0.3714E+01
  0.763  0.1885E+00  0.3715E+01
  0.764  0.1884E+00  0.3715E+01
  0.765  0.1883E+00  0.3715E+01
  0.766  0.1882E+00  0.3715E+01
  0.767  0.1881E+00  0.3715E+01
  0.768  0.1880E+00  0.3715E+01
  0.769  0.1879E+00  0.3716E+01
  0.770  0.1878E+00  0.3716E+01
  0.771  0.1877E+00  0.3716E+01
  0.772  0.1876E+00  0.3716E+01
  0.773  0.1875E+00  0.3716E+01
  0.774  0.1874E+00  0.3717E+01
  0.775  0.1873E+00  0.3717E+01
  0.776  0.1872E+00  0.3717E+01
  0.777  0.1871E+00  0.3717E+01
  0.778  0.1870E+00  0.3717E+01
  0.779  0.1870E+00  0.3718E+01
  0.780  0.1869E+00  0.3718E+01
  0.781  0.1868E+00  0.3718E+01
  0.782  0.1867E+00  0.3718E+01
  0.783  0.1866E+00  0.3718E+01
  0.784  0.1865E+00  0.3718E+01
  0.785  0.1864E+00  0.3719E+01
  0.786  0.1863E+00  0.3719E+01
  0.787  0.1862E+00  0.3719E+01
  0.788  0.1861E+00  0.3719E+01
  0.789  0.1861E+00  0.3719E+01
  0.790  0.1860E+00  0.3720E+01
  0.791  0.1859E+00  0.3720E+01
  0.792  0.1858E+00  0.3720E+01
  0.793  0.1857E+00  0.3720E+01
  0.794  0.1856E+00  0.3720E+01
  0.795  0.1855E+00  0.3721E+01
  0.796  0.1855E+00  0.3721E+01
  0.797  0.1854E+00  0.3721E+01
  0.798  0.1853E+00  0.3721E+01
  0.799  0.1852E+00  0.3721E+01
  0.800  0.1851E+00  0.3721E+01
  0.801  0.1850E+00  0.3722E+01
  0.802  0.1849E+00  0.3722E+01
  0.803  0.1848E+00  0.3722E+01
  0.804  0.1848E+00  0.3722E+01
  0.805  0.1847E+00  0.3722E+01
  0.806  0.1846E+00  0.3723E+01
  0.807  0.1845E+00  0.3723E+01
  0.808  0.1844E+00  0.3723E+01
  0.809  0.1843E+00  0.3723E+01
  0.810  0.1842E+00  0.3723E+01
  0.811  0.1842E+00  0.3723E+01
  0.812  0.1841E+00  0.3724E+01
  0.813  0.1840E+00  0.3724E+01
  0.814  0.1839E+00  0.3724E+01
  0.815  0.1838E+00  0.3724E+01
  0.816  0.1837E+00  0.3724E+01
  0.817  0.1836E+00  0.3725E+01
  0.818  0.1835E+00  0.3725E+01
  0.819  0.1835E+00  0.3725E+01
  0.820  0.1834E+00  0.3725E+01
  0.821  0.1833E+00  0.3725E+01
  0.822  0.1832E+00  0.3725E+01
  0.823  0.1831E+00  0.3726E+01
  0.824  0.1830E+00  0.3726E+01
  0.825  0.1829E+00  0.3726E+01
  0.826  0.1829E+00  0.3726E+01
  0.827  0.1828E+00  0.3726E+01
  0.828  0.1827E+00  0.3727E+01
  0.829  0.1826E+00  0.3727E+01
  0.830  0.1825E+00  0.3727E+01
  0.831  0.1824E+00  0.3727E+01
  0.832  0.1823E+00  0.3727E+01
  0.833  0.1822E+00  0.3727E+01
  0.834  0.1822E+00  0.3728E+01
  0.835  0.1821E+00  0.3728E+01
  0.836  0.1820E+00  0.3728E+01
  0.837  0.1819E+00  0.3728E+01
  0.838  0.1818E+00  0.3728E+01
  0.839  0.1817E+00  0.3729E+01
  0.840  0.1816E+00  0.3729E+01
  0.841  0.1815E+00  0.3729E+01
  0.842  0.1815E+00  0.3729E+01
  0.843  0.1814E+00  0.3729E+01
  0.844  0.1813E+00  0.3729E+01
  0.845  0.1812E+00  0.3730E+01
  0.846  0.1811E+00  0.3730E+01
  0.847  0.1810E+00  0.3730E+01
  0.848  0.1809E+00  0.3730E+01
  0.849  0.1808E+00  0.3730E+01
  0.850  0.1808E+00  0.3731E+01
  0.851  0.1807E+00  0.3731E+01
  0.852  0.1806E+00  0.3731E+01
  0.853  0.1805E+00  0.3731E+01
  0.854  0.1804E+00  0.3731E+01
  0.855  0.1803E+00  0.3731E+01
  0.856  0.1802E+00  0.3732E+01
  0.857  0.1802E+00  0.3732E+01
  0.858  0.1801E+00  0.3732E+01
  0.859  0.1800E+00  0.3732E+01
  0.860  0.1799E+00  0.3732E+01
  0.861  0.1798E+00  0.3733E+01
  0.862  0.1797E+00  0.3733E+01
  0.863  0.1796E+00  0.3733E+01
  0.864  0.1796E+00  0.3733E+01
  0.865  0.1795E+00  0.3733E+01
  0.866  0.1794E+00  0.3733E+01
  0.867  0.1793E+00  0.3734E+01
  0.868  0.1792E+00  0.3734E+01
  0.869  0.1791E+00  0.3734E+01
  0.870  0.1791E+00  0.3734E+01
  0.871  0.1790E+00  0.3734E+01
  0.872  0.1789E+00  0.3735E+01
  0.873  0.1788E+00  0.3735E+01
  0.874  0.1787E+00  0.3735E+01
  0.875  0.1786E+00  0.3735E+01
  0.876  0.1785E+00  0.3735E+01
  0.877  0.1785E+00  0.3735E+01
  0.878  0.1784E+00  0.3736E+01
  0.879  0.1783E+00  0.3736E+01
  0.880  0.1782E+00  0.3736E+01
  0.881  0.1781E+00  0.3736E+01
  0.882  0.1780E+00  0.3736E+01
  0.883  0.1779E+00  0.3736E+01
  0.884  0.1778E+00  0.3737E+01
  0.885  0.1778E+00  0.3737E+01
  0.886  0.1777E+00  0.3737E+01
  0.887  0.1776E+00  0.3737E+01
  0.888  0.1775E+00  0.3737E+01
  0.889  0.1774E+00  0.3738E+01
  0.890  0.1773E+00  0.3738E+01
  0.891  0.1772E+00  0.3738E+01
  0.892  0.1771E+00  0.3738E+01
  0.893  0.1770E+00  0.3738E+01
  0.894  0.1770E+00  0.3738E+01
  0.895  0.1769E+00  0.3739E+01
  0.896  0.1768E+00  0.3739E+01
  0.897  0.1767E+00  0.3739E+01
  0.898  0.1766E+00  0.3739E+01
  0.899  0.1765E+00  0.3739E+01
  0.900  0.1764E+00  0.3740E+01
  0.901  0.1763E+00  0.3740E+01
  0.902  0.1762E+00  0.3740E+01
  0.903  0.1761E+00  0.3740E+01
  0.904  0.1761E+00  0.3740E+01
  0.905  0.1760E+00  0.3740E+01
  0.906  0.1759E+00  0.3741E+01
  0.907  0.1758E+00  0.3741E+01
  0.908  0.1757E+00  0.3741E+01
  0.909  0.1756E+00  0.3741E+01
  0.910  0.1755E+00  0.3741E+01
  0.911  0.1754E+00  0.3741E+01
  0.912  0.1753E+00  0.3742E+01
  0.913  0.1753E+00  0.3742E+01
  0.914  0.1752E+00  0.3742E+01
  0.915  0.1751E+00  0.3742E+01
  0.916  0.1750E+00  0.3742E+01
  0.917  0.1749E+00  0.3742E+01
  0.918  0.1748E+00  0.3743E+01
  0.919  0.1747E+00  0.3743E+01
  0.920  0.1746E+00  0.3743E+01
  0.921  0.1745E+00  0.3743E+01
  0.922  0.1744E+00  0.3743E+01
  0.923  0.1744E+00  0.3744E+01
  0.924  0.1743E+00  0.3744E+01
  0.925  0.1742E+00  0.3744E+01
  0.926  0.1741E+00  0.3744E+01
  0.927  0.1740E+00  0.3744E+01
  0.928  0.1739E+00  0.3744E+01
  0.929  0.1738E+00  0.3745E+01
  0.930  0.1737E+00  0.3745E+01
  0.931  0.1736E+00  0.3745E+01
  0.932  0.1735E+00  0.3745E+01
  0.933  0.1734E+00  0.3745E+01
  0.934  0.1732E+00  0.3745E+01
  0.935  0.1731E+00  0.3746E+01
  0.936  0.1730E+00  0.3746E+01
  0.937  0.1729E+00  0.3746E+01
  0.938  0.1728E+00  0.3746E+01
  0.939  0.1727E+00  0.3746E+01
  0.940  0.1726E+00  0.3746E+01
  0.941  0.1725E+00  0.3747E+01
  0.942  0.1724E+00  0.3747E+01
  0.943  0.1723E+00  0.3747E+01
  0.944  0.1722E+00  0.3747E+01
  0.945  0.1721E+00  0.3747E+01
  0.946  0.1720E+00  0.3748E+01
  0.947  0.1719E+00  0.3748E+01
  0.948  0.1718E+00  0.3748E+01
  0.949  0.1716E+00  0.3748E+01
  0.950  0.1715E+00  0.3748E+01
  0.951  0.1714E+00  0.3748E+01
  0.952  0.1713E+00  0.3749E+01
  0.953  0.1712E+00  0.3749E+01
  0.954  0.1711E+00  0.3749E+01
  0.955  0.1710E+00  0.3749E+01
  0.956  0.1709E+00  0.3749E+01
  0.957  0.1708E+00  0.3749E+01
  0.958  0.1707E+00  0.3750E+01
  0.959  0.1706E+00  0.3750E+01
  0.960  0.1705E+00  0.3750E+01
  0.961  0.1704E+00  0.3750E+01
  0.962  0.1703E+00  0.3750E+01
  0.963  0.1702E+00  0.3750E+01
  0.964  0.1701E+00  0.3751E+01
  0.965  0.1700E+00  0.3751E+01
  0.966  0.1699E+00  0.3751E+01
  0.967  0.1698E+00  0.3751E+01
  0.968  0.1697E+00  0.3751E+01
  0.969  0.1696E+00  0.3751E+01
  0.970  0.1695E+00  0.3752E+01
  0.971  0.1694E+00  0.3752E+01
  0.972  0.1693E+00  0.3752E+01
  0.973  0.1691E+00  0.3752E+01
  0.974  0.1690E+00  0.3752E+01
  0.975  0.1689E+00  0.3752E+01
  0.976  0.1688E+00  0.3753E+01
  0.977  0.1687E+00  0.3753E+01
  0.978  0.1686E+00  0.3753E+01
  0.979  0.1685E+00  0.3753E+01
  0.980  0.1684E+00  0.3753E+01
  0.981  0.1683E+00  0.3753E+01
  0.982  0.1682E+00  0.3754E+01
  0.983  0.1681E+00  0.3754E+01
  0.984  0.1680E+00  0.3754E+01
  0.985  0.1679E+00  0.3754E+01
  0.986  0.1678E+00  0.3754E+01
  0.987  0.1677E+00  0.3754E+01
  0.988  0.1676E+00  0.3755E+01
  0.989  0.1675E+00  0.3755E+01
  0.990  0.1674E+00  0.3755E+01
  0.991  0.1673E+00  0.3755E+01
  0.992  0.1672E+00  0.3755E+01
  0.993  0.1671E+00  0.3755E+01
  0.994  0.1670E+00  0.3756E+01
  0.995  0.1669E+00  0.3756E+01
  0.996  0.1668E+00  0.3756E+01
  0.997  0.1667E+00  0.3756E+01
  0.998  0.1666E+00  0.3756E+01
  0.999  0.1665E+00  0.3756E+01
  1.000  0.1664E+00  0.3757E+01
  1.001  0.1663E+00  0.3757E+01
  1.002  0.1662E+00  0.3757E+01
  1.003  0.1661E+00  0.3757E+01
  1.004  0.1660E+00  0.3757E+01
  1.005  0.1659E+00  0.3757E+01
  1.006  0.1658E+00  0.3758E+01
  1.007  0.1657E+00  0.3758E+01
  1.008  0.1656E+00  0.3758E+01
  1.009  0.1655E+00  0.3758E+01
  1.010  0.1654E+00  0.3758E+01
  1.011  0.1653E+00  0.3758E+01
  1.012  0.1652E+00  0.3759E+01
  1.013  0.1651E+00  0.3759E+01
  1.014  0.1650E+00  0.3759E+01
  1.015  0.1649E+00  0.3759E+01
  1.016  0.1648E+00  0.3759E+01
  1.017  0.1647E+00  0.3759E+01
  1.018  0.1646E+00  0.3760E+01
  1.019  0.1645E+00  0.3760E+01
  1.020  0.1644E+00  0.3760E+01
  1.021  0.1643E+00  0.3760E+01
  1.022  0.1642E+00  0.3760E+01
  1.023  0.1641E+00  0.3760E+01
  1.024  0.1640E+00  0.3761E+01
  1.025  0.1639E+00  0.3761E+01
  1.026  0.1638E+00  0.3761E+01
  1.027  0.1637E+00  0.3761E+01
  1.028  0.1636E+00  0.3761E+01
  1.029  0.1635E+00  0.3761E+01
  1.030  0.1634E+00  0.3762E+01
  1.031  0.1633E+00  0.3762E+01
  1.032  0.1632E+00  0.3762E+01
  1.033  0.1631E+00  0.3762E+01
  1.034  0.1630E+00  0.3762E+01
  1.035  0.1629E+00  0.3762E+01
  1.036  0.1628E+00  0.3763E+01
  1.037  0.1627E+00  0.3763E+01
  1.038  0.1626E+00  0.3763E+01
  1.039  0.1625E+00  0.3763E+01
  1.040  0.1624E+00  0.3763E+01
  1.041  0.1623E+00  0.3763E+01
  1.042  0.1622E+00  0.3764E+01
  1.043  0.1621E+00  0.3764E+01
  1.044  0.1620E+00  0.3764E+01
  1.045  0.1619E+00  0.3764E+01
  1.046  0.1618E+00  0.3764E+01
  1.047  0.1617E+00  0.3764E+01
  1.048  0.1615E+00  0.3765E+01
  1.049  0.1614E+00  0.3765E+01
  1.050  0.1613E+00  0.3765E+01
  1.051  0.1612E+00  0.3765E+01
  1.052  0.1611E+00  0.3765E+01
  1.053  0.1610E+00  0.3765E+01
  1.054  0.1609E+00  0.3765E+01
  1.055  0.1608E+00  0.3766E+01
  1.056  0.1607E+00  0.3766E+01
  1.057  0.1606E+00  0.3766E+01
  1.058  0.1605E+00  0.3766E+01
  1.059  0.1604E+00  0.3766E+01
  1.060  0.1602E+00  0.3766E+01
  1.061  0.1601E+00  0.3767E+01
  1.062  0.1600E+00  0.3767E+01
  1.063  0.1599E+00  0.3767E+01
  1.064  0.1598E+00  0.3767E+01
  1.065  0.1597E+00  0.3767E+01
  1.066  0.1596E+00  0.3767E+01
  1.067  0.1595E+00  0.3768E+01
  1.068  0.1594E+00  0.3768E+01
  1.069  0.1593E+00  0.3768E+01
  1.070  0.1592E+00  0.3768E+01
  1.071  0.1591E+00  0.3768E+01
  1.072  0.1590E+00  0.3768E+01
  1.073  0.1589E+00  0.3769E+01
  1.074  0.1588E+00  0.3769E+01
  1.075  0.1587E+00  0.3769E+01
  1.076  0.1586E+00  0.3769E+01
  1.077  0.1585E+00  0.3769E+01
  1.078  0.1585E+00  0.3769E+01
  1.079  0.1584E+00  0.3769E+01
  1.080  0.1583E+00  0.3770E+01
  1.081  0.1582E+00  0.3770E+01
  1.082  0.1581E+00  0.3770E+01
  1.083  0.1580E+00  0.3770E+01
  1.084  0.1580E+00  0.3770E+01
  1.085  0.1579E+00  0.3770E+01
  1.086  0.1578E+00  0.3771E+01
  1.087  0.1577E+00  0.3771E+01
  1.088  0.1576E+00  0.3771E+01
  1.089  0.1575E+00  0.3771E+01
  1.090  0.1574E+00  0.3771E+01
  1.091  0.1574E+00  0.3771E+01
  1.092  0.1573E+00  0.3772E+01
  1.093  0.1572E+00  0.3772E+01
  1.094  0.1571E+00  0.3772E+01
  1.095  0.1570E+00  0.3772E+01
  1.096  0.1569E+00  0.3772E+01
  1.097  0.1568E+00  0.3772E+01
  1.098  0.1568E+00  0.3772E+01
  1.099  0.1567E+00  0.3773E+01
  1.100  0.1566E+00  0.3773E+01
  1.101  0.1565E+00  0.3773E+01
  1.102  0.1564E+00  0.3773E+01
  1.103  0.1563E+00  0.3773E+01
  1.104  0.1563E+00  0.3773E+01
  1.105  0.1562E+00  0.3774E+01
  1.106  0.1561E+00  0.3774E+01
  1.107  0.1560E+00  0.3774E+01
  1.108  0.1559E+00  0.3774E+01
  1.109  0.1558E+00  0.3774E+01
  1.110  0.1557E+00  0.3774E+01
  1.111  0.1557E+00  0.3774E+01
  1.112  0.1556E+00  0.3775E+01
  1.113  0.1555E+00  0.3775E+01
  1.114  0.1554E+00  0.3775E+01
  1.115  0.1553E+00  0.3775E+01
  1.116  0.1552E+00  0.3775E+01
  1.117  0.1551E+00  0.3775E+01
  1.118  0.1551E+00  0.3776E+01
  1.119  0.1550E+00  0.3776E+01
  1.120  0.1549E+00  0.3776E+01
  1.121  0.1548E+00  0.3776E+01
  1.122  0.1547E+00  0.3776E+01
  1.123  0.1546E+00  0.3776E+01
  1.124  0.1545E+00  0.3777E+01
  1.125  0.1545E+00  0.3777E+01
  1.126  0.1544E+00  0.3777E+01
  1.127  0.1543E+00  0.3777E+01
  1.128  0.1542E+00  0.3777E+01
  1.129  0.1541E+00  0.3777E+01
  1.130  0.1540E+00  0.3777E+01
  1.131  0.1540E+00  0.3778E+01
  1.132  0.1539E+00  0.3778E+01
  1.133  0.1538E+00  0.3778E+01
  1.134  0.1537E+00  0.3778E+01
  1.135  0.1536E+00  0.3778E+01
  1.136  0.1535E+00  0.3778E+01
  1.137  0.1535E+00  0.3779E+01
  1.138  0.1534E+00  0.3779E+01
  1.139  0.1533E+00  0.3779E+01
  1.140  0.1532E+00  0.3779E+01
  1.141  0.1531E+00  0.3779E+01
  1.142  0.1531E+00  0.3779E+01
  1.143  0.1530E+00  0.3779E+01
  1.144  0.1529E+00  0.3780E+01
  1.145  0.1528E+00  0.3780E+01
  1.146  0.1527E+00  0.3780E+01
  1.147  0.1526E+00  0.3780E+01
  1.148  0.1526E+00  0.3780E+01
  1.149  0.1525E+00  0.3780E+01
  1.150  0.1524E+00  0.3780E+01
  1.151  0.1523E+00  0.3781E+01
  1.152  0.1522E+00  0.3781E+01
  1.153  0.1522E+00  0.3781E+01
  1.154  0.1521E+00  0.3781E+01
  1.155  0.1520E+00  0.3781E+01
  1.156  0.1519E+00  0.3781E+01
  1.157  0.1518E+00  0.3782E+01
  1.158  0.1518E+00  0.3782E+01
  1.159  0.1517E+00  0.3782E+01
  1.160  0.1516E+00  0.3782E+01
  1.161  0.1515E+00  0.3782E+01
  1.162  0.1514E+00  0.3782E+01
  1.163  0.1514E+00  0.3782E+01
  1.164  0.1513E+00  0.3783E+01
  1.165  0.1512E+00  0.3783E+01
  1.166  0.1511E+00  0.3783E+01
  1.167  0.1510E+00  0.3783E+01
  1.168  0.1510E+00  0.3783E+01
  1.169  0.1509E+00  0.3783E+01
  1.170  0.1508E+00  0.3784E+01
  1.171  0.1507E+00  0.3784E+01
  1.172  0.1507E+00  0.3784E+01
  1.173  0.1506E+00  0.3784E+01
  1.174  0.1505E+00  0.3784E+01
  1.175  0.1504E+00  0.3784E+01
  1.176  0.1503E+00  0.3784E+01
  1.177  0.1503E+00  0.3785E+01
  1.178  0.1502E+00  0.3785E+01
  1.179  0.1501E+00  0.3785E+01
  1.180  0.1500E+00  0.3785E+01
  1.181  0.1500E+00  0.3785E+01
  1.182  0.1499E+00  0.3785E+01
  1.183  0.1498E+00  0.3785E+01
  1.184  0.1497E+00  0.3786E+01
  1.185  0.1497E+00  0.3786E+01
  1.186  0.1496E+00  0.3786E+01
  1.187  0.1495E+00  0.3786E+01
  1.188  0.1494E+00  0.3786E+01
  1.189  0.1494E+00  0.3786E+01
  1.190  0.1493E+00  0.3787E+01
  1.191  0.1492E+00  0.3787E+01
  1.192  0.1491E+00  0.3787E+01
  1.193  0.1491E+00  0.3787E+01
  1.194  0.1490E+00  0.3787E+01
  1.195  0.1489E+00  0.3787E+01
  1.196  0.1488E+00  0.3787E+01
  1.197  0.1487E+00  0.3788E+01
  1.198  0.1487E+00  0.3788E+01
  1.199  0.1486E+00  0.3788E+01
  1.200  0.1485E+00  0.3788E+01
  1.201  0.1484E+00  0.3788E+01
  1.202  0.1484E+00  0.3788E+01
  1.203  0.1483E+00  0.3788E+01
  1.204  0.1482E+00  0.3789E+01
  1.205  0.1481E+00  0.3789E+01
  1.206  0.1481E+00  0.3789E+01
  1.207  0.1480E+00  0.3789E+01
  1.208  0.1479E+00  0.3789E+01
  1.209  0.1478E+00  0.3789E+01
  1.210  0.1478E+00  0.3789E+01
  1.211  0.1477E+00  0.3790E+01
  1.212  0.1476E+00  0.3790E+01
  1.213  0.1475E+00  0.3790E+01
  1.214  0.1475E+00  0.3790E+01
  1.215  0.1474E+00  0.3790E+01
  1.216  0.1473E+00  0.3790E+01
  1.217  0.1472E+00  0.3791E+01
  1.218  0.1472E+00  0.3791E+01
  1.219  0.1471E+00  0.3791E+01
  1.220  0.1470E+00  0.3791E+01
  1.221  0.1469E+00  0.3791E+01
  1.222  0.1468E+00  0.3791E+01
  1.223  0.1468E+00  0.3791E+01
  1.224  0.1467E+00  0.3792E+01
  1.225  0.1466E+00  0.3792E+01
  1.226  0.1465E+00  0.3792E+01
  1.227  0.1465E+00  0.3792E+01
  1.228  0.1464E+00  0.3792E+01
  1.229  0.1463E+00  0.3792E+01
  1.230  0.1462E+00  0.3792E+01
  1.231  0.1462E+00  0.3793E+01
  1.232  0.1461E+00  0.3793E+01
  1.233  0.1460E+00  0.3793E+01
  1.234  0.1459E+00  0.3793E+01
  1.235  0.1458E+00  0.3793E+01
  1.236  0.1458E+00  0.3793E+01
  1.237  0.1457E+00  0.3793E+01
  1.238  0.1456E+00  0.3794E+01
  1.239  0.1455E+00  0.3794E+01
  1.240  0.1455E+00  0.3794E+01
  1.241  0.1454E+00  0.3794E+01
  1.242  0.1453E+00  0.3794E+01
  1.243  0.1452E+00  0.3794E+01
  1.244  0.1452E+00  0.3794E+01
  1.245  0.1451E+00  0.3795E+01
  1.246  0.1450E+00  0.3795E+01
  1.247  0.1449E+00  0.3795E+01
  1.248  0.1448E+00  0.3795E+01
  1.249  0.1448E+00  0.3795E+01
  1.250  0.1447E+00  0.3795E+01
  1.251  0.1446E+00  0.3795E+01
  1.252  0.1445E+00  0.3796E+01
  1.253  0.1445E+00  0.3796E+01
  1.254  0.1444E+00  0.3796E+01
  1.255  0.1443E+00  0.3796E+01
  1.256  0.1442E+00  0.3796E+01
  1.257  0.1442E+00  0.3796E+01
  1.258  0.1441E+00  0.3797E+01
  1.259  0.1440E+00  0.3797E+01
  1.260  0.1439E+00  0.3797E+01
  1.261  0.1439E+00  0.3797E+01
  1.262  0.1438E+00  0.3797E+01
  1.263  0.1437E+00  0.3797E+01
  1.264  0.1436E+00  0.3797E+01
  1.265  0.1435E+00  0.3798E+01
  1.266  0.1435E+00  0.3798E+01
  1.267  0.1434E+00  0.3798E+01
  1.268  0.1433E+00  0.3798E+01
  1.269  0.1432E+00  0.3798E+01
  1.270  0.1432E+00  0.3798E+01
  1.271  0.1431E+00  0.3798E+01
  1.272  0.1430E+00  0.3799E+01
  1.273  0.1429E+00  0.3799E+01
  1.274  0.1429E+00  0.3799E+01
  1.275  0.1428E+00  0.3799E+01
  1.276  0.1427E+00  0.3799E+01
  1.277  0.1426E+00  0.3799E+01
  1.278  0.1426E+00  0.3799E+01
  1.279  0.1425E+00  0.3800E+01
  1.280  0.1424E+00  0.3800E+01
  1.281  0.1423E+00  0.3800E+01
  1.282  0.1422E+00  0.3800E+01
  1.283  0.1422E+00  0.3800E+01
  1.284  0.1421E+00  0.3800E+01
  1.285  0.1420E+00  0.3800E+01
  1.286  0.1419E+00  0.3801E+01
  1.287  0.1419E+00  0.3801E+01
  1.288  0.1418E+00  0.3801E+01
  1.289  0.1417E+00  0.3801E+01
  1.290  0.1416E+00  0.3801E+01
  1.291  0.1416E+00  0.3801E+01
  1.292  0.1415E+00  0.3801E+01
  1.293  0.1414E+00  0.3801E+01
  1.294  0.1413E+00  0.3802E+01
  1.295  0.1413E+00  0.3802E+01
  1.296  0.1412E+00  0.3802E+01
  1.297  0.1411E+00  0.3802E+01
  1.298  0.1410E+00  0.3802E+01
  1.299  0.1410E+00  0.3802E+01
  1.300  0.1409E+00  0.3802E+01
  1.301  0.1408E+00  0.3803E+01
  1.302  0.1407E+00  0.3803E+01
  1.303  0.1407E+00  0.3803E+01
  1.304  0.1406E+00  0.3803E+01
  1.305  0.1405E+00  0.3803E+01
  1.306  0.1404E+00  0.3803E+01
  1.307  0.1404E+00  0.3803E+01
  1.308  0.1403E+00  0.3804E+01
  1.309  0.1402E+00  0.3804E+01
  1.310  0.1401E+00  0.3804E+01
  1.311  0.1401E+00  0.3804E+01
  1.312  0.1400E+00  0.3804E+01
  1.313  0.1399E+00  0.3804E+01
  1.314  0.1398E+00  0.3804E+01
  1.315  0.1398E+00  0.3805E+01
  1.316  0.1397E+00  0.3805E+01
  1.317  0.1396E+00  0.3805E+01
  1.318  0.1395E+00  0.3805E+01
  1.319  0.1395E+00  0.3805E+01
  1.320  0.1394E+00  0.3805E+01
  1.321  0.1393E+00  0.3805E+01
  1.322  0.1392E+00  0.3806E+01
  1.323  0.1392E+00  0.3806E+01
  1.324  0.1391E+00  0.3806E+01
  1.325  0.1390E+00  0.3806E+01
  1.326  0.1389E+00  0.3806E+01
  1.327  0.1389E+00  0.3806E+01
  1.328  0.1388E+00  0.3806E+01
  1.329  0.1387E+00  0.3807E+01
  1.330  0.1387E+00  0.3807E+01
  1.331  0.1386E+00  0.3807E+01
  1.332  0.1385E+00  0.3807E+01
  1.333  0.1384E+00  0.3807E+01
  1.334  0.1384E+00  0.3807E+01
  1.335  0.1383E+00  0.3807E+01
  1.336  0.1382E+00  0.3808E+01
  1.337  0.1381E+00  0.3808E+01
  1.338  0.1381E+00  0.3808E+01
  1.339  0.1380E+00  0.3808E+01
  1.340  0.1379E+00  0.3808E+01
  1.341  0.1378E+00  0.3808E+01
  1.342  0.1378E+00  0.3808E+01
  1.343  0.1377E+00  0.3808E+01
  1.344  0.1376E+00  0.3809E+01
  1.345  0.1375E+00  0.3809E+01
  1.346  0.1375E+00  0.3809E+01
  1.347  0.1374E+00  0.3809E+01
  1.348  0.1373E+00  0.3809E+01
  1.349  0.1373E+00  0.3809E+01
  1.350  0.1372E+00  0.3809E+01
  1.351  0.1371E+00  0.3810E+01
  1.352  0.1370E+00  0.3810E+01
  1.353  0.1370E+00  0.3810E+01
  1.354  0.1369E+00  0.3810E+01
  1.355  0.1368E+00  0.3810E+01
  1.356  0.1368E+00  0.3810E+01
  1.357  0.1367E+00  0.3810E+01
  1.358  0.1366E+00  0.3811E+01
  1.359  0.1365E+00  0.3811E+01
  1.360  0.1365E+00  0.3811E+01
  1.361  0.1364E+00  0.3811E+01
  1.362  0.1363E+00  0.3811E+01
  1.363  0.1363E+00  0.3811E+01
  1.364  0.1362E+00  0.3811E+01
  1.365  0.1361E+00  0.3811E+01
  1.366  0.1361E+00  0.3812E+01
  1.367  0.1360E+00  0.3812E+01
  1.368  0.1359E+00  0.3812E+01
  1.369  0.1359E+00  0.3812E+01
  1.370  0.1358E+00  0.3812E+01
  1.371  0.1357E+00  0.3812E+01
  1.372  0.1357E+00  0.3812E+01
  1.373  0.1356E+00  0.3813E+01
  1.374  0.1355E+00  0.3813E+01
  1.375  0.1355E+00  0.3813E+01
  1.376  0.1354E+00  0.3813E+01
  1.377  0.1353E+00  0.3813E+01
  1.378  0.1353E+00  0.3813E+01
  1.379  0.1352E+00  0.3813E+01
  1.380  0.1351E+00  0.3814E+01
  1.381  0.1351E+00  0.3814E+01
  1.382  0.1350E+00  0.3814E+01
  1.383  0.1349E+00  0.3814E+01
  1.384  0.1349E+00  0.3814E+01
  1.385  0.1348E+00  0.3814E+01
  1.386  0.1347E+00  0.3814E+01
  1.387  0.1347E+00  0.3814E+01
  1.388  0.1346E+00  0.3815E+01
  1.389  0.1345E+00  0.3815E+01
  1.390  0.1345E+00  0.3815E+01
  1.391  0.1344E+00  0.3815E+01
  1.392  0.1343E+00  0.3815E+01
  1.393  0.1343E+00  0.3815E+01
  1.394  0.1342E+00  0.3815E+01
  1.395  0.1341E+00  0.3816E+01
  1.396  0.1341E+00  0.3816E+01
  1.397  0.1340E+00  0.3816E+01
  1.398  0.1339E+00  0.3816E+01
  1.399  0.1339E+00  0.3816E+01
  1.400  0.1338E+00  0.3816E+01
  1.401  0.1337E+00  0.3816E+01
  1.402  0.1337E+00  0.3816E+01
  1.403  0.1336E+00  0.3817E+01
  1.404  0.1335E+00  0.3817E+01
  1.405  0.1335E+00  0.3817E+01
  1.406  0.1334E+00  0.3817E+01
  1.407  0.1333E+00  0.3817E+01
  1.408  0.1333E+00  0.3817E+01
  1.409  0.1332E+00  0.3817E+01
  1.410  0.1331E+00  0.3818E+01
  1.411  0.1331E+00  0.3818E+01
  1.412  0.1330E+00  0.3818E+01
  1.413  0.1330E+00  0.3818E+01
  1.414  0.1329E+00  0.3818E+01
  1.415  0.1328E+00  0.3818E+01
  1.416  0.1328E+00  0.3818E+01
  1.417  0.1327E+00  0.3818E+01
  1.418  0.1326E+00  0.3819E+01
  1.419  0.1326E+00  0.3819E+01
  1.420  0.1325E+00  0.3819E+01
  1.421  0.1324E+00  0.3819E+01
  1.422  0.1324E+00  0.3819E+01
  1.423  0.1323E+00  0.3819E+01
  1.424  0.1322E+00  0.3819E+01
  1.425  0.1322E+00  0.3820E+01
  1.426  0.1321E+00  0.3820E+01
  1.427  0.1321E+00  0.3820E+01
  1.428  0.1320E+00  0.3820E+01
  1.429  0.1319E+00  0.3820E+01
  1.430  0.1319E+00  0.3820E+01
  1.431  0.1318E+00  0.3820E+01
  1.432  0.1317E+00  0.3820E+01
  1.433  0.1317E+00  0.3821E+01
  1.434  0.1316E+00  0.3821E+01
  1.435  0.1315E+00  0.3821E+01
  1.436  0.1315E+00  0.3821E+01
  1.437  0.1314E+00  0.3821E+01
  1.438  0.1313E+00  0.3821E+01
  1.439  0.1313E+00  0.3821E+01
  1.440  0.1312E+00  0.3822E+01
  1.441  0.1311E+00  0.3822E+01
  1.442  0.1311E+00  0.3822E+01
  1.443  0.1310E+00  0.3822E+01
  1.444  0.1309E+00  0.3822E+01
  1.445  0.1308E+00  0.3822E+01
  1.446  0.1307E+00  0.3822E+01
  1.447  0.1307E+00  0.3822E+01
  1.448  0.1306E+00  0.3823E+01
  1.449  0.1305E+00  0.3823E+01
  1.450  0.1304E+00  0.3823E+01
  1.451  0.1303E+00  0.3823E+01
  1.452  0.1303E+00  0.3823E+01
  1.453  0.1302E+00  0.3823E+01
  1.454  0.1301E+00  0.3823E+01
  1.455  0.1300E+00  0.3823E+01
  1.456  0.1299E+00  0.3824E+01
  1.457  0.1298E+00  0.3824E+01
  1.458  0.1298E+00  0.3824E+01
  1.459  0.1297E+00  0.3824E+01
  1.460  0.1296E+00  0.3824E+01
  1.461  0.1295E+00  0.3824E+01
  1.462  0.1294E+00  0.3824E+01
  1.463  0.1294E+00  0.3824E+01
  1.464  0.1293E+00  0.3825E+01
  1.465  0.1296E+00  0.3825E+01
  1.466  0.1301E+00  0.3825E+01
  1.467  0.1311E+00  0.3825E+01
  1.468  0.1325E+00  0.3825E+01
  1.469  0.1344E+00  0.3825E+01
  1.470  0.1369E+00  0.3825E+01
  1.471  0.1400E+00  0.3826E+01
  1.472  0.1435E+00  0.3826E+01
  1.473  0.1476E+00  0.3826E+01
  1.474  0.1523E+00  0.3826E+01
  1.475  0.1575E+00  0.3826E+01
  1.476  0.1627E+00  0.3826E+01
  1.477  0.1672E+00  0.3826E+01
  1.478  0.1725E+00  0.3827E+01
  1.479  0.1786E+00  0.3827E+01
  1.480  0.1854E+00  0.3827E+01
  1.481  0.1931E+00  0.3827E+01
  1.482  0.2016E+00  0.3827E+01
  1.483  0.2105E+00  0.3828E+01
  1.484  0.2193E+00  0.3828E+01
  1.485  0.2281E+00  0.3828E+01
  1.486  0.2369E+00  0.3828E+01
  1.487  0.2455E+00  0.3829E+01
  1.488  0.2537E+00  0.3829E+01
  1.489  0.2616E+00  0.3829E+01
  1.490  0.2690E+00  0.3829E+01
  1.491  0.2761E+00  0.3830E+01
  1.492  0.2828E+00  0.3830E+01
  1.493  0.2892E+00  0.3830E+01
  1.494  0.2953E+00  0.3830E+01
  1.495  0.3023E+00  0.3831E+01
  1.496  0.3095E+00  0.3831E+01
  1.497  0.3166E+00  0.3831E+01
  1.498  0.3236E+00  0.3832E+01
  1.499  0.3303E+00  0.3832E+01
  1.500  0.3369E+00  0.3832E+01
  1.501  0.3434E+00  0.3833E+01
  1.502  0.3497E+00  0.3833E+01
  1.503  0.3558E+00  0.3833E+01
  1.504  0.3618E+00  0.3834E+01
  1.505  0.3676E+00  0.3834E+01
  1.506  0.3733E+00  0.3835E+01
  1.507  0.3787E+00  0.3835E+01
  1.508  0.3841E+00  0.3835E+01
  1.509  0.3893E+00  0.3836E+01
  1.510  0.3943E+00  0.3836E+01
  1.511  0.3992E+00  0.3837E+01
  1.512  0.4040E+00  0.3837E+01
  1.513  0.4088E+00  0.3837E+01
  1.514  0.4139E+00  0.3838E+01
  1.515  0.4191E+00  0.3838E+01
  1.516  0.4246E+00  0.3839E+01
  1.517  0.4350E+00  0.3839E+01
  1.518  0.4460E+00  0.3839E+01
  1.519  0.4530E+00  0.3840E+01
  1.520  0.4558E+00  0.3840E+01
  1.521  0.4544E+00  0.3841E+01
  1.522  0.4552E+00  0.3841E+01
  1.523  0.4619E+00  0.3842E+01
  1.524  0.4682E+00  0.3842E+01
  1.525  0.4742E+00  0.3843E+01
  1.526  0.4799E+00  0.3843E+01
  1.527  0.4852E+00  0.3844E+01
  1.528  0.4903E+00  0.3844E+01
  1.529  0.4949E+00  0.3845E+01
  1.530  0.4992E+00  0.3845E+01
  1.531  0.5031E+00  0.3846E+01
  1.532  0.5066E+00  0.3846E+01
  1.533  0.5097E+00  0.3847E+01
  1.534  0.5134E+00  0.3847E+01
  1.535  0.5179E+00  0.3848E+01
  1.536  0.5223E+00  0.3848E+01
  1.537  0.5267E+00  0.3849E+01
  1.538  0.5319E+00  0.3849E+01
  1.539  0.5394E+00  0.3850E+01
  1.540  0.5482E+00  0.3850E+01
  1.541  0.5560E+00  0.3851E+01
  1.542  0.5630E+00  0.3851E+01
  1.543  0.5690E+00  0.3852E+01
  1.544  0.5742E+00  0.3853E+01
  1.545  0.5785E+00  0.3853E+01
  1.546  0.5820E+00  0.3854E+01
  1.547  0.5852E+00  0.3854E+01
  1.548  0.5885E+00  0.3855E+01
  1.549  0.5917E+00  0.3856E+01
  1.550  0.5950E+00  0.3856E+01
  1.551  0.5984E+00  0.3857E+01
  1.552  0.6017E+00  0.3857E+01
  1.553  0.6051E+00  0.3858E+01
  1.554  0.6085E+00  0.3859E+01
  1.555  0.6119E+00  0.3859E+01
  1.556  0.6153E+00  0.3860E+01
  1.557  0.6187E+00  0.3860E+01
  1.558  0.6221E+00  0.3861E+01
  1.559  0.6256E+00  0.3862E+01
  1.560  0.6291E+00  0.3862E+01
  1.561  0.6325E+00  0.3863E+01
  1.562  0.6359E+00  0.3864E+01
  1.563  0.6393E+00  0.3864E+01
  1.564  0.6427E+00  0.3865E+01
  1.565  0.6461E+00  0.3865E+01
  1.566  0.6494E+00  0.3866E+01
  1.567  0.6528E+00  0.3867E+01
  1.568  0.6561E+00  0.3867E+01
  1.569  0.6594E+00  0.3868E+01
  1.570  0.6627E+00  0.3869E+01
  1.571  0.6655E+00  0.3869E+01
  1.572  0.6685E+00  0.3870E+01
  1.573  0.6720E+00  0.3871E+01
  1.574  0.6753E+00  0.3871E+01
  1.575  0.6782E+00  0.3872E+01
  1.576  0.6808E+00  0.3873E+01
  1.577  0.6830E+00  0.3873E+01
  1.578  0.6850E+00  0.3874E+01
  1.579  0.6871E+00  0.3875E+01
  1.580  0.6891E+00  0.3876E+01
  1.581  0.6911E+00  0.3876E+01
  1.582  0.6931E+00  0.3877E+01
  1.583  0.6950E+00  0.3878E+01
  1.584  0.6972E+00  0.3878E+01
  1.585  0.7000E+00  0.3879E+01
  1.586  0.7029E+00  0.3880E+01
  1.587  0.7059E+00  0.3880E+01
  1.588  0.7089E+00  0.3881E+01
  1.589  0.7121E+00  0.3882E+01
  1.590  0.7154E+00  0.3883E+01
  1.591  0.7188E+00  0.3883E+01
  1.592  0.7223E+00  0.3884E+01
  1.593  0.7258E+00  0.3885E+01
  1.594  0.7293E+00  0.3885E+01
  1.595  0.7330E+00  0.3886E+01
  1.596  0.7366E+00  0.3887E+01
  1.597  0.7403E+00  0.3888E+01
  1.598  0.7440E+00  0.3888E+01
  1.599  0.7477E+00  0.3889E+01
  1.600  0.7515E+00  0.3890E+01
  1.601  0.7553E+00  0.3891E+01
  1.602  0.7591E+00  0.3891E+01
  1.603  0.7628E+00  0.3892E+01
  1.604  0.7666E+00  0.3893E+01
  1.605  0.7703E+00  0.3894E+01
  1.606  0.7741E+00  0.3894E+01
  1.607  0.7780E+00  0.3895E+01
  1.608  0.7818E+00  0.3896E+01
  1.609  0.7857E+00  0.3897E+01
  1.610  0.7896E+00  0.3898E+01
  1.611  0.7935E+00  0.3898E+01
  1.612  0.7975E+00  0.3899E+01
  1.613  0.8015E+00  0.3900E+01
  1.614  0.8057E+00  0.3901E+01
  1.615  0.8098E+00  0.3902E+01
  1.616  0.8140E+00  0.3902E+01
  1.617  0.8183E+00  0.3903E+01
  1.618  0.8226E+00  0.3904E+01
  1.619  0.8269E+00  0.3905E+01
  1.620  0.8313E+00  0.3906E+01
  1.621  0.8358E+00  0.3907E+01
  1.622  0.8403E+00  0.3907E+01
  1.623  0.8449E+00  0.3908E+01
  1.624  0.8496E+00  0.3909E+01
  1.625  0.8543E+00  0.3910E+01
  1.626  0.8591E+00  0.3911E+01
  1.627  0.8639E+00  0.3912E+01
  1.628  0.8687E+00  0.3913E+01
  1.629  0.8736E+00  0.3913E+01
  1.630  0.8786E+00  0.3914E+01
  1.631  0.8842E+00  0.3915E+01
  1.632  0.8906E+00  0.3916E+01
  1.633  0.8981E+00  0.3917E+01
  1.634  0.9064E+00  0.3918E+01
  1.635  0.9156E+00  0.3919E+01
  1.636  0.9234E+00  0.3920E+01
  1.637  0.9286E+00  0.3921E+01
  1.638  0.9315E+00  0.3922E+01
  1.639  0.9333E+00  0.3923E+01
  1.640  0.9351E+00  0.3923E+01
  1.641  0.9371E+00  0.3924E+01
  1.642  0.9392E+00  0.3925E+01
  1.643  0.9414E+00  0.3926E+01
  1.644  0.9438E+00  0.3927E+01
  1.645  0.9462E+00  0.3928E+01
  1.646  0.9488E+00  0.3929E+01
  1.647  0.9514E+00  0.3930E+01
  1.648  0.9542E+00  0.3931E+01
  1.649  0.9572E+00  0.3932E+01
  1.650  0.9603E+00  0.3933E+01
  1.651  0.9635E+00  0.3934E+01
  1.652  0.9669E+00  0.3935E+01
  1.653  0.9704E+00  0.3936E+01
  1.654  0.9741E+00  0.3937E+01
  1.655  0.9779E+00  0.3938E+01
  1.656  0.9820E+00  0.3939E+01
  1.657  0.9862E+00  0.3940E+01
  1.658  0.9905E+00  0.3941E+01
  1.659  0.9950E+00  0.3942E+01
  1.660  0.9996E+00  0.3943E+01
  1.661  0.1004E+01  0.3944E+01
  1.662  0.1009E+01  0.3945E+01
  1.663  0.1014E+01  0.3946E+01
  1.664  0.1020E+01  0.3947E+01
  1.665  0.1025E+01  0.3948E+01
  1.666  0.1030E+01  0.3949E+01
  1.667  0.1035E+01  0.3950E+01
  1.668  0.1040E+01  0.3951E+01
  1.669  0.1045E+01  0.3952E+01
  1.670  0.1050E+01  0.3953E+01
  1.671  0.1055E+01  0.3954E+01
  1.672  0.1059E+01  0.3955E+01
  1.673  0.1064E+01  0.3956E+01
  1.674  0.1069E+01  0.3957E+01
  1.675  0.1074E+01  0.3958E+01
  1.676  0.1079E+01  0.3959E+01
  1.677  0.1084E+01  0.3961E+01
  1.678  0.1090E+01  0.3962E+01
  1.679  0.1095E+01  0.3963E+01
  1.680  0.1101E+01  0.3964E+01
  1.681  0.1106E+01  0.3965E+01
  1.682  0.1112E+01  0.3966E+01
  1.683  0.1117E+01  0.3967E+01
  1.684  0.1123E+01  0.3968E+01
  1.685  0.1128E+01  0.3969E+01
  1.686  0.1134E+01  0.3971E+01
  1.687  0.1140E+01  0.3972E+01
  1.688  0.1146E+01  0.3973E+01
  1.689  0.1154E+01  0.3974E+01
  1.690  0.1164E+01  0.3975E+01
  1.691  0.1175E+01  0.3976E+01
  1.692  0.1184E+01  0.3977E+01
  1.693  0.1194E+01  0.3979E+01
  1.694  0.1203E+01  0.3980E+01
  1.695  0.1211E+01  0.3981E+01
  1.696  0.1219E+01  0.3982E+01
  1.697  0.1227E+01  0.3984E+01
  1.698  0.1234E+01  0.3985E+01
  1.699  0.1242E+01  0.3986E+01
  1.700  0.1249E+01  0.3987E+01
  1.701  0.1257E+01  0.3989E+01
  1.702  0.1265E+01  0.3990E+01
  1.703  0.1273E+01  0.3991E+01
  1.704  0.1282E+01  0.3992E+01
  1.705  0.1291E+01  0.3994E+01
  1.706  0.1300E+01  0.3995E+01
  1.707  0.1309E+01  0.3996E+01
  1.708  0.1317E+01  0.3998E+01
  1.709  0.1325E+01  0.3999E+01
  1.710  0.1334E+01  0.4000E+01
  1.711  0.1344E+01  0.4002E+01
  1.712  0.1352E+01  0.4003E+01
  1.713  0.1360E+01  0.4004E+01
  1.714  0.1368E+01  0.4006E+01
  1.715  0.1374E+01  0.4007E+01
  1.716  0.1380E+01  0.4008E+01
  1.717  0.1386E+01  0.4010E+01
  1.718  0.1391E+01  0.4011E+01
  1.719  0.1395E+01  0.4013E+01
  1.720  0.1400E+01  0.4014E+01
  1.721  0.1403E+01  0.4015E+01
  1.722  0.1407E+01  0.4017E+01
  1.723  0.1410E+01  0.4018E+01
  1.724  0.1414E+01  0.4020E+01
  1.725  0.1419E+01  0.4021E+01
  1.726  0.1423E+01  0.4022E+01
  1.727  0.1427E+01  0.4024E+01
  1.728  0.1430E+01  0.4025E+01
  1.729  0.1433E+01  0.4027E+01
  1.730  0.1435E+01  0.4028E+01
  1.731  0.1437E+01  0.4030E+01
  1.732  0.1439E+01  0.4031E+01
  1.733  0.1440E+01  0.4032E+01
  1.734  0.1441E+01  0.4034E+01
  1.735  0.1441E+01  0.4035E+01
  1.736  0.1441E+01  0.4037E+01
  1.737  0.1441E+01  0.4038E+01
  1.738  0.1440E+01  0.4040E+01
  1.739  0.1440E+01  0.4041E+01
  1.740  0.1440E+01  0.4043E+01
  1.741  0.1440E+01  0.4044E+01
  1.742  0.1439E+01  0.4045E+01
  1.743  0.1438E+01  0.4047E+01
  1.744  0.1436E+01  0.4048E+01
  1.745  0.1434E+01  0.4050E+01
  1.746  0.1432E+01  0.4051E+01
  1.747  0.1429E+01  0.4053E+01
  1.748  0.1426E+01  0.4054E+01
  1.749  0.1423E+01  0.4055E+01
  1.750  0.1420E+01  0.4057E+01
  1.751  0.1417E+01  0.4058E+01
  1.752  0.1413E+01  0.4060E+01
  1.753  0.1410E+01  0.4061E+01
  1.754  0.1406E+01  0.4063E+01
  1.755  0.1402E+01  0.4064E+01
  1.756  0.1398E+01  0.4065E+01
  1.757  0.1395E+01  0.4067E+01
  1.758  0.1392E+01  0.4068E+01
  1.759  0.1388E+01  0.4069E+01
  1.760  0.1386E+01  0.4071E+01
  1.761  0.1383E+01  0.4072E+01
  1.762  0.1381E+01  0.4074E+01
  1.763  0.1379E+01  0.4075E+01
  1.764  0.1377E+01  0.4076E+01
  1.765  0.1375E+01  0.4078E+01
  1.766  0.1374E+01  0.4079E+01
  1.767  0.1372E+01  0.4081E+01
  1.768  0.1371E+01  0.4082E+01
  1.769  0.1370E+01  0.4083E+01
  1.770  0.1369E+01  0.4085E+01
  1.771  0.1368E+01  0.4086E+01
  1.772  0.1367E+01  0.4087E+01
  1.773  0.1366E+01  0.4089E+01
  1.774  0.1365E+01  0.4090E+01
  1.775  0.1365E+01  0.4091E+01
  1.776  0.1364E+01  0.4093E+01
  1.777  0.1364E+01  0.4094E+01
  1.778  0.1364E+01  0.4096E+01
  1.779  0.1363E+01  0.4097E+01
  1.780  0.1363E+01  0.4098E+01
  1.781  0.1363E+01  0.4100E+01
  1.782  0.1362E+01  0.4101E+01
  1.783  0.1362E+01  0.4102E+01
  1.784  0.1362E+01  0.4104E+01
  1.785  0.1361E+01  0.4105E+01
  1.786  0.1361E+01  0.4106E+01
  1.787  0.1361E+01  0.4108E+01
  1.788  0.1360E+01  0.4109E+01
  1.789  0.1360E+01  0.4111E+01
  1.790  0.1360E+01  0.4112E+01
  1.791  0.1360E+01  0.4113E+01
  1.792  0.1360E+01  0.4115E+01
  1.793  0.1359E+01  0.4116E+01
  1.794  0.1359E+01  0.4117E+01
  1.795  0.1358E+01  0.4119E+01
  1.796  0.1357E+01  0.4120E+01
  1.797  0.1356E+01  0.4121E+01
  1.798  0.1356E+01  0.4123E+01
  1.799  0.1355E+01  0.4124E+01
  1.800  0.1354E+01  0.4125E+01
  1.801  0.1354E+01  0.4127E+01
  1.802  0.1353E+01  0.4128E+01
  1.803  0.1352E+01  0.4130E+01
  1.804  0.1352E+01  0.4131E+01
  1.805  0.1351E+01  0.4132E+01
  1.806  0.1351E+01  0.4134E+01
  1.807  0.1350E+01  0.4135E+01
  1.808  0.1350E+01  0.4136E+01
  1.809  0.1349E+01  0.4138E+01
  1.810  0.1349E+01  0.4139E+01
  1.811  0.1348E+01  0.4140E+01
  1.812  0.1348E+01  0.4142E+01
  1.813  0.1347E+01  0.4143E+01
  1.814  0.1347E+01  0.4144E+01
  1.815  0.1347E+01  0.4146E+01
  1.816  0.1347E+01  0.4147E+01
  1.817  0.1347E+01  0.4148E+01
  1.818  0.1347E+01  0.4150E+01
  1.819  0.1346E+01  0.4151E+01
  1.820  0.1346E+01  0.4152E+01
  1.821  0.1346E+01  0.4154E+01
  1.822  0.1346E+01  0.4155E+01
  1.823  0.1346E+01  0.4156E+01
  1.824  0.1345E+01  0.4158E+01
  1.825  0.1345E+01  0.4159E+01
  1.826  0.1344E+01  0.4161E+01
  1.827  0.1344E+01  0.4162E+01
  1.828  0.1344E+01  0.4163E+01
  1.829  0.1343E+01  0.4165E+01
  1.830  0.1343E+01  0.4166E+01
  1.831  0.1343E+01  0.4167E+01
  1.832  0.1343E+01  0.4169E+01
  1.833  0.1342E+01  0.4170E+01
  1.834  0.1341E+01  0.4171E+01
  1.835  0.1340E+01  0.4173E+01
  1.836  0.1339E+01  0.4174E+01
  1.837  0.1338E+01  0.4175E+01
  1.838  0.1336E+01  0.4177E+01
  1.839  0.1334E+01  0.4178E+01
  1.840  0.1333E+01  0.4179E+01
  1.841  0.1331E+01  0.4181E+01
  1.842  0.1328E+01  0.4182E+01
  1.843  0.1326E+01  0.4183E+01
  1.844  0.1323E+01  0.4185E+01
  1.845  0.1320E+01  0.4186E+01
  1.846  0.1317E+01  0.4187E+01
  1.847  0.1314E+01  0.4189E+01
  1.848  0.1312E+01  0.4190E+01
  1.849  0.1309E+01  0.4191E+01
  1.850  0.1306E+01  0.4192E+01
  1.851  0.1303E+01  0.4194E+01
  1.852  0.1300E+01  0.4195E+01
  1.853  0.1297E+01  0.4196E+01
  1.854  0.1294E+01  0.4198E+01
  1.855  0.1292E+01  0.4199E+01
  1.856  0.1289E+01  0.4200E+01
  1.857  0.1287E+01  0.4202E+01
  1.858  0.1285E+01  0.4203E+01
  1.859  0.1283E+01  0.4204E+01
  1.860  0.1282E+01  0.4205E+01
  1.861  0.1280E+01  0.4207E+01
  1.862  0.1279E+01  0.4208E+01
  1.863  0.1277E+01  0.4209E+01
  1.864  0.1276E+01  0.4210E+01
  1.865  0.1274E+01  0.4212E+01
  1.866  0.1273E+01  0.4213E+01
  1.867  0.1271E+01  0.4214E+01
  1.868  0.1270E+01  0.4216E+01
  1.869  0.1269E+01  0.4217E+01
  1.870  0.1267E+01  0.4218E+01
  1.871  0.1266E+01  0.4219E+01
  1.872  0.1264E+01  0.4221E+01
  1.873  0.1263E+01  0.4222E+01
  1.874  0.1261E+01  0.4223E+01
  1.875  0.1260E+01  0.4224E+01
  1.876  0.1258E+01  0.4226E+01
  1.877  0.1257E+01  0.4227E+01
  1.878  0.1255E+01  0.4228E+01
  1.879  0.1254E+01  0.4229E+01
  1.880  0.1252E+01  0.4231E+01
  1.881  0.1251E+01  0.4232E+01
  1.882  0.1250E+01  0.4233E+01
  1.883  0.1248E+01  0.4234E+01
  1.884  0.1247E+01  0.4236E+01
  1.885  0.1246E+01  0.4237E+01
  1.886  0.1244E+01  0.4238E+01
  1.887  0.1243E+01  0.4239E+01
  1.888  0.1242E+01  0.4241E+01
  1.889  0.1240E+01  0.4242E+01
  1.890  0.1239E+01  0.4243E+01
  1.891  0.1238E+01  0.4244E+01
  1.892  0.1236E+01  0.4246E+01
  1.893  0.1235E+01  0.4247E+01
  1.894  0.1234E+01  0.4248E+01
  1.895  0.1233E+01  0.4249E+01
  1.896  0.1231E+01  0.4251E+01
  1.897  0.1230E+01  0.4252E+01
  1.898  0.1229E+01  0.4253E+01
  1.899  0.1228E+01  0.4254E+01
  1.900  0.1226E+01  0.4255E+01
  1.901  0.1225E+01  0.4257E+01
  1.902  0.1224E+01  0.4258E+01
  1.903  0.1223E+01  0.4259E+01
  1.904  0.1222E+01  0.4260E+01
  1.905  0.1221E+01  0.4262E+01
  1.906  0.1219E+01  0.4263E+01
  1.907  0.1218E+01  0.4264E+01
  1.908  0.1217E+01  0.4265E+01
  1.909  0.1216E+01  0.4266E+01
  1.910  0.1215E+01  0.4268E+01
  1.911  0.1214E+01  0.4269E+01
  1.912  0.1213E+01  0.4270E+01
  1.913  0.1212E+01  0.4271E+01
  1.914  0.1211E+01  0.4273E+01
  1.915  0.1210E+01  0.4274E+01
  1.916  0.1209E+01  0.4275E+01
  1.917  0.1208E+01  0.4276E+01
  1.918  0.1207E+01  0.4277E+01
  1.919  0.1206E+01  0.4279E+01
  1.920  0.1205E+01  0.4280E+01
  1.921  0.1203E+01  0.4281E+01
  1.922  0.1202E+01  0.4282E+01
  1.923  0.1201E+01  0.4283E+01
  1.924  0.1200E+01  0.4285E+01
  1.925  0.1198E+01  0.4286E+01
  1.926  0.1197E+01  0.4287E+01
  1.927  0.1196E+01  0.4288E+01
  1.928  0.1194E+01  0.4289E+01
  1.929  0.1193E+01  0.4291E+01
  1.930  0.1191E+01  0.4292E+01
  1.931  0.1190E+01  0.4293E+01
  1.932  0.1188E+01  0.4294E+01
  1.933  0.1187E+01  0.4295E+01
  1.934  0.1185E+01  0.4297E+01
  1.935  0.1184E+01  0.4298E+01
  1.936  0.1182E+01  0.4299E+01
  1.937  0.1181E+01  0.4300E+01
  1.938  0.1179E+01  0.4301E+01
  1.939  0.1178E+01  0.4302E+01
  1.940  0.1177E+01  0.4304E+01
  1.941  0.1176E+01  0.4305E+01
  1.942  0.1176E+01  0.4306E+01
  1.943  0.1175E+01  0.4307E+01
  1.944  0.1175E+01  0.4308E+01
  1.945  0.1174E+01  0.4309E+01
  1.946  0.1174E+01  0.4311E+01
  1.947  0.1173E+01  0.4312E+01
  1.948  0.1173E+01  0.4313E+01
  1.949  0.1172E+01  0.4314E+01
  1.950  0.1172E+01  0.4315E+01
  1.951  0.1171E+01  0.4316E+01
  1.952  0.1170E+01  0.4318E+01
  1.953  0.1170E+01  0.4319E+01
  1.954  0.1169E+01  0.4320E+01
  1.955  0.1169E+01  0.4321E+01
  1.956  0.1168E+01  0.4322E+01
  1.957  0.1167E+01  0.4324E+01
  1.958  0.1166E+01  0.4325E+01
  1.959  0.1166E+01  0.4326E+01
  1.960  0.1165E+01  0.4327E+01
  1.961  0.1164E+01  0.4328E+01
  1.962  0.1163E+01  0.4329E+01
  1.963  0.1162E+01  0.4330E+01
  1.964  0.1162E+01  0.4332E+01
  1.965  0.1161E+01  0.4333E+01
  1.966  0.1160E+01  0.4334E+01
  1.967  0.1159E+01  0.4335E+01
  1.968  0.1158E+01  0.4336E+01
  1.969  0.1157E+01  0.4337E+01
  1.970  0.1156E+01  0.4339E+01
  1.971  0.1156E+01  0.4340E+01
  1.972  0.1155E+01  0.4341E+01
  1.973  0.1154E+01  0.4342E+01
  1.974  0.1153E+01  0.4343E+01
  1.975  0.1152E+01  0.4344E+01
  1.976  0.1150E+01  0.4346E+01
  1.977  0.1149E+01  0.4347E+01
  1.978  0.1148E+01  0.4348E+01
  1.979  0.1147E+01  0.4349E+01
  1.980  0.1145E+01  0.4350E+01
  1.981  0.1144E+01  0.4351E+01
  1.982  0.1142E+01  0.4352E+01
  1.983  0.1141E+01  0.4354E+01
  1.984  0.1140E+01  0.4355E+01
  1.985  0.1138E+01  0.4356E+01
  1.986  0.1137E+01  0.4357E+01
  1.987  0.1136E+01  0.4358E+01
  1.988  0.1135E+01  0.4359E+01
  1.989  0.1133E+01  0.4360E+01
  1.990  0.1132E+01  0.4361E+01
  1.991  0.1131E+01  0.4363E+01
  1.992  0.1130E+01  0.4364E+01
  1.993  0.1128E+01  0.4365E+01
  1.994  0.1127E+01  0.4366E+01
  1.995  0.1126E+01  0.4367E+01
  1.996  0.1125E+01  0.4368E+01
  1.997  0.1123E+01  0.4369E+01
  1.998  0.1122E+01  0.4371E+01
  1.999  0.1121E+01  0.4372E+01
  2.000  0.1119E+01  0.4373E+01
  2.001  0.1118E+01  0.4374E+01
  2.002  0.1117E+01  0.4375E+01
  2.003  0.1115E+01  0.4376E+01
  2.004  0.1114E+01  0.4377E+01
  2.005  0.1112E+01  0.4378E+01
  2.006  0.1111E+01  0.4379E+01
  2.007  0.1110E+01  0.4381E+01
  2.008  0.1108E+01  0.4382E+01
  2.009  0.1107E+01  0.4383E+01
  2.010  0.1106E+01  0.4384E+01
  2.011  0.1105E+01  0.4385E+01
  2.012  0.1104E+01  0.4386E+01
  2.013  0.1103E+01  0.4387E+01
  2.014  0.1102E+01  0.4388E+01
  2.015  0.1101E+01  0.4389E+01
  2.016  0.1100E+01  0.4390E+01
  2.017  0.1099E+01  0.4392E+01
  2.018  0.1098E+01  0.4393E+01
  2.019  0.1097E+01  0.4394E+01
  2.020  0.1096E+01  0.4395E+01
  2.021  0.1095E+01  0.4396E+01
  2.022  0.1094E+01  0.4397E+01
  2.023  0.1093E+01  0.4398E+01
  2.024  0.1092E+01  0.4399E+01
  2.025  0.1091E+01  0.4400E+01
  2.026  0.1090E+01  0.4401E+01
  2.027  0.1089E+01  0.4403E+01
  2.028  0.1088E+01  0.4404E+01
  2.029  0.1087E+01  0.4405E+01
  2.030  0.1086E+01  0.4406E+01
  2.031  0.1085E+01  0.4407E+01
  2.032  0.1084E+01  0.4408E+01
  2.033  0.1084E+01  0.4409E+01
  2.034  0.1083E+01  0.4410E+01
  2.035  0.1082E+01  0.4411E+01
  2.036  0.1081E+01  0.4412E+01
  2.037  0.1080E+01  0.4413E+01
  2.038  0.1079E+01  0.4414E+01
  2.039  0.1078E+01  0.4416E+01
  2.040  0.1077E+01  0.4417E+01
  2.041  0.1076E+01  0.4418E+01
  2.042  0.1075E+01  0.4419E+01
  2.043  0.1075E+01  0.4420E+01
  2.044  0.1074E+01  0.4421E+01
  2.045  0.1073E+01  0.4422E+01
  2.046  0.1072E+01  0.4423E+01
  2.047  0.1070E+01  0.4424E+01
  2.048  0.1070E+01  0.4425E+01
  2.049  0.1069E+01  0.4426E+01
  2.050  0.1068E+01  0.4427E+01
  2.051  0.1067E+01  0.4428E+01
  2.052  0.1066E+01  0.4429E+01
  2.053  0.1065E+01  0.4431E+01
  2.054  0.1064E+01  0.4432E+01
  2.055  0.1063E+01  0.4433E+01
  2.056  0.1063E+01  0.4434E+01
  2.057  0.1062E+01  0.4435E+01
  2.058  0.1061E+01  0.4436E+01
  2.059  0.1060E+01  0.4437E+01
  2.060  0.1059E+01  0.4438E+01
  2.061  0.1059E+01  0.4439E+01
  2.062  0.1058E+01  0.4440E+01
  2.063  0.1057E+01  0.4441E+01
  2.064  0.1056E+01  0.4442E+01
  2.065  0.1056E+01  0.4443E+01
  2.066  0.1055E+01  0.4444E+01
  2.067  0.1054E+01  0.4445E+01
  2.068  0.1054E+01  0.4446E+01
  2.069  0.1053E+01  0.4447E+01
  2.070  0.1052E+01  0.4448E+01
  2.071  0.1052E+01  0.4450E+01
  2.072  0.1051E+01  0.4451E+01
  2.073  0.1051E+01  0.4452E+01
  2.074  0.1050E+01  0.4453E+01
  2.075  0.1049E+01  0.4454E+01
  2.076  0.1049E+01  0.4455E+01
  2.077  0.1048E+01  0.4456E+01
  2.078  0.1048E+01  0.4457E+01
  2.079  0.1047E+01  0.4458E+01
  2.080  0.1047E+01  0.4459E+01
  2.081  0.1046E+01  0.4460E+01
  2.082  0.1046E+01  0.4461E+01
  2.083  0.1045E+01  0.4462E+01
  2.084  0.1045E+01  0.4463E+01
  2.085  0.1044E+01  0.4464E+01
  2.086  0.1044E+01  0.4465E+01
  2.087  0.1044E+01  0.4466E+01
  2.088  0.1043E+01  0.4467E+01
  2.089  0.1043E+01  0.4468E+01
  2.090  0.1042E+01  0.4469E+01
  2.091  0.1042E+01  0.4470E+01
  2.092  0.1042E+01  0.4472E+01
  2.093  0.1041E+01  0.4473E+01
  2.094  0.1041E+01  0.4474E+01
  2.095  0.1041E+01  0.4475E+01
  2.096  0.1041E+01  0.4476E+01
  2.097  0.1040E+01  0.4477E+01
  2.098  0.1040E+01  0.4478E+01
  2.099  0.1040E+01  0.4479E+01
  2.100  0.1039E+01  0.4480E+01
  2.101  0.1039E+01  0.4481E+01
  2.102  0.1039E+01  0.4482E+01
  2.103  0.1039E+01  0.4483E+01
  2.104  0.1038E+01  0.4484E+01
  2.105  0.1038E+01  0.4485E+01
  2.106  0.1038E+01  0.4486E+01
  2.107  0.1037E+01  0.4487E+01
  2.108  0.1037E+01  0.4488E+01
  2.109  0.1037E+01  0.4489E+01
  2.110  0.1037E+01  0.4490E+01
  2.111  0.1036E+01  0.4491E+01
  2.112  0.1036E+01  0.4492E+01
  2.113  0.1036E+01  0.4493E+01
  2.114  0.1036E+01  0.4494E+01
  2.115  0.1036E+01  0.4495E+01
  2.116  0.1036E+01  0.4496E+01
  2.117  0.1036E+01  0.4497E+01
  2.118  0.1035E+01  0.4498E+01
  2.119  0.1035E+01  0.4500E+01
  2.120  0.1035E+01  0.4501E+01
  2.121  0.1035E+01  0.4502E+01
  2.122  0.1035E+01  0.4503E+01
  2.123  0.1035E+01  0.4504E+01
  2.124  0.1035E+01  0.4505E+01
  2.125  0.1036E+01  0.4506E+01
  2.126  0.1036E+01  0.4507E+01
  2.127  0.1036E+01  0.4508E+01
  2.128  0.1036E+01  0.4509E+01
  2.129  0.1037E+01  0.4510E+01
  2.130  0.1037E+01  0.4511E+01
  2.131  0.1037E+01  0.4512E+01
  2.132  0.1038E+01  0.4513E+01
  2.133  0.1038E+01  0.4514E+01
  2.134  0.1038E+01  0.4515E+01
  2.135  0.1039E+01  0.4516E+01
  2.136  0.1039E+01  0.4517E+01
  2.137  0.1039E+01  0.4518E+01
  2.138  0.1039E+01  0.4519E+01
  2.139  0.1039E+01  0.4520E+01
  2.140  0.1039E+01  0.4521E+01
  2.141  0.1039E+01  0.4522E+01
  2.142  0.1039E+01  0.4523E+01
  2.143  0.1039E+01  0.4524E+01
  2.144  0.1039E+01  0.4525E+01
  2.145  0.1039E+01  0.4527E+01
  2.146  0.1039E+01  0.4528E+01
  2.147  0.1039E+01  0.4529E+01
  2.148  0.1039E+01  0.4530E+01
  2.149  0.1039E+01  0.4531E+01
  2.150  0.1039E+01  0.4532E+01
  2.151  0.1039E+01  0.4533E+01
  2.152  0.1039E+01  0.4534E+01
  2.153  0.1038E+01  0.4535E+01
  2.154  0.1038E+01  0.4536E+01
  2.155  0.1038E+01  0.4537E+01
  2.156  0.1038E+01  0.4538E+01
  2.157  0.1038E+01  0.4539E+01
  2.158  0.1038E+01  0.4540E+01
  2.159  0.1038E+01  0.4541E+01
  2.160  0.1038E+01  0.4542E+01
  2.161  0.1038E+01  0.4543E+01
  2.162  0.1038E+01  0.4544E+01
  2.163  0.1038E+01  0.4545E+01
  2.164  0.1038E+01  0.4546E+01
  2.165  0.1038E+01  0.4547E+01
  2.166  0.1038E+01  0.4548E+01
  2.167  0.1038E+01  0.4549E+01
  2.168  0.1038E+01  0.4550E+01
  2.169  0.1038E+01  0.4551E+01
  2.170  0.1038E+01  0.4552E+01
  2.171  0.1038E+01  0.4553E+01
  2.172  0.1038E+01  0.4555E+01
  2.173  0.1038E+01  0.4556E+01
  2.174  0.1038E+01  0.4557E+01
  2.175  0.1038E+01  0.4558E+01
  2.176  0.1037E+01  0.4559E+01
  2.177  0.1037E+01  0.4560E+01
  2.178  0.1037E+01  0.4561E+01
  2.179  0.1037E+01  0.4562E+01
  2.180  0.1037E+01  0.4563E+01
  2.181  0.1037E+01  0.4564E+01
  2.182  0.1037E+01  0.4565E+01
  2.183  0.1037E+01  0.4566E+01
  2.184  0.1037E+01  0.4567E+01
  2.185  0.1037E+01  0.4568E+01
  2.186  0.1037E+01  0.4569E+01
  2.187  0.1037E+01  0.4570E+01
  2.188  0.1037E+01  0.4571E+01
  2.189  0.1037E+01  0.4572E+01
  2.190  0.1037E+01  0.4573E+01
  2.191  0.1037E+01  0.4574E+01
  2.192  0.1037E+01  0.4575E+01
  2.193  0.1037E+01  0.4576E+01
  2.194  0.1037E+01  0.4577E+01
  2.195  0.1037E+01  0.4578E+01
  2.196  0.1037E+01  0.4579E+01
  2.197  0.1037E+01  0.4580E+01
  2.198  0.1037E+01  0.4582E+01
  2.199  0.1037E+01  0.4583E+01
  2.200  0.1037E+01  0.4584E+01
  2.201  0.1037E+01  0.4585E+01
  2.202  0.1037E+01  0.4586E+01
  2.203  0.1037E+01  0.4587E+01
  2.204  0.1037E+01  0.4588E+01
  2.205  0.1037E+01  0.4589E+01
  2.206  0.1037E+01  0.4590E+01
  2.207  0.1037E+01  0.4591E+01
  2.208  0.1037E+01  0.4592E+01
  2.209  0.1037E+01  0.4593E+01
  2.210  0.1037E+01  0.4594E+01
  2.211  0.1037E+01  0.4595E+01
  2.212  0.1037E+01  0.4596E+01
  2.213  0.1037E+01  0.4597E+01
  2.214  0.1037E+01  0.4598E+01
  2.215  0.1038E+01  0.4599E+01
  2.216  0.1038E+01  0.4600E+01
  2.217  0.1038E+01  0.4601E+01
  2.218  0.1039E+01  0.4602E+01
  2.219  0.1039E+01  0.4603E+01
  2.220  0.1039E+01  0.4604E+01
  2.221  0.1040E+01  0.4605E+01
  2.222  0.1040E+01  0.4606E+01
  2.223  0.1040E+01  0.4607E+01
  2.224  0.1041E+01  0.4608E+01
  2.225  0.1041E+01  0.4610E+01
  2.226  0.1042E+01  0.4611E+01
  2.227  0.1042E+01  0.4612E+01
  2.228  0.1042E+01  0.4613E+01
  2.229  0.1043E+01  0.4614E+01
  2.230  0.1043E+01  0.4615E+01
  2.231  0.1043E+01  0.4616E+01
  2.232  0.1044E+01  0.4617E+01
  2.233  0.1044E+01  0.4618E+01
  2.234  0.1044E+01  0.4619E+01
  2.235  0.1044E+01  0.4620E+01
  2.236  0.1045E+01  0.4621E+01
  2.237  0.1045E+01  0.4622E+01
  2.238  0.1045E+01  0.4623E+01
  2.239  0.1045E+01  0.4624E+01
  2.240  0.1046E+01  0.4625E+01
  2.241  0.1046E+01  0.4626E+01
  2.242  0.1047E+01  0.4627E+01
  2.243  0.1047E+01  0.4628E+01
  2.244  0.1047E+01  0.4629E+01
  2.245  0.1048E+01  0.4630E+01
  2.246  0.1048E+01  0.4631E+01
  2.247  0.1048E+01  0.4633E+01
  2.248  0.1047E+01  0.4634E+01
  2.249  0.1047E+01  0.4635E+01
  2.250  0.1047E+01  0.4636E+01
  2.251  0.1047E+01  0.4637E+01
  2.252  0.1046E+01  0.4638E+01
  2.253  0.1046E+01  0.4639E+01
  2.254  0.1046E+01  0.4640E+01
  2.255  0.1045E+01  0.4641E+01
  2.256  0.1045E+01  0.4642E+01
  2.257  0.1045E+01  0.4643E+01
  2.258  0.1044E+01  0.4644E+01
  2.259  0.1044E+01  0.4645E+01
  2.260  0.1044E+01  0.4646E+01
  2.261  0.1043E+01  0.4647E+01
  2.262  0.1043E+01  0.4648E+01
  2.263  0.1043E+01  0.4649E+01
  2.264  0.1043E+01  0.4650E+01
  2.265  0.1043E+01  0.4651E+01
  2.266  0.1043E+01  0.4652E+01
  2.267  0.1043E+01  0.4653E+01
  2.268  0.1043E+01  0.4654E+01
  2.269  0.1043E+01  0.4655E+01
  2.270  0.1043E+01  0.4657E+01
  2.271  0.1043E+01  0.4658E+01
  2.272  0.1043E+01  0.4659E+01
  2.273  0.1043E+01  0.4660E+01
  2.274  0.1043E+01  0.4661E+01
  2.275  0.1043E+01  0.4662E+01
  2.276  0.1043E+01  0.4663E+01
  2.277  0.1044E+01  0.4664E+01
  2.278  0.1044E+01  0.4665E+01
  2.279  0.1044E+01  0.4666E+01
  2.280  0.1044E+01  0.4667E+01
  2.281  0.1044E+01  0.4668E+01
  2.282  0.1044E+01  0.4669E+01
  2.283  0.1044E+01  0.4670E+01
  2.284  0.1044E+01  0.4671E+01
  2.285  0.1044E+01  0.4672E+01
  2.286  0.1044E+01  0.4673E+01
  2.287  0.1044E+01  0.4674E+01
  2.288  0.1044E+01  0.4675E+01
  2.289  0.1044E+01  0.4676E+01
  2.290  0.1044E+01  0.4677E+01
  2.291  0.1044E+01  0.4678E+01
  2.292  0.1043E+01  0.4679E+01
  2.293  0.1043E+01  0.4681E+01
  2.294  0.1043E+01  0.4682E+01
  2.295  0.1043E+01  0.4683E+01
  2.296  0.1043E+01  0.4684E+01
  2.297  0.1043E+01  0.4685E+01
  2.298  0.1043E+01  0.4686E+01
  2.299  0.1043E+01  0.4687E+01
  2.300  0.1043E+01  0.4688E+01
  2.301  0.1042E+01  0.4689E+01
  2.302  0.1042E+01  0.4690E+01
  2.303  0.1042E+01  0.4691E+01
  2.304  0.1042E+01  0.4692E+01
  2.305  0.1042E+01  0.4693E+01
  2.306  0.1042E+01  0.4694E+01
  2.307  0.1042E+01  0.4695E+01
  2.308  0.1042E+01  0.4696E+01
  2.309  0.1041E+01  0.4697E+01
  2.310  0.1041E+01  0.4698E+01
  2.311  0.1041E+01  0.4699E+01
  2.312  0.1041E+01  0.4700E+01
  2.313  0.1041E+01  0.4701E+01
  2.314  0.1041E+01  0.4702E+01
  2.315  0.1041E+01  0.4703E+01
  2.316  0.1041E+01  0.4705E+01
  2.317  0.1041E+01  0.4706E+01
  2.318  0.1041E+01  0.4707E+01
  2.319  0.1041E+01  0.4708E+01
  2.320  0.1041E+01  0.4709E+01
  2.321  0.1041E+01  0.4710E+01
  2.322  0.1041E+01  0.4711E+01
  2.323  0.1041E+01  0.4712E+01
  2.324  0.1041E+01  0.4713E+01
  2.325  0.1041E+01  0.4714E+01
  2.326  0.1041E+01  0.4715E+01
  2.327  0.1042E+01  0.4716E+01
  2.328  0.1042E+01  0.4717E+01
  2.329  0.1043E+01  0.4718E+01
  2.330  0.1043E+01  0.4719E+01
  2.331  0.1044E+01  0.4720E+01
  2.332  0.1044E+01  0.4721E+01
  2.333  0.1045E+01  0.4722E+01
  2.334  0.1045E+01  0.4723E+01
  2.335  0.1046E+01  0.4724E+01
  2.336  0.1046E+01  0.4725E+01
  2.337  0.1047E+01  0.4726E+01
  2.338  0.1047E+01  0.4727E+01
  2.339  0.1048E+01  0.4728E+01
  2.340  0.1049E+01  0.4730E+01
  2.341  0.1049E+01  0.4731E+01
  2.342  0.1050E+01  0.4732E+01
  2.343  0.1051E+01  0.4733E+01
  2.344  0.1053E+01  0.4734E+01
  2.345  0.1053E+01  0.4735E+01
  2.346  0.1054E+01  0.4736E+01
  2.347  0.1055E+01  0.4737E+01
  2.348  0.1055E+01  0.4738E+01
  2.349  0.1056E+01  0.4739E+01
  2.350  0.1056E+01  0.4740E+01
  2.351  0.1057E+01  0.4741E+01
  2.352  0.1058E+01  0.4742E+01
  2.353  0.1058E+01  0.4743E+01
  2.354  0.1059E+01  0.4744E+01
  2.355  0.1059E+01  0.4745E+01
  2.356  0.1060E+01  0.4746E+01
  2.357  0.1061E+01  0.4747E+01
  2.358  0.1061E+01  0.4749E+01
  2.359  0.1062E+01  0.4750E+01
  2.360  0.1062E+01  0.4751E+01
  2.361  0.1063E+01  0.4752E+01
  2.362  0.1063E+01  0.4753E+01
  2.363  0.1064E+01  0.4754E+01
  2.364  0.1064E+01  0.4755E+01
  2.365  0.1065E+01  0.4756E+01
  2.366  0.1066E+01  0.4757E+01
  2.367  0.1066E+01  0.4758E+01
  2.368  0.1067E+01  0.4759E+01
  2.369  0.1067E+01  0.4760E+01
  2.370  0.1067E+01  0.4761E+01
  2.371  0.1068E+01  0.4762E+01
  2.372  0.1068E+01  0.4763E+01
  2.373  0.1069E+01  0.4765E+01
  2.374  0.1069E+01  0.4766E+01
  2.375  0.1070E+01  0.4767E+01
  2.376  0.1070E+01  0.4768E+01
  2.377  0.1070E+01  0.4769E+01
  2.378  0.1071E+01  0.4770E+01
  2.379  0.1071E+01  0.4771E+01
  2.380  0.1072E+01  0.4772E+01
  2.381  0.1072E+01  0.4773E+01
  2.382  0.1072E+01  0.4774E+01
  2.383  0.1072E+01  0.4775E+01
  2.384  0.1073E+01  0.4776E+01
  2.385  0.1073E+01  0.4777E+01
  2.386  0.1073E+01  0.4778E+01
  2.387  0.1074E+01  0.4780E+01
  2.388  0.1074E+01  0.4781E+01
  2.389  0.1074E+01  0.4782E+01
  2.390  0.1074E+01  0.4783E+01
  2.391  0.1074E+01  0.4784E+01
  2.392  0.1074E+01  0.4785E+01
  2.393  0.1075E+01  0.4786E+01
  2.394  0.1075E+01  0.4787E+01
  2.395  0.1075E+01  0.4788E+01
  2.396  0.1075E+01  0.4789E+01
  2.397  0.1075E+01  0.4790E+01
  2.398  0.1075E+01  0.4791E+01
  2.399  0.1076E+01  0.4792E+01
  2.400  0.1076E+01  0.4794E+01
  2.401  0.1076E+01  0.4795E+01
  2.402  0.1076E+01  0.4796E+01
  2.403  0.1076E+01  0.4797E+01
  2.404  0.1076E+01  0.4798E+01
  2.405  0.1077E+01  0.4799E+01
  2.406  0.1077E+01  0.4800E+01
  2.407  0.1077E+01  0.4801E+01
  2.408  0.1077E+01  0.4802E+01
  2.409  0.1077E+01  0.4803E+01
  2.410  0.1077E+01  0.4804E+01
  2.411  0.1077E+01  0.4805E+01
  2.412  0.1078E+01  0.4806E+01
  2.413  0.1078E+01  0.4808E+01
  2.414  0.1078E+01  0.4809E+01
  2.415  0.1078E+01  0.4810E+01
  2.416  0.1078E+01  0.4811E+01
  2.417  0.1079E+01  0.4812E+01
  2.418  0.1079E+01  0.4813E+01
  2.419  0.1079E+01  0.4814E+01
  2.420  0.1079E+01  0.4815E+01
  2.421  0.1080E+01  0.4816E+01
  2.422  0.1080E+01  0.4817E+01
  2.423  0.1080E+01  0.4818E+01
  2.424  0.1081E+01  0.4819E+01
  2.425  0.1081E+01  0.4820E+01
  2.426  0.1081E+01  0.4822E+01
  2.427  0.1081E+01  0.4823E+01
  2.428  0.1082E+01  0.4824E+01
  2.429  0.1082E+01  0.4825E+01
  2.430  0.1082E+01  0.4826E+01
  2.431  0.1082E+01  0.4827E+01
  2.432  0.1082E+01  0.4828E+01
  2.433  0.1082E+01  0.4829E+01
  2.434  0.1083E+01  0.4830E+01
  2.435  0.1083E+01  0.4831E+01
  2.436  0.1083E+01  0.4832E+01
  2.437  0.1083E+01  0.4833E+01
  2.438  0.1083E+01  0.4835E+01
  2.439  0.1083E+01  0.4836E+01
  2.440  0.1083E+01  0.4837E+01
  2.441  0.1084E+01  0.4838E+01
  2.442  0.1084E+01  0.4839E+01
  2.443  0.1084E+01  0.4840E+01
  2.444  0.1084E+01  0.4841E+01
  2.445  0.1084E+01  0.4842E+01
  2.446  0.1084E+01  0.4843E+01
  2.447  0.1084E+01  0.4844E+01
  2.448  0.1085E+01  0.4845E+01
  2.449  0.1085E+01  0.4846E+01
  2.450  0.1085E+01  0.4848E+01
  2.451  0.1086E+01  0.4849E+01
  2.452  0.1086E+01  0.4850E+01
  2.453  0.1086E+01  0.4851E+01
  2.454  0.1087E+01  0.4852E+01
  2.455  0.1087E+01  0.4853E+01
  2.456  0.1087E+01  0.4854E+01
  2.457  0.1088E+01  0.4855E+01
  2.458  0.1089E+01  0.4856E+01
  2.459  0.1089E+01  0.4857E+01
  2.460  0.1090E+01  0.4858E+01
  2.461  0.1090E+01  0.4859E+01
  2.462  0.1091E+01  0.4861E+01
  2.463  0.1092E+01  0.4862E+01
  2.464  0.1092E+01  0.4863E+01
  2.465  0.1093E+01  0.4864E+01
  2.466  0.1093E+01  0.4865E+01
  2.467  0.1093E+01  0.4866E+01
  2.468  0.1094E+01  0.4867E+01
  2.469  0.1094E+01  0.4868E+01
  2.470  0.1094E+01  0.4869E+01
  2.471  0.1095E+01  0.4870E+01
  2.472  0.1095E+01  0.4872E+01
  2.473  0.1096E+01  0.4873E+01
  2.474  0.1096E+01  0.4874E+01
  2.475  0.1097E+01  0.4875E+01
  2.476  0.1098E+01  0.4876E+01
  2.477  0.1098E+01  0.4877E+01
  2.478  0.1099E+01  0.4878E+01
  2.479  0.1100E+01  0.4879E+01
  2.480  0.1100E+01  0.4880E+01
  2.481  0.1101E+01  0.4881E+01
  2.482  0.1101E+01  0.4883E+01
  2.483  0.1102E+01  0.4884E+01
  2.484  0.1102E+01  0.4885E+01
  2.485  0.1103E+01  0.4886E+01
  2.486  0.1103E+01  0.4887E+01
  2.487  0.1104E+01  0.4888E+01
  2.488  0.1104E+01  0.4889E+01
  2.489  0.1104E+01  0.4890E+01
  2.490  0.1105E+01  0.4891E+01
  2.491  0.1105E+01  0.4892E+01
  2.492  0.1105E+01  0.4894E+01
  2.493  0.1105E+01  0.4895E+01
  2.494  0.1106E+01  0.4896E+01
  2.495  0.1106E+01  0.4897E+01
  2.496  0.1106E+01  0.4898E+01
  2.497  0.1106E+01  0.4899E+01
  2.498  0.1106E+01  0.4900E+01
  2.499  0.1107E+01  0.4901E+01
  2.500  0.1107E+01  0.4902E+01
  2.501  0.1107E+01  0.4903E+01
  2.502  0.1107E+01  0.4905E+01
  2.503  0.1107E+01  0.4906E+01
  2.504  0.1108E+01  0.4907E+01
  2.505  0.1108E+01  0.4908E+01
  2.506  0.1108E+01  0.4909E+01
  2.507  0.1108E+01  0.4910E+01
  2.508  0.1108E+01  0.4911E+01
  2.509  0.1109E+01  0.4912E+01
  2.510  0.1109E+01  0.4913E+01
  2.511  0.1109E+01  0.4915E+01
  2.512  0.1109E+01  0.4916E+01
  2.513  0.1110E+01  0.4917E+01
  2.514  0.1110E+01  0.4918E+01
  2.515  0.1110E+01  0.4919E+01
  2.516  0.1110E+01  0.4920E+01
  2.517  0.1110E+01  0.4921E+01
  2.518  0.1111E+01  0.4922E+01
  2.519  0.1111E+01  0.4923E+01
  2.520  0.1111E+01  0.4925E+01
  2.521  0.1111E+01  0.4926E+01
  2.522  0.1112E+01  0.4927E+01
  2.523  0.1112E+01  0.4928E+01
  2.524  0.1112E+01  0.4929E+01
  2.525  0.1112E+01  0.4930E+01
  2.526  0.1113E+01  0.4931E+01
  2.527  0.1113E+01  0.4932E+01
  2.528  0.1113E+01  0.4933E+01
  2.529  0.1113E+01  0.4935E+01
  2.530  0.1114E+01  0.4936E+01
  2.531  0.1114E+01  0.4937E+01
  2.532  0.1114E+01  0.4938E+01
  2.533  0.1114E+01  0.4939E+01
  2.534  0.1115E+01  0.4940E+01
  2.535  0.1115E+01  0.4941E+01
  2.536  0.1115E+01  0.4942E+01
  2.537  0.1116E+01  0.4944E+01
  2.538  0.1116E+01  0.4945E+01
  2.539  0.1116E+01  0.4946E+01
  2.540  0.1116E+01  0.4947E+01
  2.541  0.1117E+01  0.4948E+01
  2.542  0.1117E+01  0.4949E+01
  2.543  0.1117E+01  0.4950E+01
  2.544  0.1118E+01  0.4951E+01
  2.545  0.1118E+01  0.4952E+01
  2.546  0.1118E+01  0.4954E+01
  2.547  0.1119E+01  0.4955E+01
  2.548  0.1119E+01  0.4956E+01
  2.549  0.1119E+01  0.4957E+01
  2.550  0.1119E+01  0.4958E+01
  2.551  0.1120E+01  0.4959E+01
  2.552  0.1120E+01  0.4960E+01
  2.553  0.1121E+01  0.4961E+01
  2.554  0.1122E+01  0.4963E+01
  2.555  0.1123E+01  0.4964E+01
  2.556  0.1124E+01  0.4965E+01
  2.557  0.1124E+01  0.4966E+01
  2.558  0.1125E+01  0.4967E+01
  2.559  0.1125E+01  0.4968E+01
  2.560  0.1125E+01  0.4969E+01
  2.561  0.1126E+01  0.4970E+01
  2.562  0.1126E+01  0.4972E+01
  2.563  0.1126E+01  0.4973E+01
  2.564  0.1127E+01  0.4974E+01
  2.565  0.1127E+01  0.4975E+01
  2.566  0.1127E+01  0.4976E+01
  2.567  0.1128E+01  0.4977E+01
  2.568  0.1128E+01  0.4978E+01
  2.569  0.1128E+01  0.4979E+01
  2.570  0.1129E+01  0.4981E+01
  2.571  0.1129E+01  0.4982E+01
  2.572  0.1130E+01  0.4983E+01
  2.573  0.1130E+01  0.4984E+01
  2.574  0.1131E+01  0.4985E+01
  2.575  0.1131E+01  0.4986E+01
  2.576  0.1132E+01  0.4987E+01
  2.577  0.1132E+01  0.4988E+01
  2.578  0.1133E+01  0.4990E+01
  2.579  0.1133E+01  0.4991E+01
  2.580  0.1134E+01  0.4992E+01
  2.581  0.1135E+01  0.4993E+01
  2.582  0.1135E+01  0.4994E+01
  2.583  0.1136E+01  0.4995E+01
  2.584  0.1137E+01  0.4996E+01
  2.585  0.1137E+01  0.4998E+01
  2.586  0.1138E+01  0.4999E+01
  2.587  0.1139E+01  0.5000E+01
  2.588  0.1140E+01  0.5001E+01
  2.589  0.1140E+01  0.5002E+01
  2.590  0.1141E+01  0.5003E+01
  2.591  0.1142E+01  0.5004E+01
  2.592  0.1143E+01  0.5006E+01
  2.593  0.1143E+01  0.5007E+01
  2.594  0.1144E+01  0.5008E+01
  2.595  0.1145E+01  0.5009E+01
  2.596  0.1146E+01  0.5010E+01
  2.597  0.1146E+01  0.5011E+01
  2.598  0.1147E+01  0.5012E+01
  2.599  0.1148E+01  0.5014E+01
  2.600  0.1149E+01  0.5015E+01
  2.601  0.1149E+01  0.5016E+01
  2.602  0.1150E+01  0.5017E+01
  2.603  0.1151E+01  0.5018E+01
  2.604  0.1152E+01  0.5019E+01
  2.605  0.1152E+01  0.5020E+01
  2.606  0.1153E+01  0.5022E+01
  2.607  0.1154E+01  0.5023E+01
  2.608  0.1155E+01  0.5024E+01
  2.609  0.1155E+01  0.5025E+01
  2.610  0.1156E+01  0.5026E+01
  2.611  0.1157E+01  0.5027E+01
  2.612  0.1158E+01  0.5029E+01
  2.613  0.1158E+01  0.5030E+01
  2.614  0.1159E+01  0.5031E+01
  2.615  0.1160E+01  0.5032E+01
  2.616  0.1161E+01  0.5033E+01
  2.617  0.1162E+01  0.5034E+01
  2.618  0.1163E+01  0.5035E+01
  2.619  0.1163E+01  0.5037E+01
  2.620  0.1164E+01  0.5038E+01
  2.621  0.1165E+01  0.5039E+01
  2.622  0.1166E+01  0.5040E+01
  2.623  0.1166E+01  0.5041E+01
  2.624  0.1167E+01  0.5042E+01
  2.625  0.1168E+01  0.5044E+01
  2.626  0.1168E+01  0.5045E+01
  2.627  0.1169E+01  0.5046E+01
  2.628  0.1170E+01  0.5047E+01
  2.629  0.1170E+01  0.5048E+01
  2.630  0.1171E+01  0.5049E+01
  2.631  0.1172E+01  0.5051E+01
  2.632  0.1173E+01  0.5052E+01
  2.633  0.1174E+01  0.5053E+01
  2.634  0.1175E+01  0.5054E+01
  2.635  0.1176E+01  0.5055E+01
  2.636  0.1178E+01  0.5057E+01
  2.637  0.1179E+01  0.5058E+01
  2.638  0.1180E+01  0.5059E+01
  2.639  0.1181E+01  0.5060E+01
  2.640  0.1182E+01  0.5061E+01
  2.641  0.1183E+01  0.5062E+01
  2.642  0.1184E+01  0.5064E+01
  2.643  0.1185E+01  0.5065E+01
  2.644  0.1186E+01  0.5066E+01
  2.645  0.1187E+01  0.5067E+01
  2.646  0.1188E+01  0.5068E+01
  2.647  0.1189E+01  0.5070E+01
  2.648  0.1190E+01  0.5071E+01
  2.649  0.1190E+01  0.5072E+01
  2.650  0.1191E+01  0.5073E+01
  2.651  0.1191E+01  0.5074E+01
  2.652  0.1192E+01  0.5076E+01
  2.653  0.1192E+01  0.5077E+01
  2.654  0.1193E+01  0.5078E+01
  2.655  0.1193E+01  0.5079E+01
  2.656  0.1194E+01  0.5080E+01
  2.657  0.1194E+01  0.5081E+01
  2.658  0.1195E+01  0.5083E+01
  2.659  0.1195E+01  0.5084E+01
  2.660  0.1195E+01  0.5085E+01
  2.661  0.1196E+01  0.5086E+01
  2.662  0.1196E+01  0.5087E+01
  2.663  0.1197E+01  0.5089E+01
  2.664  0.1197E+01  0.5090E+01
  2.665  0.1198E+01  0.5091E+01
  2.666  0.1198E+01  0.5092E+01
  2.667  0.1198E+01  0.5093E+01
  2.668  0.1199E+01  0.5095E+01
  2.669  0.1199E+01  0.5096E+01
  2.670  0.1200E+01  0.5097E+01
  2.671  0.1200E+01  0.5098E+01
  2.672  0.1201E+01  0.5099E+01
  2.673  0.1201E+01  0.5101E+01
  2.674  0.1202E+01  0.5102E+01
  2.675  0.1202E+01  0.5103E+01
  2.676  0.1203E+01  0.5104E+01
  2.677  0.1204E+01  0.5105E+01
  2.678  0.1204E+01  0.5107E+01
  2.679  0.1205E+01  0.5108E+01
  2.680  0.1206E+01  0.5109E+01
  2.681  0.1207E+01  0.5110E+01
  2.682  0.1208E+01  0.5111E+01
  2.683  0.1210E+01  0.5113E+01
  2.684  0.1211E+01  0.5114E+01
  2.685  0.1212E+01  0.5115E+01
  2.686  0.1213E+01  0.5116E+01
  2.687  0.1213E+01  0.5118E+01
  2.688  0.1214E+01  0.5119E+01
  2.689  0.1215E+01  0.5120E+01
  2.690  0.1215E+01  0.5121E+01
  2.691  0.1216E+01  0.5122E+01
  2.692  0.1217E+01  0.5124E+01
  2.693  0.1218E+01  0.5125E+01
  2.694  0.1219E+01  0.5126E+01
  2.695  0.1219E+01  0.5127E+01
  2.696  0.1220E+01  0.5128E+01
  2.697  0.1221E+01  0.5130E+01
  2.698  0.1222E+01  0.5131E+01
  2.699  0.1223E+01  0.5132E+01
  2.700  0.1224E+01  0.5133E+01
  2.701  0.1225E+01  0.5135E+01
  2.702  0.1227E+01  0.5136E+01
  2.703  0.1228E+01  0.5137E+01
  2.704  0.1229E+01  0.5138E+01
  2.705  0.1230E+01  0.5140E+01
  2.706  0.1232E+01  0.5141E+01
  2.707  0.1233E+01  0.5142E+01
  2.708  0.1234E+01  0.5143E+01
  2.709  0.1235E+01  0.5144E+01
  2.710  0.1236E+01  0.5146E+01
  2.711  0.1237E+01  0.5147E+01
  2.712  0.1238E+01  0.5148E+01
  2.713  0.1238E+01  0.5149E+01
  2.714  0.1238E+01  0.5151E+01
  2.715  0.1239E+01  0.5152E+01
  2.716  0.1239E+01  0.5153E+01
  2.717  0.1239E+01  0.5154E+01
  2.718  0.1238E+01  0.5156E+01
  2.719  0.1238E+01  0.5157E+01
  2.720  0.1238E+01  0.5158E+01
  2.721  0.1238E+01  0.5159E+01
  2.722  0.1238E+01  0.5161E+01
  2.723  0.1239E+01  0.5162E+01
  2.724  0.1240E+01  0.5163E+01
  2.725  0.1240E+01  0.5164E+01
  2.726  0.1241E+01  0.5166E+01
  2.727  0.1241E+01  0.5167E+01
  2.728  0.1242E+01  0.5168E+01
  2.729  0.1243E+01  0.5169E+01
  2.730  0.1243E+01  0.5170E+01
  2.731  0.1244E+01  0.5172E+01
  2.732  0.1245E+01  0.5173E+01
  2.733  0.1245E+01  0.5174E+01
  2.734  0.1246E+01  0.5175E+01
  2.735  0.1247E+01  0.5177E+01
  2.736  0.1247E+01  0.5178E+01
  2.737  0.1248E+01  0.5179E+01
  2.738  0.1249E+01  0.5180E+01
  2.739  0.1250E+01  0.5182E+01
  2.740  0.1250E+01  0.5183E+01
  2.741  0.1251E+01  0.5184E+01
  2.742  0.1252E+01  0.5185E+01
  2.743  0.1253E+01  0.5187E+01
  2.744  0.1254E+01  0.5188E+01
  2.745  0.1255E+01  0.5189E+01
  2.746  0.1255E+01  0.5190E+01
  2.747  0.1256E+01  0.5192E+01
  2.748  0.1257E+01  0.5193E+01
  2.749  0.1258E+01  0.5194E+01
  2.750  0.1259E+01  0.5196E+01
  2.751  0.1260E+01  0.5197E+01
  2.752  0.1261E+01  0.5198E+01
  2.753  0.1262E+01  0.5199E+01
  2.754  0.1263E+01  0.5201E+01
  2.755  0.1265E+01  0.5202E+01
  2.756  0.1266E+01  0.5203E+01
  2.757  0.1267E+01  0.5204E+01
  2.758  0.1268E+01  0.5206E+01
  2.759  0.1269E+01  0.5207E+01
  2.760  0.1270E+01  0.5208E+01
  2.761  0.1272E+01  0.5209E+01
  2.762  0.1273E+01  0.5211E+01
  2.763  0.1274E+01  0.5212E+01
  2.764  0.1276E+01  0.5213E+01
  2.765  0.1277E+01  0.5215E+01
  2.766  0.1278E+01  0.5216E+01
  2.767  0.1280E+01  0.5217E+01
  2.768  0.1281E+01  0.5218E+01
  2.769  0.1283E+01  0.5220E+01
  2.770  0.1284E+01  0.5221E+01
  2.771  0.1294E+01  0.5222E+01
  2.772  0.1296E+01  0.5224E+01
  2.773  0.1298E+01  0.5225E+01
  2.774  0.1300E+01  0.5226E+01
  2.775  0.1302E+01  0.5227E+01
  2.776  0.1304E+01  0.5229E+01
  2.777  0.1306E+01  0.5230E+01
  2.778  0.1308E+01  0.5231E+01
  2.779  0.1310E+01  0.5233E+01
  2.780  0.1312E+01  0.5234E+01
  2.781  0.1315E+01  0.5235E+01
  2.782  0.1317E+01  0.5237E+01
  2.783  0.1319E+01  0.5238E+01
  2.784  0.1322E+01  0.5239E+01
  2.785  0.1324E+01  0.5241E+01
  2.786  0.1326E+01  0.5242E+01
  2.787  0.1329E+01  0.5243E+01
  2.788  0.1332E+01  0.5245E+01
  2.789  0.1334E+01  0.5246E+01
  2.790  0.1337E+01  0.5247E+01
  2.791  0.1339E+01  0.5249E+01
  2.792  0.1341E+01  0.5250E+01
  2.793  0.1344E+01  0.5251E+01
  2.794  0.1346E+01  0.5253E+01
  2.795  0.1348E+01  0.5254E+01
  2.796  0.1351E+01  0.5255E+01
  2.797  0.1353E+01  0.5257E+01
  2.798  0.1356E+01  0.5258E+01
  2.799  0.1359E+01  0.5259E+01
  2.800  0.1361E+01  0.5261E+01
  2.801  0.1364E+01  0.5262E+01
  2.802  0.1366E+01  0.5263E+01
  2.803  0.1369E+01  0.5265E+01
  2.804  0.1371E+01  0.5266E+01
  2.805  0.1373E+01  0.5268E+01
  2.806  0.1376E+01  0.5269E+01
  2.807  0.1378E+01  0.5270E+01
  2.808  0.1380E+01  0.5272E+01
  2.809  0.1382E+01  0.5273E+01
  2.810  0.1384E+01  0.5274E+01
  2.811  0.1386E+01  0.5276E+01
  2.812  0.1387E+01  0.5277E+01
  2.813  0.1389E+01  0.5279E+01
  2.814  0.1391E+01  0.5280E+01
  2.815  0.1394E+01  0.5281E+01
  2.816  0.1395E+01  0.5283E+01
  2.817  0.1396E+01  0.5284E+01
  2.818  0.1397E+01  0.5286E+01
  2.819  0.1399E+01  0.5287E+01
  2.820  0.1400E+01  0.5288E+01
  2.821  0.1401E+01  0.5290E+01
  2.822  0.1402E+01  0.5291E+01
  2.823  0.1404E+01  0.5293E+01
  2.824  0.1405E+01  0.5294E+01
  2.825  0.1407E+01  0.5295E+01
  2.826  0.1408E+01  0.5297E+01
  2.827  0.1410E+01  0.5298E+01
  2.828  0.1411E+01  0.5300E+01
  2.829  0.1413E+01  0.5301E+01
  2.830  0.1414E+01  0.5302E+01
  2.831  0.1416E+01  0.5304E+01
  2.832  0.1418E+01  0.5305E+01
  2.833  0.1419E+01  0.5307E+01
  2.834  0.1421E+01  0.5308E+01
  2.835  0.1423E+01  0.5310E+01
  2.836  0.1425E+01  0.5311E+01
  2.837  0.1427E+01  0.5312E+01
  2.838  0.1429E+01  0.5314E+01
  2.839  0.1431E+01  0.5315E+01
  2.840  0.1434E+01  0.5317E+01
  2.841  0.1438E+01  0.5318E+01
  2.842  0.1442E+01  0.5320E+01
  2.843  0.1447E+01  0.5321E+01
  2.844  0.1485E+01  0.5323E+01
  2.845  0.1488E+01  0.5324E+01
  2.846  0.1491E+01  0.5326E+01
  2.847  0.1492E+01  0.5327E+01
  2.848  0.1494E+01  0.5328E+01
  2.849  0.1497E+01  0.5330E+01
  2.850  0.1499E+01  0.5331E+01
  2.851  0.1502E+01  0.5333E+01
  2.852  0.1506E+01  0.5334E+01
  2.853  0.1509E+01  0.5336E+01
  2.854  0.1513E+01  0.5338E+01
  2.855  0.1517E+01  0.5339E+01
  2.856  0.1521E+01  0.5341E+01
  2.857  0.1526E+01  0.5342E+01
  2.858  0.1533E+01  0.5344E+01
  2.859  0.1542E+01  0.5345E+01
  2.860  0.1549E+01  0.5347E+01
  2.861  0.1556E+01  0.5348E+01
  2.862  0.1562E+01  0.5350E+01
  2.863  0.1566E+01  0.5351E+01
  2.864  0.1570E+01  0.5353E+01
  2.865  0.1573E+01  0.5355E+01
  2.866  0.1575E+01  0.5356E+01
  2.867  0.1577E+01  0.5358E+01
  2.868  0.1577E+01  0.5359E+01
  2.869  0.1577E+01  0.5361E+01
  2.870  0.1576E+01  0.5362E+01
  2.871  0.1575E+01  0.5364E+01
  2.872  0.1574E+01  0.5366E+01
  2.873  0.1573E+01  0.5367E+01
  2.874  0.1572E+01  0.5369E+01
  2.875  0.1571E+01  0.5370E+01
  2.876  0.1569E+01  0.5372E+01
  2.877  0.1568E+01  0.5373E+01
  2.878  0.1566E+01  0.5375E+01
  2.879  0.1564E+01  0.5377E+01
  2.880  0.1562E+01  0.5378E+01
  2.881  0.1559E+01  0.5380E+01
  2.882  0.1558E+01  0.5381E+01
  2.883  0.1557E+01  0.5383E+01
  2.884  0.1556E+01  0.5384E+01
  2.885  0.1555E+01  0.5386E+01
  2.886  0.1554E+01  0.5387E+01
  2.887  0.1552E+01  0.5389E+01
  2.888  0.1550E+01  0.5391E+01
  2.889  0.1548E+01  0.5392E+01
  2.890  0.1545E+01  0.5394E+01
  2.891  0.1542E+01  0.5395E+01
  2.892  0.1541E+01  0.5397E+01
  2.893  0.1541E+01  0.5398E+01
  2.894  0.1543E+01  0.5400E+01
  2.895  0.1546E+01  0.5401E+01
  2.896  0.1550E+01  0.5403E+01
  2.897  0.1554E+01  0.5404E+01
  2.898  0.1556E+01  0.5406E+01
  2.899  0.1555E+01  0.5408E+01
  2.900  0.1552E+01  0.5409E+01
  2.901  0.1550E+01  0.5411E+01
  2.902  0.1548E+01  0.5412E+01
  2.903  0.1546E+01  0.5414E+01
  2.904  0.1544E+01  0.5415E+01
  2.905  0.1542E+01  0.5417E+01
  2.906  0.1540E+01  0.5418E+01
  2.907  0.1538E+01  0.5420E+01
  2.908  0.1537E+01  0.5421E+01
  2.909  0.1535E+01  0.5423E+01
  2.910  0.1534E+01  0.5425E+01
  2.911  0.1532E+01  0.5426E+01
  2.912  0.1531E+01  0.5428E+01
  2.913  0.1530E+01  0.5429E+01
  2.914  0.1529E+01  0.5431E+01
  2.915  0.1528E+01  0.5432E+01
  2.916  0.1528E+01  0.5434E+01
  2.917  0.1527E+01  0.5435E+01
  2.918  0.1526E+01  0.5437E+01
  2.919  0.1526E+01  0.5438E+01
  2.920  0.1513E+01  0.5440E+01
  2.921  0.1508E+01  0.5441E+01
  2.922  0.1508E+01  0.5443E+01
  2.923  0.1507E+01  0.5444E+01
  2.924  0.1506E+01  0.5446E+01
  2.925  0.1506E+01  0.5447E+01
  2.926  0.1505E+01  0.5449E+01
  2.927  0.1505E+01  0.5450E+01
  2.928  0.1505E+01  0.5452E+01
  2.929  0.1504E+01  0.5453E+01
  2.930  0.1504E+01  0.5455E+01
  2.931  0.1503E+01  0.5456E+01
  2.932  0.1503E+01  0.5458E+01
  2.933  0.1503E+01  0.5459E+01
  2.934  0.1502E+01  0.5461E+01
  2.935  0.1502E+01  0.5462E+01
  2.936  0.1501E+01  0.5464E+01
  2.937  0.1501E+01  0.5465E+01
  2.938  0.1501E+01  0.5467E+01
  2.939  0.1500E+01  0.5468E+01
  2.940  0.1500E+01  0.5470E+01
  2.941  0.1499E+01  0.5471E+01
  2.942  0.1499E+01  0.5473E+01
  2.943  0.1499E+01  0.5474E+01
  2.944  0.1499E+01  0.5476E+01
  2.945  0.1501E+01  0.5477E+01
  2.946  0.1502E+01  0.5479E+01
  2.947  0.1504E+01  0.5480E+01
  2.948  0.1506E+01  0.5482E+01
  2.949  0.1507E+01  0.5483E+01
  2.950  0.1509E+01  0.5485E+01
  2.951  0.1511E+01  0.5486E+01
  2.952  0.1512E+01  0.5488E+01
  2.953  0.1513E+01  0.5489E+01
  2.954  0.1515E+01  0.5491E+01
  2.955  0.1516E+01  0.5492E+01
  2.956  0.1517E+01  0.5494E+01
  2.957  0.1518E+01  0.5496E+01
  2.958  0.1519E+01  0.5497E+01
  2.959  0.1520E+01  0.5499E+01
  2.960  0.1521E+01  0.5500E+01
  2.961  0.1522E+01  0.5502E+01
  2.962  0.1523E+01  0.5503E+01
  2.963  0.1524E+01  0.5505E+01
  2.964  0.1524E+01  0.5506E+01
  2.965  0.1525E+01  0.5508E+01
  2.966  0.1525E+01  0.5509E+01
  2.967  0.1522E+01  0.5511E+01
  2.968  0.1516E+01  0.5512E+01
  2.969  0.1511E+01  0.5514E+01
  2.970  0.1507E+01  0.5515E+01
  2.971  0.1503E+01  0.5517E+01
  2.972  0.1499E+01  0.5518E+01
  2.973  0.1497E+01  0.5520E+01
  2.974  0.1495E+01  0.5521E+01
  2.975  0.1493E+01  0.5523E+01
  2.976  0.1492E+01  0.5524E+01
  2.977  0.1491E+01  0.5526E+01
  2.978  0.1491E+01  0.5527E+01
  2.979  0.1490E+01  0.5529E+01
  2.980  0.1489E+01  0.5530E+01
  2.981  0.1488E+01  0.5532E+01
  2.982  0.1488E+01  0.5533E+01
  2.983  0.1487E+01  0.5535E+01
  2.984  0.1487E+01  0.5536E+01
  2.985  0.1486E+01  0.5538E+01
  2.986  0.1486E+01  0.5539E+01
  2.987  0.1485E+01  0.5541E+01
  2.988  0.1485E+01  0.5542E+01
  2.989  0.1485E+01  0.5544E+01
  2.990  0.1484E+01  0.5545E+01
  2.991  0.1484E+01  0.5547E+01
  2.992  0.1484E+01  0.5548E+01
  2.993  0.1483E+01  0.5550E+01
  2.994  0.1483E+01  0.5551E+01
  2.995  0.1483E+01  0.5552E+01
  2.996  0.1482E+01  0.5554E+01
  2.997  0.1482E+01  0.5555E+01
  2.998  0.1482E+01  0.5557E+01
  2.999  0.1482E+01  0.5558E+01
  3.000  0.1481E+01  0.5560E+01
  3.001  0.1481E+01  0.5561E+01
  3.002  0.1481E+01  0.5563E+01
  3.003  0.1480E+01  0.5564E+01
  3.004  0.1480E+01  0.5566E+01
  3.005  0.1480E+01  0.5567E+01
  3.006  0.1480E+01  0.5569E+01
  3.007  0.1479E+01  0.5570E+01
  3.008  0.1479E+01  0.5572E+01
  3.009  0.1479E+01  0.5573E+01
  3.010  0.1479E+01  0.5575E+01
  3.011  0.1478E+01  0.5576E+01
  3.012  0.1478E+01  0.5578E+01
  3.013  0.1478E+01  0.5579E+01
  3.014  0.1478E+01  0.5581E+01
  3.015  0.1477E+01  0.5582E+01
  3.016  0.1477E+01  0.5584E+01
  3.017  0.1477E+01  0.5585E+01
  3.018  0.1474E+01  0.5587E+01
  3.019  0.1474E+01  0.5588E+01
  3.020  0.1473E+01  0.5589E+01
  3.021  0.1473E+01  0.5591E+01
  3.022  0.1473E+01  0.5592E+01
  3.023  0.1473E+01  0.5594E+01
  3.024  0.1472E+01  0.5595E+01
  3.025  0.1472E+01  0.5597E+01
  3.026  0.1472E+01  0.5598E+01
  3.027  0.1472E+01  0.5600E+01
  3.028  0.1472E+01  0.5601E+01
  3.029  0.1471E+01  0.5603E+01
  3.030  0.1471E+01  0.5604E+01
  3.031  0.1471E+01  0.5606E+01
  3.032  0.1471E+01  0.5607E+01
  3.033  0.1471E+01  0.5609E+01
  3.034  0.1470E+01  0.5610E+01
  3.035  0.1470E+01  0.5612E+01
  3.036  0.1470E+01  0.5613E+01
  3.037  0.1470E+01  0.5614E+01
  3.038  0.1469E+01  0.5616E+01
  3.039  0.1469E+01  0.5617E+01
  3.040  0.1469E+01  0.5619E+01
  3.041  0.1469E+01  0.5620E+01
  3.042  0.1468E+01  0.5622E+01
  3.043  0.1468E+01  0.5623E+01
  3.044  0.1468E+01  0.5625E+01
  3.045  0.1468E+01  0.5626E+01
  3.046  0.1467E+01  0.5628E+01
  3.047  0.1467E+01  0.5629E+01
  3.048  0.1467E+01  0.5631E+01
  3.049  0.1467E+01  0.5632E+01
  3.050  0.1467E+01  0.5634E+01
  3.051  0.1466E+01  0.5635E+01
  3.052  0.1467E+01  0.5636E+01
  3.053  0.1467E+01  0.5638E+01
  3.054  0.1467E+01  0.5639E+01
  3.055  0.1467E+01  0.5641E+01
  3.056  0.1467E+01  0.5642E+01
  3.057  0.1466E+01  0.5644E+01
  3.058  0.1466E+01  0.5645E+01
  3.059  0.1466E+01  0.5647E+01
  3.060  0.1466E+01  0.5648E+01
  3.061  0.1466E+01  0.5650E+01
  3.062  0.1466E+01  0.5651E+01
  3.063  0.1467E+01  0.5653E+01
  3.064  0.1467E+01  0.5654E+01
  3.065  0.1467E+01  0.5656E+01
  3.066  0.1467E+01  0.5657E+01
  3.067  0.1467E+01  0.5658E+01
  3.068  0.1467E+01  0.5660E+01
  3.069  0.1467E+01  0.5661E+01
  3.070  0.1467E+01  0.5663E+01
  3.071  0.1467E+01  0.5664E+01
  3.072  0.1467E+01  0.5666E+01
  3.073  0.1467E+01  0.5667E+01
  3.074  0.1467E+01  0.5669E+01
  3.075  0.1467E+01  0.5670E+01
  3.076  0.1467E+01  0.5672E+01
  3.077  0.1467E+01  0.5673E+01
  3.078  0.1469E+01  0.5675E+01
  3.079  0.1471E+01  0.5676E+01
  3.080  0.1472E+01  0.5678E+01
  3.081  0.1478E+01  0.5679E+01
  3.082  0.1482E+01  0.5681E+01
  3.083  0.1488E+01  0.5682E+01
  3.084  0.1493E+01  0.5684E+01
  3.085  0.1495E+01  0.5685E+01
  3.086  0.1496E+01  0.5686E+01
  3.087  0.1495E+01  0.5688E+01
  3.088  0.1492E+01  0.5689E+01
  3.089  0.1487E+01  0.5691E+01
  3.090  0.1481E+01  0.5692E+01
  3.091  0.1472E+01  0.5694E+01
  3.092  0.1465E+01  0.5695E+01
  3.093  0.1464E+01  0.5697E+01
  3.094  0.1463E+01  0.5698E+01
  3.095  0.1463E+01  0.5700E+01
  3.096  0.1462E+01  0.5701E+01
  3.097  0.1462E+01  0.5703E+01
  3.098  0.1461E+01  0.5704E+01
  3.099  0.1460E+01  0.5706E+01
  3.100  0.1460E+01  0.5707E+01
  3.101  0.1459E+01  0.5709E+01
  3.102  0.1459E+01  0.5710E+01
  3.103  0.1458E+01  0.5711E+01
  3.104  0.1458E+01  0.5713E+01
  3.105  0.1457E+01  0.5714E+01
  3.106  0.1456E+01  0.5716E+01
  3.107  0.1456E+01  0.5717E+01
  3.108  0.1456E+01  0.5719E+01
  3.109  0.1455E+01  0.5720E+01
  3.110  0.1455E+01  0.5722E+01
  3.111  0.1454E+01  0.5723E+01
  3.112  0.1454E+01  0.5725E+01
  3.113  0.1453E+01  0.5726E+01
  3.114  0.1452E+01  0.5727E+01
  3.115  0.1452E+01  0.5729E+01
  3.116  0.1451E+01  0.5730E+01
  3.117  0.1451E+01  0.5732E+01
  3.118  0.1450E+01  0.5733E+01
  3.119  0.1449E+01  0.5735E+01
  3.120  0.1449E+01  0.5736E+01
  3.121  0.1448E+01  0.5738E+01
  3.122  0.1448E+01  0.5739E+01
  3.123  0.1447E+01  0.5741E+01
  3.124  0.1447E+01  0.5742E+01
  3.125  0.1446E+01  0.5743E+01
  3.126  0.1446E+01  0.5745E+01
  3.127  0.1445E+01  0.5746E+01
  3.128  0.1445E+01  0.5748E+01
  3.129  0.1445E+01  0.5749E+01
  3.130  0.1444E+01  0.5751E+01
  3.131  0.1444E+01  0.5752E+01
  3.132  0.1443E+01  0.5754E+01
  3.133  0.1443E+01  0.5755E+01
  3.134  0.1443E+01  0.5756E+01
  3.135  0.1442E+01  0.5758E+01
  3.136  0.1442E+01  0.5759E+01
  3.137  0.1442E+01  0.5761E+01
  3.138  0.1441E+01  0.5762E+01
  3.139  0.1441E+01  0.5764E+01
  3.140  0.1441E+01  0.5765E+01
  3.141  0.1440E+01  0.5766E+01
  3.142  0.1440E+01  0.5768E+01
  3.143  0.1440E+01  0.5769E+01
  3.144  0.1439E+01  0.5771E+01
  3.145  0.1439E+01  0.5772E+01
  3.146  0.1439E+01  0.5774E+01
  3.147  0.1439E+01  0.5775E+01
  3.148  0.1438E+01  0.5777E+01
  3.149  0.1438E+01  0.5778E+01
  3.150  0.1438E+01  0.5779E+01
  3.151  0.1437E+01  0.5781E+01
  3.152  0.1437E+01  0.5782E+01
  3.153  0.1437E+01  0.5784E+01
  3.154  0.1437E+01  0.5785E+01
  3.155  0.1436E+01  0.5787E+01
  3.156  0.1436E+01  0.5788E+01
  3.157  0.1436E+01  0.5789E+01
  3.158  0.1436E+01  0.5791E+01
  3.159  0.1435E+01  0.5792E+01
  3.160  0.1435E+01  0.5794E+01
  3.161  0.1435E+01  0.5795E+01
  3.162  0.1435E+01  0.5797E+01
  3.163  0.1434E+01  0.5798E+01
  3.164  0.1434E+01  0.5800E+01
  3.165  0.1434E+01  0.5801E+01
  3.166  0.1434E+01  0.5802E+01
  3.167  0.1434E+01  0.5804E+01
  3.168  0.1433E+01  0.5805E+01
  3.169  0.1433E+01  0.5807E+01
  3.170  0.1433E+01  0.5808E+01
  3.171  0.1433E+01  0.5810E+01
  3.172  0.1433E+01  0.5811E+01
  3.173  0.1432E+01  0.5812E+01
  3.174  0.1432E+01  0.5814E+01
  3.175  0.1432E+01  0.5815E+01
  3.176  0.1432E+01  0.5817E+01
  3.177  0.1432E+01  0.5818E+01
  3.178  0.1431E+01  0.5820E+01
  3.179  0.1431E+01  0.5821E+01
  3.180  0.1431E+01  0.5822E+01
  3.181  0.1431E+01  0.5824E+01
  3.182  0.1430E+01  0.5825E+01
  3.183  0.1430E+01  0.5827E+01
  3.184  0.1430E+01  0.5828E+01
  3.185  0.1430E+01  0.5830E+01
  3.186  0.1429E+01  0.5831E+01
  3.187  0.1429E+01  0.5832E+01
  3.188  0.1429E+01  0.5834E+01
  3.189  0.1428E+01  0.5835E+01
  3.190  0.1428E+01  0.5837E+01
  3.191  0.1428E+01  0.5838E+01
  3.192  0.1428E+01  0.5840E+01
  3.193  0.1427E+01  0.5841E+01
  3.194  0.1427E+01  0.5842E+01
  3.195  0.1426E+01  0.5844E+01
  3.196  0.1426E+01  0.5845E+01
  3.197  0.1426E+01  0.5847E+01
  3.198  0.1425E+01  0.5848E+01
  3.199  0.1425E+01  0.5850E+01
  3.200  0.1424E+01  0.5851E+01
  3.201  0.1424E+01  0.5852E+01
  3.202  0.1424E+01  0.5854E+01
  3.203  0.1423E+01  0.5855E+01
  3.204  0.1423E+01  0.5857E+01
  3.205  0.1423E+01  0.5858E+01
  3.206  0.1422E+01  0.5860E+01
  3.207  0.1422E+01  0.5861E+01
  3.208  0.1421E+01  0.5862E+01
  3.209  0.1421E+01  0.5864E+01
  3.210  0.1420E+01  0.5865E+01
  3.211  0.1420E+01  0.5867E+01
  3.212  0.1420E+01  0.5868E+01
  3.213  0.1419E+01  0.5869E+01
  3.214  0.1419E+01  0.5871E+01
  3.215  0.1418E+01  0.5872E+01
  3.216  0.1418E+01  0.5874E+01
  3.217  0.1417E+01  0.5875E+01
  3.218  0.1417E+01  0.5877E+01
  3.219  0.1416E+01  0.5878E+01
  3.220  0.1416E+01  0.5879E+01
  3.221  0.1416E+01  0.5881E+01
  3.222  0.1415E+01  0.5882E+01
  3.223  0.1415E+01  0.5884E+01
  3.224  0.1415E+01  0.5885E+01
  3.225  0.1415E+01  0.5886E+01
  3.226  0.1415E+01  0.5888E+01
  3.227  0.1414E+01  0.5889E+01
  3.228  0.1414E+01  0.5891E+01
  3.229  0.1414E+01  0.5892E+01
  3.230  0.1414E+01  0.5894E+01
  3.231  0.1414E+01  0.5895E+01
  3.232  0.1414E+01  0.5896E+01
  3.233  0.1415E+01  0.5898E+01
  3.234  0.1415E+01  0.5899E+01
  3.235  0.1415E+01  0.5901E+01
  3.236  0.1415E+01  0.5902E+01
  3.237  0.1416E+01  0.5903E+01
  3.238  0.1416E+01  0.5905E+01
  3.239  0.1416E+01  0.5906E+01
  3.240  0.1417E+01  0.5908E+01
  3.241  0.1417E+01  0.5909E+01
  3.242  0.1418E+01  0.5911E+01
  3.243  0.1418E+01  0.5912E+01
  3.244  0.1420E+01  0.5913E+01
  3.245  0.1421E+01  0.5915E+01
  3.246  0.1423E+01  0.5916E+01
  3.247  0.1425E+01  0.5918E+01
  3.248  0.1428E+01  0.5919E+01
  3.249  0.1431E+01  0.5921E+01
  3.250  0.1434E+01  0.5922E+01
  3.251  0.1438E+01  0.5923E+01
  3.252  0.1438E+01  0.5925E+01
  3.253  0.1432E+01  0.5926E+01
  3.254  0.1427E+01  0.5928E+01
  3.255  0.1423E+01  0.5929E+01
  3.256  0.1420E+01  0.5931E+01
  3.257  0.1417E+01  0.5932E+01
  3.258  0.1416E+01  0.5933E+01
  3.259  0.1415E+01  0.5935E+01
  3.260  0.1415E+01  0.5936E+01
  3.261  0.1415E+01  0.5938E+01
  3.262  0.1414E+01  0.5939E+01
  3.263  0.1414E+01  0.5940E+01
  3.264  0.1414E+01  0.5942E+01
  3.265  0.1414E+01  0.5943E+01
  3.266  0.1413E+01  0.5945E+01
  3.267  0.1413E+01  0.5946E+01
  3.268  0.1413E+01  0.5948E+01
  3.269  0.1413E+01  0.5949E+01
  3.270  0.1412E+01  0.5950E+01
  3.271  0.1412E+01  0.5952E+01
  3.272  0.1412E+01  0.5953E+01
  3.273  0.1412E+01  0.5955E+01
  3.274  0.1412E+01  0.5956E+01
  3.275  0.1411E+01  0.5957E+01
  3.276  0.1411E+01  0.5959E+01
  3.277  0.1411E+01  0.5960E+01
  3.278  0.1411E+01  0.5962E+01
  3.279  0.1411E+01  0.5963E+01
  3.280  0.1411E+01  0.5964E+01
  3.281  0.1411E+01  0.5966E+01
  3.282  0.1410E+01  0.5967E+01
  3.283  0.1410E+01  0.5969E+01
  3.284  0.1410E+01  0.5970E+01
  3.285  0.1410E+01  0.5971E+01
  3.286  0.1410E+01  0.5973E+01
  3.287  0.1410E+01  0.5974E+01
  3.288  0.1410E+01  0.5976E+01
  3.289  0.1409E+01  0.5977E+01
  3.290  0.1408E+01  0.5979E+01
  3.291  0.1408E+01  0.5980E+01
  3.292  0.1407E+01  0.5981E+01
  3.293  0.1407E+01  0.5983E+01
  3.294  0.1406E+01  0.5984E+01
  3.295  0.1406E+01  0.5986E+01
  3.296  0.1405E+01  0.5987E+01
  3.297  0.1405E+01  0.5988E+01
  3.298  0.1405E+01  0.5990E+01
  3.299  0.1404E+01  0.5991E+01
  3.300  0.1404E+01  0.5993E+01
  3.301  0.1404E+01  0.5994E+01
  3.302  0.1403E+01  0.5995E+01
  3.303  0.1402E+01  0.5997E+01
  3.304  0.1402E+01  0.5998E+01
  3.305  0.1401E+01  0.6000E+01
  3.306  0.1401E+01  0.6001E+01
  3.307  0.1400E+01  0.6002E+01
  3.308  0.1400E+01  0.6004E+01
  3.309  0.1399E+01  0.6005E+01
  3.310  0.1399E+01  0.6007E+01
  3.311  0.1398E+01  0.6008E+01
  3.312  0.1398E+01  0.6009E+01
  3.313  0.1397E+01  0.6011E+01
  3.314  0.1397E+01  0.6012E+01
  3.315  0.1396E+01  0.6014E+01
  3.316  0.1395E+01  0.6015E+01
  3.317  0.1394E+01  0.6016E+01
  3.318  0.1391E+01  0.6018E+01
  3.319  0.1389E+01  0.6019E+01
  3.320  0.1388E+01  0.6021E+01
  3.321  0.1388E+01  0.6022E+01
  3.322  0.1388E+01  0.6023E+01
  3.323  0.1387E+01  0.6025E+01
  3.324  0.1387E+01  0.6026E+01
  3.325  0.1386E+01  0.6027E+01
  3.326  0.1386E+01  0.6029E+01
  3.327  0.1385E+01  0.6030E+01
  3.328  0.1385E+01  0.6032E+01
  3.329  0.1385E+01  0.6033E+01
  3.330  0.1384E+01  0.6034E+01
  3.331  0.1384E+01  0.6036E+01
  3.332  0.1383E+01  0.6037E+01
  3.333  0.1383E+01  0.6039E+01
  3.334  0.1382E+01  0.6040E+01
  3.335  0.1382E+01  0.6041E+01
  3.336  0.1382E+01  0.6043E+01
  3.337  0.1381E+01  0.6044E+01
  3.338  0.1381E+01  0.6045E+01
  3.339  0.1380E+01  0.6047E+01
  3.340  0.1380E+01  0.6048E+01
  3.341  0.1380E+01  0.6050E+01
  3.342  0.1379E+01  0.6051E+01
  3.343  0.1379E+01  0.6052E+01
  3.344  0.1378E+01  0.6054E+01
  3.345  0.1378E+01  0.6055E+01
  3.346  0.1378E+01  0.6057E+01
  3.347  0.1377E+01  0.6058E+01
  3.348  0.1377E+01  0.6059E+01
  3.349  0.1376E+01  0.6061E+01
  3.350  0.1376E+01  0.6062E+01
  3.351  0.1376E+01  0.6063E+01
  3.352  0.1375E+01  0.6065E+01
  3.353  0.1375E+01  0.6066E+01
  3.354  0.1375E+01  0.6068E+01
  3.355  0.1374E+01  0.6069E+01
  3.356  0.1374E+01  0.6070E+01
  3.357  0.1373E+01  0.6072E+01
  3.358  0.1373E+01  0.6073E+01
  3.359  0.1373E+01  0.6074E+01
  3.360  0.1372E+01  0.6076E+01
  3.361  0.1372E+01  0.6077E+01
  3.362  0.1371E+01  0.6078E+01
  3.363  0.1371E+01  0.6080E+01
  3.364  0.1370E+01  0.6081E+01
  3.365  0.1370E+01  0.6083E+01
  3.366  0.1370E+01  0.6084E+01
  3.367  0.1369E+01  0.6085E+01
  3.368  0.1369E+01  0.6087E+01
  3.369  0.1368E+01  0.6088E+01
  3.370  0.1368E+01  0.6089E+01
  3.371  0.1367E+01  0.6091E+01
  3.372  0.1367E+01  0.6092E+01
  3.373  0.1366E+01  0.6094E+01
  3.374  0.1366E+01  0.6095E+01
  3.375  0.1365E+01  0.6096E+01
  3.376  0.1365E+01  0.6098E+01
  3.377  0.1364E+01  0.6099E+01
  3.378  0.1364E+01  0.6100E+01
  3.379  0.1363E+01  0.6102E+01
  3.380  0.1363E+01  0.6103E+01
  3.381  0.1362E+01  0.6104E+01
  3.382  0.1362E+01  0.6106E+01
  3.383  0.1361E+01  0.6107E+01
  3.384  0.1361E+01  0.6109E+01
  3.385  0.1361E+01  0.6110E+01
  3.386  0.1360E+01  0.6111E+01
  3.387  0.1360E+01  0.6113E+01
  3.388  0.1359E+01  0.6114E+01
  3.389  0.1359E+01  0.6115E+01
  3.390  0.1358E+01  0.6117E+01
  3.391  0.1358E+01  0.6118E+01
  3.392  0.1357E+01  0.6119E+01
  3.393  0.1357E+01  0.6121E+01
  3.394  0.1357E+01  0.6122E+01
  3.395  0.1356E+01  0.6123E+01
  3.396  0.1356E+01  0.6125E+01
  3.397  0.1356E+01  0.6126E+01
  3.398  0.1355E+01  0.6128E+01
  3.399  0.1355E+01  0.6129E+01
  3.400  0.1355E+01  0.6130E+01
  3.401  0.1355E+01  0.6132E+01
  3.402  0.1354E+01  0.6133E+01
  3.403  0.1354E+01  0.6134E+01
  3.404  0.1354E+01  0.6136E+01
  3.405  0.1354E+01  0.6137E+01
  3.406  0.1354E+01  0.6138E+01
  3.407  0.1353E+01  0.6140E+01
  3.408  0.1353E+01  0.6141E+01
  3.409  0.1353E+01  0.6142E+01
  3.410  0.1353E+01  0.6144E+01
  3.411  0.1353E+01  0.6145E+01
  3.412  0.1352E+01  0.6147E+01
  3.413  0.1352E+01  0.6148E+01
  3.414  0.1352E+01  0.6149E+01
  3.415  0.1352E+01  0.6151E+01
  3.416  0.1352E+01  0.6152E+01
  3.417  0.1352E+01  0.6153E+01
  3.418  0.1351E+01  0.6155E+01
  3.419  0.1351E+01  0.6156E+01
  3.420  0.1351E+01  0.6157E+01
  3.421  0.1351E+01  0.6159E+01
  3.422  0.1351E+01  0.6160E+01
  3.423  0.1351E+01  0.6161E+01
  3.424  0.1351E+01  0.6163E+01
  3.425  0.1351E+01  0.6164E+01
  3.426  0.1350E+01  0.6165E+01
  3.427  0.1350E+01  0.6167E+01
  3.428  0.1350E+01  0.6168E+01
  3.429  0.1350E+01  0.6169E+01
  3.430  0.1350E+01  0.6171E+01
  3.431  0.1350E+01  0.6172E+01
  3.432  0.1350E+01  0.6174E+01
  3.433  0.1350E+01  0.6175E+01
  3.434  0.1350E+01  0.6176E+01
  3.435  0.1350E+01  0.6178E+01
  3.436  0.1351E+01  0.6179E+01
  3.437  0.1351E+01  0.6180E+01
  3.438  0.1351E+01  0.6182E+01
  3.439  0.1351E+01  0.6183E+01
  3.440  0.1351E+01  0.6184E+01
  3.441  0.1351E+01  0.6186E+01
  3.442  0.1351E+01  0.6187E+01
  3.443  0.1352E+01  0.6188E+01
  3.444  0.1352E+01  0.6190E+01
  3.445  0.1352E+01  0.6191E+01
  3.446  0.1352E+01  0.6192E+01
  3.447  0.1353E+01  0.6194E+01
  3.448  0.1353E+01  0.6195E+01
  3.449  0.1353E+01  0.6197E+01
  3.450  0.1353E+01  0.6198E+01
  3.451  0.1354E+01  0.6199E+01
  3.452  0.1354E+01  0.6201E+01
  3.453  0.1355E+01  0.6202E+01
  3.454  0.1353E+01  0.6203E+01
  3.455  0.1349E+01  0.6205E+01
  3.456  0.1346E+01  0.6206E+01
  3.457  0.1345E+01  0.6207E+01
  3.458  0.1345E+01  0.6209E+01
  3.459  0.1344E+01  0.6210E+01
  3.460  0.1344E+01  0.6211E+01
  3.461  0.1344E+01  0.6213E+01
  3.462  0.1344E+01  0.6214E+01
  3.463  0.1343E+01  0.6215E+01
  3.464  0.1343E+01  0.6217E+01
  3.465  0.1343E+01  0.6218E+01
  3.466  0.1343E+01  0.6219E+01
  3.467  0.1343E+01  0.6221E+01
  3.468  0.1342E+01  0.6222E+01
  3.469  0.1342E+01  0.6223E+01
  3.470  0.1342E+01  0.6225E+01
  3.471  0.1342E+01  0.6226E+01
  3.472  0.1342E+01  0.6227E+01
  3.473  0.1342E+01  0.6229E+01
  3.474  0.1342E+01  0.6230E+01
  3.475  0.1342E+01  0.6231E+01
  3.476  0.1342E+01  0.6233E+01
  3.477  0.1342E+01  0.6234E+01
  3.478  0.1342E+01  0.6236E+01
  3.479  0.1342E+01  0.6237E+01
  3.480  0.1342E+01  0.6238E+01
  3.481  0.1342E+01  0.6240E+01
  3.482  0.1342E+01  0.6241E+01
  3.483  0.1342E+01  0.6242E+01
  3.484  0.1342E+01  0.6244E+01
  3.485  0.1342E+01  0.6245E+01
  3.486  0.1342E+01  0.6246E+01
  3.487  0.1342E+01  0.6248E+01
  3.488  0.1342E+01  0.6249E+01
  3.489  0.1343E+01  0.6250E+01
  3.490  0.1343E+01  0.6252E+01
  3.491  0.1343E+01  0.6253E+01
  3.492  0.1343E+01  0.6254E+01
  3.493  0.1340E+01  0.6256E+01
  3.494  0.1339E+01  0.6257E+01
  3.495  0.1339E+01  0.6258E+01
  3.496  0.1339E+01  0.6260E+01
  3.497  0.1339E+01  0.6261E+01
  3.498  0.1339E+01  0.6262E+01
  3.499  0.1338E+01  0.6264E+01
  3.500  0.1338E+01  0.6265E+01
  3.501  0.1338E+01  0.6266E+01
  3.502  0.1338E+01  0.6268E+01
  3.503  0.1338E+01  0.6269E+01
  3.504  0.1337E+01  0.6270E+01
  3.505  0.1337E+01  0.6272E+01
  3.506  0.1337E+01  0.6273E+01
  3.507  0.1337E+01  0.6274E+01
  3.508  0.1337E+01  0.6276E+01
  3.509  0.1336E+01  0.6277E+01
  3.510  0.1336E+01  0.6278E+01
  3.511  0.1336E+01  0.6280E+01
  3.512  0.1336E+01  0.6281E+01
  3.513  0.1336E+01  0.6282E+01
  3.514  0.1336E+01  0.6284E+01
  3.515  0.1335E+01  0.6285E+01
  3.516  0.1335E+01  0.6286E+01
  3.517  0.1335E+01  0.6288E+01
  3.518  0.1335E+01  0.6289E+01
  3.519  0.1335E+01  0.6290E+01
  3.520  0.1334E+01  0.6292E+01
  3.521  0.1334E+01  0.6293E+01
  3.522  0.1334E+01  0.6294E+01
  3.523  0.1334E+01  0.6296E+01
  3.524  0.1334E+01  0.6297E+01
  3.525  0.1333E+01  0.6298E+01
  3.526  0.1333E+01  0.6300E+01
  3.527  0.1333E+01  0.6301E+01
  3.528  0.1333E+01  0.6302E+01
  3.529  0.1333E+01  0.6304E+01
  3.530  0.1332E+01  0.6305E+01
  3.531  0.1332E+01  0.6306E+01
  3.532  0.1332E+01  0.6308E+01
  3.533  0.1332E+01  0.6309E+01
  3.534  0.1332E+01  0.6310E+01
  3.535  0.1331E+01  0.6312E+01
  3.536  0.1331E+01  0.6313E+01
  3.537  0.1331E+01  0.6314E+01
  3.538  0.1331E+01  0.6316E+01
  3.539  0.1331E+01  0.6317E+01
  3.540  0.1330E+01  0.6318E+01
  3.541  0.1330E+01  0.6320E+01
  3.542  0.1330E+01  0.6321E+01
  3.543  0.1330E+01  0.6322E+01
  3.544  0.1330E+01  0.6324E+01
  3.545  0.1330E+01  0.6325E+01
  3.546  0.1329E+01  0.6326E+01
  3.547  0.1329E+01  0.6328E+01
  3.548  0.1329E+01  0.6329E+01
  3.549  0.1329E+01  0.6330E+01
  3.550  0.1329E+01  0.6332E+01
  3.551  0.1328E+01  0.6333E+01
  3.552  0.1328E+01  0.6334E+01
  3.553  0.1328E+01  0.6336E+01
  3.554  0.1328E+01  0.6337E+01
  3.555  0.1328E+01  0.6338E+01
  3.556  0.1327E+01  0.6340E+01
  3.557  0.1327E+01  0.6341E+01
  3.558  0.1327E+01  0.6342E+01
  3.559  0.1327E+01  0.6344E+01
  3.560  0.1327E+01  0.6345E+01
  3.561  0.1327E+01  0.6346E+01
  3.562  0.1326E+01  0.6348E+01
  3.563  0.1326E+01  0.6349E+01
  3.564  0.1326E+01  0.6350E+01
  3.565  0.1326E+01  0.6352E+01
  3.566  0.1326E+01  0.6353E+01
  3.567  0.1325E+01  0.6354E+01
  3.568  0.1325E+01  0.6356E+01
  3.569  0.1325E+01  0.6357E+01
  3.570  0.1325E+01  0.6358E+01
  3.571  0.1325E+01  0.6360E+01
  3.572  0.1324E+01  0.6361E+01
  3.573  0.1324E+01  0.6362E+01
  3.574  0.1324E+01  0.6363E+01
  3.575  0.1324E+01  0.6365E+01
  3.576  0.1323E+01  0.6366E+01
  3.577  0.1323E+01  0.6367E+01
  3.578  0.1322E+01  0.6369E+01
  3.579  0.1322E+01  0.6370E+01
  3.580  0.1322E+01  0.6371E+01
  3.581  0.1321E+01  0.6373E+01
  3.582  0.1321E+01  0.6374E+01
  3.583  0.1320E+01  0.6375E+01
  3.584  0.1320E+01  0.6377E+01
  3.585  0.1320E+01  0.6378E+01
  3.586  0.1319E+01  0.6379E+01
  3.587  0.1319E+01  0.6381E+01
  3.588  0.1318E+01  0.6382E+01
  3.589  0.1318E+01  0.6383E+01
  3.590  0.1317E+01  0.6385E+01
  3.591  0.1317E+01  0.6386E+01
  3.592  0.1316E+01  0.6387E+01
  3.593  0.1316E+01  0.6389E+01
  3.594  0.1316E+01  0.6390E+01
  3.595  0.1315E+01  0.6391E+01
  3.596  0.1315E+01  0.6393E+01
  3.597  0.1315E+01  0.6394E+01
  3.598  0.1314E+01  0.6395E+01
  3.599  0.1314E+01  0.6396E+01
  3.600  0.1314E+01  0.6398E+01
  3.601  0.1313E+01  0.6399E+01
  3.602  0.1313E+01  0.6400E+01
  3.603  0.1313E+01  0.6402E+01
  3.604  0.1312E+01  0.6403E+01
  3.605  0.1312E+01  0.6404E+01
  3.606  0.1312E+01  0.6406E+01
  3.607  0.1311E+01  0.6407E+01
  3.608  0.1311E+01  0.6408E+01
  3.609  0.1311E+01  0.6410E+01
  3.610  0.1310E+01  0.6411E+01
  3.611  0.1310E+01  0.6412E+01
  3.612  0.1310E+01  0.6414E+01
  3.613  0.1309E+01  0.6415E+01
  3.614  0.1309E+01  0.6416E+01
  3.615  0.1309E+01  0.6417E+01
  3.616  0.1308E+01  0.6419E+01
  3.617  0.1308E+01  0.6420E+01
  3.618  0.1308E+01  0.6421E+01
  3.619  0.1307E+01  0.6423E+01
  3.620  0.1307E+01  0.6424E+01
  3.621  0.1307E+01  0.6425E+01
  3.622  0.1307E+01  0.6427E+01
  3.623  0.1306E+01  0.6428E+01
  3.624  0.1306E+01  0.6429E+01
  3.625  0.1306E+01  0.6431E+01
  3.626  0.1305E+01  0.6432E+01
  3.627  0.1305E+01  0.6433E+01
  3.628  0.1305E+01  0.6434E+01
  3.629  0.1304E+01  0.6436E+01
  3.630  0.1304E+01  0.6437E+01
  3.631  0.1304E+01  0.6438E+01
  3.632  0.1303E+01  0.6440E+01
  3.633  0.1303E+01  0.6441E+01
  3.634  0.1303E+01  0.6442E+01
  3.635  0.1302E+01  0.6444E+01
  3.636  0.1302E+01  0.6445E+01
  3.637  0.1302E+01  0.6446E+01
  3.638  0.1301E+01  0.6447E+01
  3.639  0.1301E+01  0.6449E+01
  3.640  0.1301E+01  0.6450E+01
  3.641  0.1300E+01  0.6451E+01
  3.642  0.1300E+01  0.6453E+01
  3.643  0.1300E+01  0.6454E+01
  3.644  0.1300E+01  0.6455E+01
  3.645  0.1299E+01  0.6457E+01
  3.646  0.1299E+01  0.6458E+01
  3.647  0.1299E+01  0.6459E+01
  3.648  0.1298E+01  0.6460E+01
  3.649  0.1298E+01  0.6462E+01
  3.650  0.1297E+01  0.6463E+01
  3.651  0.1297E+01  0.6464E+01
  3.652  0.1297E+01  0.6466E+01
  3.653  0.1296E+01  0.6467E+01
  3.654  0.1296E+01  0.6468E+01
  3.655  0.1295E+01  0.6470E+01
  3.656  0.1295E+01  0.6471E+01
  3.657  0.1294E+01  0.6472E+01
  3.658  0.1294E+01  0.6473E+01
  3.659  0.1294E+01  0.6475E+01
  3.660  0.1293E+01  0.6476E+01
  3.661  0.1293E+01  0.6477E+01
  3.662  0.1293E+01  0.6479E+01
  3.663  0.1292E+01  0.6480E+01
  3.664  0.1292E+01  0.6481E+01
  3.665  0.1292E+01  0.6482E+01
  3.666  0.1292E+01  0.6484E+01
  3.667  0.1292E+01  0.6485E+01
  3.668  0.1291E+01  0.6486E+01
  3.669  0.1291E+01  0.6488E+01
  3.670  0.1291E+01  0.6489E+01
  3.671  0.1291E+01  0.6490E+01
  3.672  0.1291E+01  0.6491E+01
  3.673  0.1291E+01  0.6493E+01
  3.674  0.1290E+01  0.6494E+01
  3.675  0.1290E+01  0.6495E+01
  3.676  0.1290E+01  0.6497E+01
  3.677  0.1290E+01  0.6498E+01
  3.678  0.1290E+01  0.6499E+01
  3.679  0.1290E+01  0.6501E+01
  3.680  0.1288E+01  0.6502E+01
  3.681  0.1286E+01  0.6503E+01
  3.682  0.1285E+01  0.6504E+01
  3.683  0.1284E+01  0.6506E+01
  3.684  0.1284E+01  0.6507E+01
  3.685  0.1284E+01  0.6508E+01
  3.686  0.1283E+01  0.6510E+01
  3.687  0.1283E+01  0.6511E+01
  3.688  0.1283E+01  0.6512E+01
  3.689  0.1282E+01  0.6513E+01
  3.690  0.1282E+01  0.6515E+01
  3.691  0.1282E+01  0.6516E+01
  3.692  0.1282E+01  0.6517E+01
  3.693  0.1281E+01  0.6518E+01
  3.694  0.1281E+01  0.6520E+01
  3.695  0.1281E+01  0.6521E+01
  3.696  0.1281E+01  0.6522E+01
  3.697  0.1280E+01  0.6524E+01
  3.698  0.1280E+01  0.6525E+01
  3.699  0.1280E+01  0.6526E+01
  3.700  0.1280E+01  0.6527E+01
  3.701  0.1280E+01  0.6529E+01
  3.702  0.1280E+01  0.6530E+01
  3.703  0.1279E+01  0.6531E+01
  3.704  0.1279E+01  0.6533E+01
  3.705  0.1279E+01  0.6534E+01
  3.706  0.1279E+01  0.6535E+01
  3.707  0.1278E+01  0.6536E+01
  3.708  0.1278E+01  0.6538E+01
  3.709  0.1278E+01  0.6539E+01
  3.710  0.1277E+01  0.6540E+01
  3.711  0.1277E+01  0.6542E+01
  3.712  0.1276E+01  0.6543E+01
  3.713  0.1276E+01  0.6544E+01
  3.714  0.1275E+01  0.6545E+01
  3.715  0.1275E+01  0.6547E+01
  3.716  0.1274E+01  0.6548E+01
  3.717  0.1274E+01  0.6549E+01
  3.718  0.1273E+01  0.6550E+01
  3.719  0.1273E+01  0.6552E+01
  3.720  0.1272E+01  0.6553E+01
  3.721  0.1272E+01  0.6554E+01
  3.722  0.1272E+01  0.6556E+01
  3.723  0.1272E+01  0.6557E+01
  3.724  0.1272E+01  0.6558E+01
  3.725  0.1271E+01  0.6559E+01
  3.726  0.1271E+01  0.6561E+01
  3.727  0.1271E+01  0.6562E+01
  3.728  0.1271E+01  0.6563E+01
  3.729  0.1271E+01  0.6564E+01
  3.730  0.1271E+01  0.6566E+01
  3.731  0.1271E+01  0.6567E+01
  3.732  0.1270E+01  0.6568E+01
  3.733  0.1270E+01  0.6570E+01
  3.734  0.1270E+01  0.6571E+01
  3.735  0.1270E+01  0.6572E+01
  3.736  0.1270E+01  0.6573E+01
  3.737  0.1270E+01  0.6575E+01
  3.738  0.1270E+01  0.6576E+01
  3.739  0.1270E+01  0.6577E+01
  3.740  0.1269E+01  0.6578E+01
  3.741  0.1269E+01  0.6580E+01
  3.742  0.1269E+01  0.6581E+01
  3.743  0.1269E+01  0.6582E+01
  3.744  0.1269E+01  0.6583E+01
  3.745  0.1269E+01  0.6585E+01
  3.746  0.1268E+01  0.6586E+01
  3.747  0.1268E+01  0.6587E+01
  3.748  0.1268E+01  0.6589E+01
  3.749  0.1268E+01  0.6590E+01
  3.750  0.1268E+01  0.6591E+01
  3.751  0.1268E+01  0.6592E+01
  3.752  0.1267E+01  0.6594E+01
  3.753  0.1267E+01  0.6595E+01
  3.754  0.1267E+01  0.6596E+01
  3.755  0.1267E+01  0.6597E+01
  3.756  0.1267E+01  0.6599E+01
  3.757  0.1267E+01  0.6600E+01
  3.758  0.1267E+01  0.6601E+01
  3.759  0.1266E+01  0.6602E+01
  3.760  0.1266E+01  0.6604E+01
  3.761  0.1266E+01  0.6605E+01
  3.762  0.1266E+01  0.6606E+01
  3.763  0.1266E+01  0.6608E+01
  3.764  0.1266E+01  0.6609E+01
  3.765  0.1265E+01  0.6610E+01
  3.766  0.1265E+01  0.6611E+01
  3.767  0.1265E+01  0.6613E+01
  3.768  0.1265E+01  0.6614E+01
  3.769  0.1265E+01  0.6615E+01
  3.770  0.1264E+01  0.6616E+01
  3.771  0.1264E+01  0.6618E+01
  3.772  0.1264E+01  0.6619E+01
  3.773  0.1264E+01  0.6620E+01
  3.774  0.1264E+01  0.6621E+01
  3.775  0.1263E+01  0.6623E+01
  3.776  0.1263E+01  0.6624E+01
  3.777  0.1263E+01  0.6625E+01
  3.778  0.1263E+01  0.6627E+01
  3.779  0.1263E+01  0.6628E+01
  3.780  0.1262E+01  0.6629E+01
  3.781  0.1262E+01  0.6630E+01
  3.782  0.1262E+01  0.6632E+01
  3.783  0.1262E+01  0.6633E+01
  3.784  0.1261E+01  0.6634E+01
  3.785  0.1261E+01  0.6635E+01
  3.786  0.1261E+01  0.6637E+01
  3.787  0.1260E+01  0.6638E+01
  3.788  0.1260E+01  0.6639E+01
  3.789  0.1260E+01  0.6640E+01
  3.790  0.1260E+01  0.6642E+01
  3.791  0.1259E+01  0.6643E+01
  3.792  0.1259E+01  0.6644E+01
  3.793  0.1259E+01  0.6645E+01
  3.794  0.1258E+01  0.6647E+01
  3.795  0.1258E+01  0.6648E+01
  3.796  0.1258E+01  0.6649E+01
  3.797  0.1257E+01  0.6650E+01
  3.798  0.1257E+01  0.6652E+01
  3.799  0.1256E+01  0.6653E+01
  3.800  0.1256E+01  0.6654E+01
  3.801  0.1255E+01  0.6655E+01
  3.802  0.1255E+01  0.6657E+01
  3.803  0.1254E+01  0.6658E+01
  3.804  0.1254E+01  0.6659E+01
  3.805  0.1253E+01  0.6661E+01
  3.806  0.1253E+01  0.6662E+01
  3.807  0.1253E+01  0.6663E+01
  3.808  0.1252E+01  0.6664E+01
  3.809  0.1252E+01  0.6666E+01
  3.810  0.1252E+01  0.6667E+01
  3.811  0.1251E+01  0.6668E+01
  3.812  0.1251E+01  0.6669E+01
  3.813  0.1251E+01  0.6671E+01
  3.814  0.1250E+01  0.6672E+01
  3.815  0.1250E+01  0.6673E+01
  3.816  0.1250E+01  0.6674E+01
  3.817  0.1249E+01  0.6676E+01
  3.818  0.1249E+01  0.6677E+01
  3.819  0.1249E+01  0.6678E+01
  3.820  0.1248E+01  0.6679E+01
  3.821  0.1248E+01  0.6681E+01
  3.822  0.1248E+01  0.6682E+01
  3.823  0.1247E+01  0.6683E+01
  3.824  0.1247E+01  0.6684E+01
  3.825  0.1247E+01  0.6686E+01
  3.826  0.1246E+01  0.6687E+01
  3.827  0.1246E+01  0.6688E+01
  3.828  0.1246E+01  0.6689E+01
  3.829  0.1245E+01  0.6690E+01
  3.830  0.1245E+01  0.6692E+01
  3.831  0.1245E+01  0.6693E+01
  3.832  0.1244E+01  0.6694E+01
  3.833  0.1244E+01  0.6695E+01
  3.834  0.1244E+01  0.6697E+01
  3.835  0.1243E+01  0.6698E+01
  3.836  0.1243E+01  0.6699E+01
  3.837  0.1243E+01  0.6700E+01
  3.838  0.1242E+01  0.6702E+01
  3.839  0.1242E+01  0.6703E+01
  3.840  0.1242E+01  0.6704E+01
  3.841  0.1241E+01  0.6705E+01
  3.842  0.1241E+01  0.6707E+01
  3.843  0.1241E+01  0.6708E+01
  3.844  0.1241E+01  0.6709E+01
  3.845  0.1240E+01  0.6710E+01
  3.846  0.1240E+01  0.6712E+01
  3.847  0.1240E+01  0.6713E+01
  3.848  0.1239E+01  0.6714E+01
  3.849  0.1239E+01  0.6715E+01
  3.850  0.1239E+01  0.6717E+01
  3.851  0.1238E+01  0.6718E+01
  3.852  0.1238E+01  0.6719E+01
  3.853  0.1238E+01  0.6720E+01
  3.854  0.1238E+01  0.6722E+01
  3.855  0.1237E+01  0.6723E+01
  3.856  0.1237E+01  0.6724E+01
  3.857  0.1237E+01  0.6725E+01
  3.858  0.1236E+01  0.6726E+01
  3.859  0.1236E+01  0.6728E+01
  3.860  0.1236E+01  0.6729E+01
  3.861  0.1236E+01  0.6730E+01
  3.862  0.1235E+01  0.6731E+01
  3.863  0.1235E+01  0.6733E+01
  3.864  0.1235E+01  0.6734E+01
  3.865  0.1235E+01  0.6735E+01
  3.866  0.1234E+01  0.6736E+01
  3.867  0.1234E+01  0.6738E+01
  3.868  0.1234E+01  0.6739E+01
  3.869  0.1234E+01  0.6740E+01
  3.870  0.1234E+01  0.6741E+01
  3.871  0.1233E+01  0.6743E+01
  3.872  0.1233E+01  0.6744E+01
  3.873  0.1233E+01  0.6745E+01
  3.874  0.1233E+01  0.6746E+01
  3.875  0.1233E+01  0.6747E+01
  3.876  0.1232E+01  0.6749E+01
  3.877  0.1232E+01  0.6750E+01
  3.878  0.1232E+01  0.6751E+01
  3.879  0.1232E+01  0.6752E+01
  3.880  0.1232E+01  0.6754E+01
  3.881  0.1231E+01  0.6755E+01
  3.882  0.1231E+01  0.6756E+01
  3.883  0.1231E+01  0.6757E+01
  3.884  0.1231E+01  0.6759E+01
  3.885  0.1231E+01  0.6760E+01
  3.886  0.1231E+01  0.6761E+01
  3.887  0.1230E+01  0.6762E+01
  3.888  0.1230E+01  0.6763E+01
  3.889  0.1230E+01  0.6765E+01
  3.890  0.1230E+01  0.6766E+01
  3.891  0.1230E+01  0.6767E+01
  3.892  0.1229E+01  0.6768E+01
  3.893  0.1229E+01  0.6770E+01
  3.894  0.1229E+01  0.6771E+01
  3.895  0.1229E+01  0.6772E+01
  3.896  0.1229E+01  0.6773E+01
  3.897  0.1228E+01  0.6775E+01
  3.898  0.1228E+01  0.6776E+01
  3.899  0.1228E+01  0.6777E+01
  3.900  0.1228E+01  0.6778E+01
  3.901  0.1228E+01  0.6779E+01
  3.902  0.1228E+01  0.6781E+01
  3.903  0.1228E+01  0.6782E+01
  3.904  0.1227E+01  0.6783E+01
  3.905  0.1227E+01  0.6784E+01
  3.906  0.1227E+01  0.6786E+01
  3.907  0.1227E+01  0.6787E+01
  3.908  0.1227E+01  0.6788E+01
  3.909  0.1227E+01  0.6789E+01
  3.910  0.1227E+01  0.6790E+01
  3.911  0.1226E+01  0.6792E+01
  3.912  0.1226E+01  0.6793E+01
  3.913  0.1226E+01  0.6794E+01
  3.914  0.1226E+01  0.6795E+01
  3.915  0.1226E+01  0.6797E+01
  3.916  0.1226E+01  0.6798E+01
  3.917  0.1225E+01  0.6799E+01
  3.918  0.1225E+01  0.6800E+01
  3.919  0.1224E+01  0.6802E+01
  3.920  0.1224E+01  0.6803E+01
  3.921  0.1224E+01  0.6804E+01
  3.922  0.1224E+01  0.6805E+01
  3.923  0.1223E+01  0.6806E+01
  3.924  0.1223E+01  0.6808E+01
  3.925  0.1223E+01  0.6809E+01
  3.926  0.1223E+01  0.6810E+01
  3.927  0.1223E+01  0.6811E+01
  3.928  0.1223E+01  0.6813E+01
  3.929  0.1223E+01  0.6814E+01
  3.930  0.1223E+01  0.6815E+01
  3.931  0.1223E+01  0.6816E+01
  3.932  0.1222E+01  0.6817E+01
  3.933  0.1222E+01  0.6819E+01
  3.934  0.1222E+01  0.6820E+01
  3.935  0.1222E+01  0.6821E+01
  3.936  0.1221E+01  0.6822E+01
  3.937  0.1221E+01  0.6824E+01
  3.938  0.1221E+01  0.6825E+01
  3.939  0.1220E+01  0.6826E+01
  3.940  0.1220E+01  0.6827E+01
  3.941  0.1219E+01  0.6828E+01
  3.942  0.1219E+01  0.6830E+01
  3.943  0.1218E+01  0.6831E+01
  3.944  0.1218E+01  0.6832E+01
  3.945  0.1217E+01  0.6833E+01
  3.946  0.1217E+01  0.6834E+01
  3.947  0.1216E+01  0.6836E+01
  3.948  0.1216E+01  0.6837E+01
  3.949  0.1215E+01  0.6838E+01
  3.950  0.1215E+01  0.6839E+01
  3.951  0.1214E+01  0.6841E+01
  3.952  0.1214E+01  0.6842E+01
  3.953  0.1214E+01  0.6843E+01
  3.954  0.1214E+01  0.6844E+01
  3.955  0.1213E+01  0.6845E+01
  3.956  0.1213E+01  0.6847E+01
  3.957  0.1213E+01  0.6848E+01
  3.958  0.1212E+01  0.6849E+01
  3.959  0.1212E+01  0.6850E+01
  3.960  0.1212E+01  0.6851E+01
  3.961  0.1212E+01  0.6853E+01
  3.962  0.1212E+01  0.6854E+01
  3.963  0.1211E+01  0.6855E+01
  3.964  0.1211E+01  0.6856E+01
  3.965  0.1211E+01  0.6858E+01
  3.966  0.1211E+01  0.6859E+01
  3.967  0.1211E+01  0.6860E+01
  3.968  0.1210E+01  0.6861E+01
  3.969  0.1210E+01  0.6862E+01
  3.970  0.1210E+01  0.6864E+01
  3.971  0.1210E+01  0.6865E+01
  3.972  0.1210E+01  0.6866E+01
  3.973  0.1210E+01  0.6867E+01
  3.974  0.1209E+01  0.6868E+01
  3.975  0.1209E+01  0.6870E+01
  3.976  0.1209E+01  0.6871E+01
  3.977  0.1209E+01  0.6872E+01
  3.978  0.1209E+01  0.6873E+01
  3.979  0.1209E+01  0.6874E+01
  3.980  0.1208E+01  0.6876E+01
  3.981  0.1208E+01  0.6877E+01
  3.982  0.1208E+01  0.6878E+01
  3.983  0.1208E+01  0.6879E+01
  3.984  0.1208E+01  0.6881E+01
  3.985  0.1207E+01  0.6882E+01
  3.986  0.1207E+01  0.6883E+01
  3.987  0.1206E+01  0.6884E+01
  3.988  0.1206E+01  0.6885E+01
  3.989  0.1206E+01  0.6887E+01
  3.990  0.1206E+01  0.6888E+01
  3.991  0.1206E+01  0.6889E+01
  3.992  0.1206E+01  0.6890E+01
  3.993  0.1205E+01  0.6891E+01
  3.994  0.1205E+01  0.6893E+01
  3.995  0.1205E+01  0.6894E+01
  3.996  0.1205E+01  0.6895E+01
  3.997  0.1205E+01  0.6896E+01
  3.998  0.1205E+01  0.6897E+01
  3.999  0.1205E+01  0.6899E+01
  4.000  0.1204E+01  0.6900E+01
  4.001  0.1204E+01  0.6901E+01
  4.002  0.1204E+01  0.6902E+01
  4.003  0.1204E+01  0.6903E+01
  4.004  0.1204E+01  0.6905E+01
  4.005  0.1204E+01  0.6906E+01
  4.006  0.1204E+01  0.6907E+01
  4.007  0.1203E+01  0.6908E+01
  4.008  0.1203E+01  0.6909E+01
  4.009  0.1203E+01  0.6911E+01
  4.010  0.1203E+01  0.6912E+01
  4.011  0.1203E+01  0.6913E+01
  4.012  0.1203E+01  0.6914E+01
  4.013  0.1203E+01  0.6915E+01
  4.014  0.1202E+01  0.6917E+01
  4.015  0.1202E+01  0.6918E+01
  4.016  0.1202E+01  0.6919E+01
  4.017  0.1202E+01  0.6920E+01
  4.018  0.1202E+01  0.6921E+01
  4.019  0.1201E+01  0.6923E+01
  4.020  0.1201E+01  0.6924E+01
  4.021  0.1201E+01  0.6925E+01
  4.022  0.1201E+01  0.6926E+01
  4.023  0.1200E+01  0.6927E+01
  4.024  0.1200E+01  0.6929E+01
  4.025  0.1199E+01  0.6930E+01
  4.026  0.1199E+01  0.6931E+01
  4.027  0.1198E+01  0.6932E+01
  4.028  0.1198E+01  0.6933E+01
  4.029  0.1197E+01  0.6935E+01
  4.030  0.1197E+01  0.6936E+01
  4.031  0.1197E+01  0.6937E+01
  4.032  0.1196E+01  0.6938E+01
  4.033  0.1196E+01  0.6939E+01
  4.034  0.1196E+01  0.6941E+01
  4.035  0.1195E+01  0.6942E+01
  4.036  0.1195E+01  0.6943E+01
  4.037  0.1195E+01  0.6944E+01
  4.038  0.1194E+01  0.6945E+01
  4.039  0.1194E+01  0.6947E+01
  4.040  0.1194E+01  0.6948E+01
  4.041  0.1193E+01  0.6949E+01
  4.042  0.1193E+01  0.6950E+01
  4.043  0.1193E+01  0.6951E+01
  4.044  0.1192E+01  0.6953E+01
  4.045  0.1192E+01  0.6954E+01
  4.046  0.1192E+01  0.6955E+01
  4.047  0.1191E+01  0.6956E+01
  4.048  0.1191E+01  0.6957E+01
  4.049  0.1190E+01  0.6959E+01
  4.050  0.1190E+01  0.6960E+01
  4.051  0.1189E+01  0.6961E+01
  4.052  0.1189E+01  0.6962E+01
  4.053  0.1188E+01  0.6963E+01
  4.054  0.1188E+01  0.6964E+01
  4.055  0.1188E+01  0.6966E+01
  4.056  0.1188E+01  0.6967E+01
  4.057  0.1187E+01  0.6968E+01
  4.058  0.1187E+01  0.6969E+01
  4.059  0.1187E+01  0.6970E+01
  4.060  0.1187E+01  0.6972E+01
  4.061  0.1187E+01  0.6973E+01
  4.062  0.1186E+01  0.6974E+01
  4.063  0.1186E+01  0.6975E+01
  4.064  0.1186E+01  0.6976E+01
  4.065  0.1186E+01  0.6978E+01
  4.066  0.1186E+01  0.6979E+01
  4.067  0.1185E+01  0.6980E+01
  4.068  0.1185E+01  0.6981E+01
  4.069  0.1185E+01  0.6982E+01
  4.070  0.1185E+01  0.6983E+01
  4.071  0.1185E+01  0.6985E+01
  4.072  0.1185E+01  0.6986E+01
  4.073  0.1184E+01  0.6987E+01
  4.074  0.1184E+01  0.6988E+01
  4.075  0.1184E+01  0.6989E+01
  4.076  0.1184E+01  0.6991E+01
  4.077  0.1184E+01  0.6992E+01
  4.078  0.1183E+01  0.6993E+01
  4.079  0.1183E+01  0.6994E+01
  4.080  0.1183E+01  0.6995E+01
  4.081  0.1183E+01  0.6996E+01
  4.082  0.1183E+01  0.6998E+01
  4.083  0.1183E+01  0.6999E+01
  4.084  0.1183E+01  0.7000E+01
  4.085  0.1182E+01  0.7001E+01
  4.086  0.1182E+01  0.7002E+01
  4.087  0.1182E+01  0.7004E+01
  4.088  0.1182E+01  0.7005E+01
  4.089  0.1182E+01  0.7006E+01
  4.090  0.1182E+01  0.7007E+01
  4.091  0.1182E+01  0.7008E+01
  4.092  0.1182E+01  0.7009E+01
  4.093  0.1182E+01  0.7011E+01
  4.094  0.1182E+01  0.7012E+01
  4.095  0.1182E+01  0.7013E+01
  4.096  0.1182E+01  0.7014E+01
  4.097  0.1182E+01  0.7015E+01
  4.098  0.1182E+01  0.7017E+01
  4.099  0.1182E+01  0.7018E+01
  4.100  0.1182E+01  0.7019E+01
  4.101  0.1182E+01  0.7020E+01
  4.102  0.1182E+01  0.7021E+01
  4.103  0.1182E+01  0.7022E+01
  4.104  0.1182E+01  0.7024E+01
  4.105  0.1182E+01  0.7025E+01
  4.106  0.1182E+01  0.7026E+01
  4.107  0.1182E+01  0.7027E+01
  4.108  0.1182E+01  0.7028E+01
  4.109  0.1181E+01  0.7030E+01
  4.110  0.1180E+01  0.7031E+01
  4.111  0.1180E+01  0.7032E+01
  4.112  0.1179E+01  0.7033E+01
  4.113  0.1179E+01  0.7034E+01
  4.114  0.1179E+01  0.7035E+01
  4.115  0.1179E+01  0.7037E+01
  4.116  0.1179E+01  0.7038E+01
  4.117  0.1180E+01  0.7039E+01
  4.118  0.1180E+01  0.7040E+01
  4.119  0.1181E+01  0.7041E+01
  4.120  0.1182E+01  0.7043E+01
  4.121  0.1182E+01  0.7044E+01
  4.122  0.1181E+01  0.7045E+01
  4.123  0.1177E+01  0.7046E+01
  4.124  0.1172E+01  0.7047E+01
  4.125  0.1172E+01  0.7048E+01
  4.126  0.1171E+01  0.7050E+01
  4.127  0.1171E+01  0.7051E+01
  4.128  0.1170E+01  0.7052E+01
  4.129  0.1170E+01  0.7053E+01
  4.130  0.1170E+01  0.7054E+01
  4.131  0.1169E+01  0.7055E+01
  4.132  0.1169E+01  0.7057E+01
  4.133  0.1168E+01  0.7058E+01
  4.134  0.1168E+01  0.7059E+01
  4.135  0.1167E+01  0.7060E+01
  4.136  0.1167E+01  0.7061E+01
  4.137  0.1167E+01  0.7062E+01
  4.138  0.1166E+01  0.7064E+01
  4.139  0.1166E+01  0.7065E+01
  4.140  0.1165E+01  0.7066E+01
  4.141  0.1165E+01  0.7067E+01
  4.142  0.1165E+01  0.7068E+01
  4.143  0.1164E+01  0.7069E+01
  4.144  0.1164E+01  0.7071E+01
  4.145  0.1164E+01  0.7072E+01
  4.146  0.1164E+01  0.7073E+01
  4.147  0.1164E+01  0.7074E+01
  4.148  0.1164E+01  0.7075E+01
  4.149  0.1164E+01  0.7076E+01
  4.150  0.1164E+01  0.7078E+01
  4.151  0.1164E+01  0.7079E+01
  4.152  0.1164E+01  0.7080E+01
  4.153  0.1164E+01  0.7081E+01
  4.154  0.1164E+01  0.7082E+01
  4.155  0.1164E+01  0.7083E+01
  4.156  0.1164E+01  0.7085E+01
  4.157  0.1164E+01  0.7086E+01
  4.158  0.1164E+01  0.7087E+01
  4.159  0.1164E+01  0.7088E+01
  4.160  0.1163E+01  0.7089E+01
  4.161  0.1163E+01  0.7090E+01
  4.162  0.1163E+01  0.7092E+01
  4.163  0.1163E+01  0.7093E+01
  4.164  0.1162E+01  0.7094E+01
  4.165  0.1162E+01  0.7095E+01
  4.166  0.1162E+01  0.7096E+01
  4.167  0.1161E+01  0.7097E+01
  4.168  0.1161E+01  0.7099E+01
  4.169  0.1160E+01  0.7100E+01
  4.170  0.1160E+01  0.7101E+01
  4.171  0.1159E+01  0.7102E+01
  4.172  0.1159E+01  0.7103E+01
  4.173  0.1159E+01  0.7104E+01
  4.174  0.1159E+01  0.7105E+01
  4.175  0.1158E+01  0.7107E+01
  4.176  0.1158E+01  0.7108E+01
  4.177  0.1158E+01  0.7109E+01
  4.178  0.1157E+01  0.7110E+01
  4.179  0.1157E+01  0.7111E+01
  4.180  0.1157E+01  0.7112E+01
  4.181  0.1157E+01  0.7114E+01
  4.182  0.1157E+01  0.7115E+01
  4.183  0.1156E+01  0.7116E+01
  4.184  0.1156E+01  0.7117E+01
  4.185  0.1156E+01  0.7118E+01
  4.186  0.1156E+01  0.7119E+01
  4.187  0.1156E+01  0.7121E+01
  4.188  0.1155E+01  0.7122E+01
  4.189  0.1155E+01  0.7123E+01
  4.190  0.1155E+01  0.7124E+01
  4.191  0.1155E+01  0.7125E+01
  4.192  0.1155E+01  0.7126E+01
  4.193  0.1155E+01  0.7127E+01
  4.194  0.1155E+01  0.7129E+01
  4.195  0.1154E+01  0.7130E+01
  4.196  0.1154E+01  0.7131E+01
  4.197  0.1154E+01  0.7132E+01
  4.198  0.1154E+01  0.7133E+01
  4.199  0.1155E+01  0.7134E+01
  4.200  0.1155E+01  0.7136E+01
  4.201  0.1155E+01  0.7137E+01
  4.202  0.1155E+01  0.7138E+01
  4.203  0.1154E+01  0.7139E+01
  4.204  0.1154E+01  0.7140E+01
  4.205  0.1154E+01  0.7141E+01
  4.206  0.1154E+01  0.7142E+01
  4.207  0.1154E+01  0.7144E+01
  4.208  0.1154E+01  0.7145E+01
  4.209  0.1154E+01  0.7146E+01
  4.210  0.1154E+01  0.7147E+01
  4.211  0.1154E+01  0.7148E+01
  4.212  0.1154E+01  0.7149E+01
  4.213  0.1154E+01  0.7151E+01
  4.214  0.1154E+01  0.7152E+01
  4.215  0.1154E+01  0.7153E+01
  4.216  0.1154E+01  0.7154E+01
  4.217  0.1154E+01  0.7155E+01
  4.218  0.1154E+01  0.7156E+01
  4.219  0.1153E+01  0.7157E+01
  4.220  0.1153E+01  0.7159E+01
  4.221  0.1153E+01  0.7160E+01
  4.222  0.1153E+01  0.7161E+01
  4.223  0.1153E+01  0.7162E+01
  4.224  0.1153E+01  0.7163E+01
  4.225  0.1153E+01  0.7164E+01
  4.226  0.1153E+01  0.7166E+01
  4.227  0.1153E+01  0.7167E+01
  4.228  0.1153E+01  0.7168E+01
  4.229  0.1153E+01  0.7169E+01
  4.230  0.1153E+01  0.7170E+01
  4.231  0.1152E+01  0.7171E+01
  4.232  0.1152E+01  0.7172E+01
  4.233  0.1151E+01  0.7174E+01
  4.234  0.1151E+01  0.7175E+01
  4.235  0.1150E+01  0.7176E+01
  4.236  0.1149E+01  0.7177E+01
  4.237  0.1149E+01  0.7178E+01
  4.238  0.1148E+01  0.7179E+01
  4.239  0.1148E+01  0.7181E+01
  4.240  0.1147E+01  0.7182E+01
  4.241  0.1147E+01  0.7183E+01
  4.242  0.1146E+01  0.7184E+01
  4.243  0.1146E+01  0.7185E+01
  4.244  0.1145E+01  0.7186E+01
  4.245  0.1145E+01  0.7187E+01
  4.246  0.1144E+01  0.7189E+01
  4.247  0.1144E+01  0.7190E+01
  4.248  0.1143E+01  0.7191E+01
  4.249  0.1143E+01  0.7192E+01
  4.250  0.1143E+01  0.7193E+01
  4.251  0.1142E+01  0.7194E+01
  4.252  0.1142E+01  0.7195E+01
  4.253  0.1141E+01  0.7197E+01
  4.254  0.1141E+01  0.7198E+01
  4.255  0.1140E+01  0.7199E+01
  4.256  0.1140E+01  0.7200E+01
  4.257  0.1140E+01  0.7201E+01
  4.258  0.1139E+01  0.7202E+01
  4.259  0.1139E+01  0.7203E+01
  4.260  0.1139E+01  0.7205E+01
  4.261  0.1139E+01  0.7206E+01
  4.262  0.1139E+01  0.7207E+01
  4.263  0.1138E+01  0.7208E+01
  4.264  0.1138E+01  0.7209E+01
  4.265  0.1138E+01  0.7210E+01
  4.266  0.1138E+01  0.7211E+01
  4.267  0.1138E+01  0.7212E+01
  4.268  0.1137E+01  0.7214E+01
  4.269  0.1137E+01  0.7215E+01
  4.270  0.1137E+01  0.7216E+01
  4.271  0.1136E+01  0.7217E+01
  4.272  0.1136E+01  0.7218E+01
  4.273  0.1136E+01  0.7219E+01
  4.274  0.1135E+01  0.7220E+01
  4.275  0.1135E+01  0.7222E+01
  4.276  0.1135E+01  0.7223E+01
  4.277  0.1134E+01  0.7224E+01
  4.278  0.1134E+01  0.7225E+01
  4.279  0.1134E+01  0.7226E+01
  4.280  0.1133E+01  0.7227E+01
  4.281  0.1133E+01  0.7228E+01
  4.282  0.1133E+01  0.7229E+01
  4.283  0.1132E+01  0.7231E+01
  4.284  0.1132E+01  0.7232E+01
  4.285  0.1132E+01  0.7233E+01
  4.286  0.1131E+01  0.7234E+01
  4.287  0.1131E+01  0.7235E+01
  4.288  0.1131E+01  0.7236E+01
  4.289  0.1131E+01  0.7237E+01
  4.290  0.1131E+01  0.7239E+01
  4.291  0.1130E+01  0.7240E+01
  4.292  0.1130E+01  0.7241E+01
  4.293  0.1129E+01  0.7242E+01
  4.294  0.1129E+01  0.7243E+01
  4.295  0.1129E+01  0.7244E+01
  4.296  0.1128E+01  0.7245E+01
  4.297  0.1128E+01  0.7246E+01
  4.298  0.1127E+01  0.7248E+01
  4.299  0.1127E+01  0.7249E+01
  4.300  0.1126E+01  0.7250E+01
  4.301  0.1126E+01  0.7251E+01
  4.302  0.1126E+01  0.7252E+01
  4.303  0.1125E+01  0.7253E+01
  4.304  0.1125E+01  0.7254E+01
  4.305  0.1124E+01  0.7255E+01
  4.306  0.1124E+01  0.7257E+01
  4.307  0.1124E+01  0.7258E+01
  4.308  0.1123E+01  0.7259E+01
  4.309  0.1123E+01  0.7260E+01
  4.310  0.1123E+01  0.7261E+01
  4.311  0.1123E+01  0.7262E+01
  4.312  0.1122E+01  0.7263E+01
  4.313  0.1122E+01  0.7264E+01
  4.314  0.1122E+01  0.7266E+01
  4.315  0.1121E+01  0.7267E+01
  4.316  0.1121E+01  0.7268E+01
  4.317  0.1121E+01  0.7269E+01
  4.318  0.1120E+01  0.7270E+01
  4.319  0.1120E+01  0.7271E+01
  4.320  0.1120E+01  0.7272E+01
  4.321  0.1119E+01  0.7273E+01
  4.322  0.1119E+01  0.7275E+01
  4.323  0.1119E+01  0.7276E+01
  4.324  0.1119E+01  0.7277E+01
  4.325  0.1118E+01  0.7278E+01
  4.326  0.1118E+01  0.7279E+01
  4.327  0.1118E+01  0.7280E+01
  4.328  0.1117E+01  0.7281E+01
  4.329  0.1117E+01  0.7282E+01
  4.330  0.1121E+01  0.7283E+01
  4.331  0.1121E+01  0.7285E+01
  4.332  0.1121E+01  0.7286E+01
  4.333  0.1121E+01  0.7287E+01
  4.334  0.1121E+01  0.7288E+01
  4.335  0.1121E+01  0.7289E+01
  4.336  0.1121E+01  0.7290E+01
  4.337  0.1122E+01  0.7291E+01
  4.338  0.1122E+01  0.7292E+01
  4.339  0.1122E+01  0.7294E+01
  4.340  0.1123E+01  0.7295E+01
  4.341  0.1124E+01  0.7296E+01
  4.342  0.1124E+01  0.7297E+01
  4.343  0.1125E+01  0.7298E+01
  4.344  0.1126E+01  0.7299E+01
  4.345  0.1127E+01  0.7300E+01
  4.346  0.1128E+01  0.7301E+01
  4.347  0.1129E+01  0.7303E+01
  4.348  0.1130E+01  0.7304E+01
  4.349  0.1131E+01  0.7305E+01
  4.350  0.1133E+01  0.7306E+01
  4.351  0.1134E+01  0.7307E+01
  4.352  0.1136E+01  0.7308E+01
  4.353  0.1132E+01  0.7309E+01
  4.354  0.1129E+01  0.7310E+01
  4.355  0.1127E+01  0.7312E+01
  4.356  0.1127E+01  0.7313E+01
  4.357  0.1128E+01  0.7314E+01
  4.358  0.1128E+01  0.7315E+01
  4.359  0.1128E+01  0.7316E+01
  4.360  0.1127E+01  0.7317E+01
  4.361  0.1127E+01  0.7318E+01
  4.362  0.1127E+01  0.7320E+01
  4.363  0.1127E+01  0.7321E+01
  4.364  0.1127E+01  0.7322E+01
  4.365  0.1127E+01  0.7323E+01
  4.366  0.1127E+01  0.7324E+01
  4.367  0.1127E+01  0.7325E+01
  4.368  0.1127E+01  0.7326E+01
  4.369  0.1127E+01  0.7327E+01
  4.370  0.1127E+01  0.7329E+01
  4.371  0.1127E+01  0.7330E+01
  4.372  0.1127E+01  0.7331E+01
  4.373  0.1127E+01  0.7332E+01
  4.374  0.1126E+01  0.7333E+01
  4.375  0.1126E+01  0.7334E+01
  4.376  0.1126E+01  0.7335E+01
  4.377  0.1126E+01  0.7336E+01
  4.378  0.1126E+01  0.7338E+01
  4.379  0.1126E+01  0.7339E+01
  4.380  0.1126E+01  0.7340E+01
  4.381  0.1126E+01  0.7341E+01
  4.382  0.1126E+01  0.7342E+01
  4.383  0.1125E+01  0.7343E+01
  4.384  0.1125E+01  0.7344E+01
  4.385  0.1125E+01  0.7345E+01
  4.386  0.1125E+01  0.7347E+01
  4.387  0.1124E+01  0.7348E+01
  4.388  0.1124E+01  0.7349E+01
  4.389  0.1123E+01  0.7350E+01
  4.390  0.1123E+01  0.7351E+01
  4.391  0.1122E+01  0.7352E+01
  4.392  0.1121E+01  0.7353E+01
  4.393  0.1121E+01  0.7354E+01
  4.394  0.1120E+01  0.7356E+01
  4.395  0.1119E+01  0.7357E+01
  4.396  0.1118E+01  0.7358E+01
  4.397  0.1118E+01  0.7359E+01
  4.398  0.1117E+01  0.7360E+01
  4.399  0.1116E+01  0.7361E+01
  4.400  0.1116E+01  0.7362E+01
  4.401  0.1115E+01  0.7363E+01
  4.402  0.1114E+01  0.7364E+01
  4.403  0.1113E+01  0.7366E+01
  4.404  0.1112E+01  0.7367E+01
  4.405  0.1111E+01  0.7368E+01
  4.406  0.1110E+01  0.7369E+01
  4.407  0.1109E+01  0.7370E+01
  4.408  0.1108E+01  0.7371E+01
  4.409  0.1107E+01  0.7372E+01
  4.410  0.1106E+01  0.7373E+01
  4.411  0.1105E+01  0.7374E+01
  4.412  0.1104E+01  0.7376E+01
  4.413  0.1103E+01  0.7377E+01
  4.414  0.1102E+01  0.7378E+01
  4.415  0.1100E+01  0.7379E+01
  4.416  0.1100E+01  0.7380E+01
  4.417  0.1099E+01  0.7381E+01
  4.418  0.1098E+01  0.7382E+01
  4.419  0.1097E+01  0.7383E+01
  4.420  0.1096E+01  0.7384E+01
  4.421  0.1095E+01  0.7385E+01
  4.422  0.1094E+01  0.7387E+01
  4.423  0.1093E+01  0.7388E+01
  4.424  0.1093E+01  0.7389E+01
  4.425  0.1092E+01  0.7390E+01
  4.426  0.1092E+01  0.7391E+01
  4.427  0.1091E+01  0.7392E+01
  4.428  0.1091E+01  0.7393E+01
  4.429  0.1090E+01  0.7394E+01
  4.430  0.1090E+01  0.7395E+01
  4.431  0.1089E+01  0.7396E+01
  4.432  0.1088E+01  0.7397E+01
  4.433  0.1088E+01  0.7399E+01
  4.434  0.1087E+01  0.7400E+01
  4.435  0.1087E+01  0.7401E+01
  4.436  0.1086E+01  0.7402E+01
  4.437  0.1086E+01  0.7403E+01
  4.438  0.1085E+01  0.7404E+01
  4.439  0.1085E+01  0.7405E+01
  4.440  0.1084E+01  0.7406E+01
  4.441  0.1084E+01  0.7407E+01
  4.442  0.1083E+01  0.7408E+01
  4.443  0.1082E+01  0.7409E+01
  4.444  0.1082E+01  0.7410E+01
  4.445  0.1081E+01  0.7412E+01
  4.446  0.1081E+01  0.7413E+01
  4.447  0.1080E+01  0.7414E+01
  4.448  0.1080E+01  0.7415E+01
  4.449  0.1079E+01  0.7416E+01
  4.450  0.1078E+01  0.7417E+01
  4.451  0.1078E+01  0.7418E+01
  4.452  0.1077E+01  0.7419E+01
  4.453  0.1076E+01  0.7420E+01
  4.454  0.1075E+01  0.7421E+01
  4.455  0.1074E+01  0.7422E+01
  4.456  0.1073E+01  0.7423E+01
  4.457  0.1072E+01  0.7424E+01
  4.458  0.1072E+01  0.7426E+01
  4.459  0.1071E+01  0.7427E+01
  4.460  0.1071E+01  0.7428E+01
  4.461  0.1092E+01  0.7429E+01
  4.462  0.1102E+01  0.7430E+01
  4.463  0.1101E+01  0.7431E+01
  4.464  0.1100E+01  0.7432E+01
  4.465  0.1099E+01  0.7433E+01
  4.466  0.1098E+01  0.7434E+01
  4.467  0.1097E+01  0.7435E+01
  4.468  0.1096E+01  0.7436E+01
  4.469  0.1095E+01  0.7438E+01
  4.470  0.1095E+01  0.7439E+01
  4.471  0.1094E+01  0.7440E+01
  4.472  0.1093E+01  0.7441E+01
  4.473  0.1092E+01  0.7442E+01
  4.474  0.1091E+01  0.7443E+01
  4.475  0.1091E+01  0.7444E+01
  4.476  0.1090E+01  0.7445E+01
  4.477  0.1089E+01  0.7446E+01
  4.478  0.1088E+01  0.7447E+01
  4.479  0.1087E+01  0.7448E+01
  4.480  0.1086E+01  0.7450E+01
  4.481  0.1085E+01  0.7451E+01
  4.482  0.1083E+01  0.7452E+01
  4.483  0.1081E+01  0.7453E+01
  4.484  0.1080E+01  0.7454E+01
  4.485  0.1078E+01  0.7455E+01
  4.486  0.1076E+01  0.7456E+01
  4.487  0.1075E+01  0.7457E+01
  4.488  0.1073E+01  0.7458E+01
  4.489  0.1072E+01  0.7459E+01
  4.490  0.1070E+01  0.7460E+01
  4.491  0.1069E+01  0.7461E+01
  4.492  0.1067E+01  0.7462E+01
  4.493  0.1066E+01  0.7464E+01
  4.494  0.1064E+01  0.7465E+01
  4.495  0.1063E+01  0.7466E+01
  4.496  0.1061E+01  0.7467E+01
  4.497  0.1063E+01  0.7468E+01
  4.498  0.1061E+01  0.7469E+01
  4.499  0.1058E+01  0.7470E+01
  4.500  0.1055E+01  0.7471E+01
  4.501  0.1053E+01  0.7472E+01
  4.502  0.1050E+01  0.7473E+01
  4.503  0.1047E+01  0.7474E+01
  4.504  0.1077E+01  0.7475E+01
  4.505  0.1071E+01  0.7476E+01
  4.506  0.1066E+01  0.7477E+01
  4.507  0.1061E+01  0.7478E+01
  4.508  0.1056E+01  0.7479E+01
  4.509  0.1051E+01  0.7480E+01
  4.510  0.1046E+01  0.7482E+01
  4.511  0.1042E+01  0.7483E+01
  4.512  0.1037E+01  0.7484E+01
  4.513  0.1033E+01  0.7485E+01
  4.514  0.1028E+01  0.7486E+01
  4.515  0.1024E+01  0.7487E+01
  4.516  0.1020E+01  0.7488E+01
  4.517  0.1016E+01  0.7489E+01
  4.518  0.1012E+01  0.7490E+01
  4.519  0.1007E+01  0.7491E+01
  4.520  0.1003E+01  0.7492E+01
  4.521  0.9987E+00  0.7493E+01
  4.522  0.9949E+00  0.7494E+01
  4.523  0.9912E+00  0.7495E+01
  4.524  0.9876E+00  0.7496E+01
  4.525  0.9841E+00  0.7497E+01
  4.526  0.9806E+00  0.7498E+01
  4.527  0.9771E+00  0.7499E+01
  4.528  0.9737E+00  0.7500E+01
  4.529  0.9704E+00  0.7501E+01
  4.530  0.9671E+00  0.7502E+01
  4.531  0.9638E+00  0.7503E+01
  4.532  0.9606E+00  0.7503E+01
  4.533  0.9574E+00  0.7504E+01
  4.534  0.9543E+00  0.7505E+01
  4.535  0.9512E+00  0.7506E+01
  4.536  0.9481E+00  0.7507E+01
  4.537  0.9450E+00  0.7508E+01
  4.538  0.9420E+00  0.7509E+01
  4.539  0.9391E+00  0.7510E+01
  4.540  0.9361E+00  0.7511E+01
  4.541  0.9325E+00  0.7512E+01
  4.542  0.9292E+00  0.7513E+01
  4.543  0.9266E+00  0.7514E+01
  4.544  0.9241E+00  0.7515E+01
  4.545  0.9216E+00  0.7516E+01
  4.546  0.9191E+00  0.7517E+01
  4.547  0.9167E+00  0.7518E+01
  4.548  0.9142E+00  0.7518E+01
  4.549  0.9119E+00  0.7519E+01
  4.550  0.9087E+00  0.7520E+01
  4.551  0.9053E+00  0.7521E+01
  4.552  0.9019E+00  0.7522E+01
  4.553  0.8986E+00  0.7523E+01
  4.554  0.8953E+00  0.7524E+01
  4.555  0.8921E+00  0.7525E+01
  4.556  0.8890E+00  0.7526E+01
  4.557  0.8862E+00  0.7527E+01
  4.558  0.8836E+00  0.7527E+01
  4.559  0.8812E+00  0.7528E+01
  4.560  0.8791E+00  0.7529E+01
  4.561  0.8771E+00  0.7530E+01
  4.562  0.8748E+00  0.7531E+01
  4.563  0.8725E+00  0.7532E+01
  4.564  0.8700E+00  0.7533E+01
  4.565  0.8673E+00  0.7534E+01
  4.566  0.8651E+00  0.7534E+01
  4.567  0.8629E+00  0.7535E+01
  4.568  0.8607E+00  0.7536E+01
  4.569  0.8586E+00  0.7537E+01
  4.570  0.8565E+00  0.7538E+01
  4.571  0.8544E+00  0.7539E+01
  4.572  0.8523E+00  0.7540E+01
  4.573  0.8502E+00  0.7540E+01
  4.574  0.8481E+00  0.7541E+01
  4.575  0.8461E+00  0.7542E+01
  4.576  0.8441E+00  0.7543E+01
  4.577  0.8421E+00  0.7544E+01
  4.578  0.8402E+00  0.7545E+01
  4.579  0.8382E+00  0.7545E+01
  4.580  0.8363E+00  0.7546E+01
  4.581  0.8344E+00  0.7547E+01
  4.582  0.8325E+00  0.7548E+01
  4.583  0.8307E+00  0.7549E+01
  4.584  0.8288E+00  0.7550E+01
  4.585  0.8270E+00  0.7550E+01
  4.586  0.8251E+00  0.7551E+01
  4.587  0.8233E+00  0.7552E+01
  4.588  0.8215E+00  0.7553E+01
  4.589  0.8197E+00  0.7554E+01
  4.590  0.8179E+00  0.7555E+01
  4.591  0.8162E+00  0.7555E+01
  4.592  0.8144E+00  0.7556E+01
  4.593  0.8127E+00  0.7557E+01
  4.594  0.8110E+00  0.7558E+01
  4.595  0.8094E+00  0.7559E+01
  4.596  0.8078E+00  0.7559E+01
  4.597  0.8062E+00  0.7560E+01
  4.598  0.8047E+00  0.7561E+01
  4.599  0.8031E+00  0.7562E+01
  4.600  0.8016E+00  0.7563E+01
  4.601  0.8001E+00  0.7563E+01
  4.602  0.7985E+00  0.7564E+01
  4.603  0.7970E+00  0.7565E+01
  4.604  0.7957E+00  0.7566E+01
  4.605  0.7944E+00  0.7567E+01
  4.606  0.7931E+00  0.7567E+01
  4.607  0.7918E+00  0.7568E+01
  4.608  0.7905E+00  0.7569E+01
  4.609  0.7893E+00  0.7570E+01
  4.610  0.7881E+00  0.7571E+01
  4.611  0.7869E+00  0.7571E+01
  4.612  0.7857E+00  0.7572E+01
  4.613  0.7845E+00  0.7573E+01
  4.614  0.7833E+00  0.7574E+01
  4.615  0.7821E+00  0.7575E+01
  4.616  0.7809E+00  0.7575E+01
  4.617  0.7798E+00  0.7576E+01
  4.618  0.7787E+00  0.7577E+01
  4.619  0.7775E+00  0.7578E+01
  4.620  0.7764E+00  0.7578E+01
  4.621  0.7752E+00  0.7579E+01
  4.622  0.7740E+00  0.7580E+01
  4.623  0.7727E+00  0.7581E+01
  4.624  0.7714E+00  0.7581E+01
  4.625  0.7699E+00  0.7582E+01
  4.626  0.7685E+00  0.7583E+01
  4.627  0.7669E+00  0.7584E+01
  4.628  0.7653E+00  0.7585E+01
  4.629  0.7636E+00  0.7585E+01
  4.630  0.7618E+00  0.7586E+01
  4.631  0.7600E+00  0.7587E+01
  4.632  0.7584E+00  0.7588E+01
  4.633  0.7574E+00  0.7588E+01
  4.634  0.7565E+00  0.7589E+01
  4.635  0.7555E+00  0.7590E+01
  4.636  0.7545E+00  0.7591E+01
  4.637  0.7535E+00  0.7591E+01
  4.638  0.7526E+00  0.7592E+01
  4.639  0.7516E+00  0.7593E+01
  4.640  0.7507E+00  0.7594E+01
  4.641  0.7497E+00  0.7594E+01
  4.642  0.7488E+00  0.7595E+01
  4.643  0.7479E+00  0.7596E+01
  4.644  0.7469E+00  0.7597E+01
  4.645  0.7460E+00  0.7597E+01
  4.646  0.7451E+00  0.7598E+01
  4.647  0.7441E+00  0.7599E+01
  4.648  0.7432E+00  0.7600E+01
  4.649  0.7423E+00  0.7600E+01
  4.650  0.7414E+00  0.7601E+01
  4.651  0.7405E+00  0.7602E+01
  4.652  0.7395E+00  0.7603E+01
  4.653  0.7382E+00  0.7603E+01
  4.654  0.7368E+00  0.7604E+01
  4.655  0.7355E+00  0.7605E+01
  4.656  0.7341E+00  0.7606E+01
  4.657  0.7328E+00  0.7606E+01
  4.658  0.7314E+00  0.7607E+01
  4.659  0.7301E+00  0.7608E+01
  4.660  0.7287E+00  0.7608E+01
  4.661  0.7273E+00  0.7609E+01
  4.662  0.7260E+00  0.7610E+01
  4.663  0.7246E+00  0.7611E+01
  4.664  0.7232E+00  0.7611E+01
  4.665  0.7218E+00  0.7612E+01
  4.666  0.7204E+00  0.7613E+01
  4.667  0.7191E+00  0.7614E+01
  4.668  0.7178E+00  0.7614E+01
  4.669  0.7165E+00  0.7615E+01
  4.670  0.7152E+00  0.7616E+01
  4.671  0.7139E+00  0.7616E+01
  4.672  0.7126E+00  0.7617E+01
  4.673  0.7113E+00  0.7618E+01
  4.674  0.7100E+00  0.7619E+01
  4.675  0.7088E+00  0.7619E+01
  4.676  0.7075E+00  0.7620E+01
  4.677  0.7062E+00  0.7621E+01
  4.678  0.7050E+00  0.7621E+01
  4.679  0.7037E+00  0.7622E+01
  4.680  0.7025E+00  0.7623E+01
  4.681  0.7013E+00  0.7623E+01
  4.682  0.7001E+00  0.7624E+01
  4.683  0.6988E+00  0.7625E+01
  4.684  0.6976E+00  0.7626E+01
  4.685  0.6964E+00  0.7626E+01
  4.686  0.6952E+00  0.7627E+01
  4.687  0.6940E+00  0.7628E+01
  4.688  0.6928E+00  0.7628E+01
  4.689  0.6916E+00  0.7629E+01
  4.690  0.6904E+00  0.7630E+01
  4.691  0.6892E+00  0.7630E+01
  4.692  0.6880E+00  0.7631E+01
  4.693  0.6868E+00  0.7632E+01
  4.694  0.6857E+00  0.7632E+01
  4.695  0.6845E+00  0.7633E+01
  4.696  0.6833E+00  0.7634E+01
  4.697  0.6821E+00  0.7634E+01
  4.698  0.6810E+00  0.7635E+01
  4.699  0.6798E+00  0.7636E+01
  4.700  0.6786E+00  0.7637E+01
  4.701  0.6775E+00  0.7637E+01
  4.702  0.6763E+00  0.7638E+01
  4.703  0.6752E+00  0.7639E+01
  4.704  0.6740E+00  0.7639E+01
  4.705  0.6728E+00  0.7640E+01
  4.706  0.6716E+00  0.7641E+01
  4.707  0.6705E+00  0.7641E+01
  4.708  0.6693E+00  0.7642E+01
  4.709  0.6682E+00  0.7643E+01
  4.710  0.6670E+00  0.7643E+01
  4.711  0.6658E+00  0.7644E+01
  4.712  0.6646E+00  0.7645E+01
  4.713  0.6634E+00  0.7645E+01
  4.714  0.6623E+00  0.7646E+01
  4.715  0.6611E+00  0.7647E+01
  4.716  0.6599E+00  0.7647E+01
  4.717  0.6587E+00  0.7648E+01
  4.718  0.6575E+00  0.7649E+01
  4.719  0.6563E+00  0.7649E+01
  4.720  0.6551E+00  0.7650E+01
  4.721  0.6539E+00  0.7651E+01
  4.722  0.6528E+00  0.7651E+01
  4.723  0.6516E+00  0.7652E+01
  4.724  0.6504E+00  0.7652E+01
  4.725  0.6492E+00  0.7653E+01
  4.726  0.6480E+00  0.7654E+01
  4.727  0.6468E+00  0.7654E+01
  4.728  0.6456E+00  0.7655E+01
  4.729  0.6445E+00  0.7656E+01
  4.730  0.6433E+00  0.7656E+01
  4.731  0.6421E+00  0.7657E+01
  4.732  0.6409E+00  0.7658E+01
  4.733  0.6397E+00  0.7658E+01
  4.734  0.6385E+00  0.7659E+01
  4.735  0.6373E+00  0.7660E+01
  4.736  0.6361E+00  0.7660E+01
  4.737  0.6349E+00  0.7661E+01
  4.738  0.6337E+00  0.7661E+01
  4.739  0.6325E+00  0.7662E+01
  4.740  0.6313E+00  0.7663E+01
  4.741  0.6301E+00  0.7663E+01
  4.742  0.6290E+00  0.7664E+01
  4.743  0.6281E+00  0.7665E+01
  4.744  0.6272E+00  0.7665E+01
  4.745  0.6263E+00  0.7666E+01
  4.746  0.6254E+00  0.7666E+01
  4.747  0.6245E+00  0.7667E+01
  4.748  0.6237E+00  0.7668E+01
  4.749  0.6227E+00  0.7668E+01
  4.750  0.6216E+00  0.7669E+01
  4.751  0.6203E+00  0.7670E+01
  4.752  0.6189E+00  0.7670E+01
  4.753  0.6177E+00  0.7671E+01
  4.754  0.6170E+00  0.7671E+01
  4.755  0.6164E+00  0.7672E+01
  4.756  0.6160E+00  0.7673E+01
  4.757  0.6155E+00  0.7673E+01
  4.758  0.6151E+00  0.7674E+01
  4.759  0.6146E+00  0.7675E+01
  4.760  0.6142E+00  0.7675E+01
  4.761  0.6138E+00  0.7676E+01
  4.762  0.6133E+00  0.7676E+01
  4.763  0.6129E+00  0.7677E+01
  4.764  0.6125E+00  0.7678E+01
  4.765  0.6120E+00  0.7678E+01
  4.766  0.6116E+00  0.7679E+01
  4.767  0.6111E+00  0.7679E+01
  4.768  0.6107E+00  0.7680E+01
  4.769  0.6103E+00  0.7681E+01
  4.770  0.6098E+00  0.7681E+01
  4.771  0.6094E+00  0.7682E+01
  4.772  0.6089E+00  0.7682E+01
  4.773  0.6085E+00  0.7683E+01
  4.774  0.6080E+00  0.7684E+01
  4.775  0.6076E+00  0.7684E+01
  4.776  0.6071E+00  0.7685E+01
  4.777  0.6067E+00  0.7686E+01
  4.778  0.6062E+00  0.7686E+01
  4.779  0.6058E+00  0.7687E+01
  4.780  0.6053E+00  0.7687E+01
  4.781  0.6049E+00  0.7688E+01
  4.782  0.6044E+00  0.7689E+01
  4.783  0.6040E+00  0.7689E+01
  4.784  0.6035E+00  0.7690E+01
  4.785  0.6030E+00  0.7690E+01
  4.786  0.6026E+00  0.7691E+01
  4.787  0.6021E+00  0.7692E+01
  4.788  0.6016E+00  0.7692E+01
  4.789  0.6012E+00  0.7693E+01
  4.790  0.6007E+00  0.7693E+01
  4.791  0.6002E+00  0.7694E+01
  4.792  0.5997E+00  0.7695E+01
  4.793  0.5992E+00  0.7695E+01
  4.794  0.5983E+00  0.7696E+01
  4.795  0.5972E+00  0.7696E+01
  4.796  0.5961E+00  0.7697E+01
  4.797  0.5950E+00  0.7698E+01
  4.798  0.5940E+00  0.7698E+01
  4.799  0.5929E+00  0.7699E+01
  4.800  0.5918E+00  0.7699E+01
  4.801  0.5907E+00  0.7700E+01
  4.802  0.5897E+00  0.7701E+01
  4.803  0.5886E+00  0.7701E+01
  4.804  0.5876E+00  0.7702E+01
  4.805  0.5865E+00  0.7702E+01
  4.806  0.5854E+00  0.7703E+01
  4.807  0.5843E+00  0.7703E+01
  4.808  0.5832E+00  0.7704E+01
  4.809  0.5822E+00  0.7705E+01
  4.810  0.5811E+00  0.7705E+01
  4.811  0.5800E+00  0.7706E+01
  4.812  0.5789E+00  0.7706E+01
  4.813  0.5778E+00  0.7707E+01
  4.814  0.5768E+00  0.7707E+01
  4.815  0.5757E+00  0.7708E+01
  4.816  0.5747E+00  0.7709E+01
  4.817  0.5736E+00  0.7709E+01
  4.818  0.5726E+00  0.7710E+01
  4.819  0.5715E+00  0.7710E+01
  4.820  0.5705E+00  0.7711E+01
  4.821  0.5695E+00  0.7712E+01
  4.822  0.5684E+00  0.7712E+01
  4.823  0.5674E+00  0.7713E+01
  4.824  0.5664E+00  0.7713E+01
  4.825  0.5653E+00  0.7714E+01
  4.826  0.5643E+00  0.7714E+01
  4.827  0.5633E+00  0.7715E+01
  4.828  0.5622E+00  0.7715E+01
  4.829  0.5612E+00  0.7716E+01
  4.830  0.5602E+00  0.7717E+01
  4.831  0.5592E+00  0.7717E+01
  4.832  0.5582E+00  0.7718E+01
  4.833  0.5572E+00  0.7718E+01
  4.834  0.5561E+00  0.7719E+01
  4.835  0.5551E+00  0.7719E+01
  4.836  0.5541E+00  0.7720E+01
  4.837  0.5531E+00  0.7720E+01
  4.838  0.5521E+00  0.7721E+01
  4.839  0.5511E+00  0.7722E+01
  4.840  0.5501E+00  0.7722E+01
  4.841  0.5492E+00  0.7723E+01
  4.842  0.5482E+00  0.7723E+01
  4.843  0.5472E+00  0.7724E+01
  4.844  0.5462E+00  0.7724E+01
  4.845  0.5452E+00  0.7725E+01
  4.846  0.5443E+00  0.7725E+01
  4.847  0.5433E+00  0.7726E+01
  4.848  0.5423E+00  0.7726E+01
  4.849  0.5413E+00  0.7727E+01
  4.850  0.5404E+00  0.7728E+01
  4.851  0.5394E+00  0.7728E+01
  4.852  0.5384E+00  0.7729E+01
  4.853  0.5374E+00  0.7729E+01
  4.854  0.5364E+00  0.7730E+01
  4.855  0.5354E+00  0.7730E+01
  4.856  0.5345E+00  0.7731E+01
  4.857  0.5335E+00  0.7731E+01
  4.858  0.5325E+00  0.7732E+01
  4.859  0.5315E+00  0.7732E+01
  4.860  0.5306E+00  0.7733E+01
  4.861  0.5297E+00  0.7733E+01
  4.862  0.5287E+00  0.7734E+01
  4.863  0.5278E+00  0.7735E+01
  4.864  0.5268E+00  0.7735E+01
  4.865  0.5259E+00  0.7736E+01
  4.866  0.5250E+00  0.7736E+01
  4.867  0.5240E+00  0.7737E+01
  4.868  0.5231E+00  0.7737E+01
  4.869  0.5222E+00  0.7738E+01
  4.870  0.5213E+00  0.7738E+01
  4.871  0.5204E+00  0.7739E+01
  4.872  0.5195E+00  0.7739E+01
  4.873  0.5186E+00  0.7740E+01
  4.874  0.5177E+00  0.7740E+01
  4.875  0.5168E+00  0.7741E+01
  4.876  0.5159E+00  0.7741E+01
  4.877  0.5150E+00  0.7742E+01
  4.878  0.5140E+00  0.7742E+01
  4.879  0.5133E+00  0.7743E+01
  4.880  0.5126E+00  0.7743E+01
  4.881  0.5119E+00  0.7744E+01
  4.882  0.5112E+00  0.7744E+01
  4.883  0.5105E+00  0.7745E+01
  4.884  0.5098E+00  0.7745E+01
  4.885  0.5091E+00  0.7746E+01
  4.886  0.5084E+00  0.7746E+01
  4.887  0.5077E+00  0.7747E+01
  4.888  0.5070E+00  0.7747E+01
  4.889  0.5064E+00  0.7748E+01
  4.890  0.5057E+00  0.7748E+01
  4.891  0.5050E+00  0.7749E+01
  4.892  0.5044E+00  0.7749E+01
  4.893  0.5037E+00  0.7750E+01
  4.894  0.5030E+00  0.7750E+01
  4.895  0.5024E+00  0.7751E+01
  4.896  0.5017E+00  0.7751E+01
  4.897  0.5010E+00  0.7752E+01
  4.898  0.5003E+00  0.7752E+01
  4.899  0.4996E+00  0.7753E+01
  4.900  0.4990E+00  0.7753E+01
  4.901  0.4983E+00  0.7754E+01
  4.902  0.4976E+00  0.7754E+01
  4.903  0.4970E+00  0.7755E+01
  4.904  0.4963E+00  0.7755E+01
  4.905  0.4956E+00  0.7756E+01
  4.906  0.4950E+00  0.7756E+01
  4.907  0.4943E+00  0.7757E+01
  4.908  0.4936E+00  0.7757E+01
  4.909  0.4930E+00  0.7758E+01
  4.910  0.4923E+00  0.7758E+01
  4.911  0.4917E+00  0.7759E+01
  4.912  0.4910E+00  0.7759E+01
  4.913  0.4903E+00  0.7760E+01
  4.914  0.4897E+00  0.7760E+01
  4.915  0.4890E+00  0.7761E+01
  4.916  0.4883E+00  0.7761E+01
  4.917  0.4877E+00  0.7762E+01
  4.918  0.4870E+00  0.7762E+01
  4.919  0.4863E+00  0.7763E+01
  4.920  0.4857E+00  0.7763E+01
  4.921  0.4850E+00  0.7764E+01
  4.922  0.4843E+00  0.7764E+01
  4.923  0.4837E+00  0.7765E+01
  4.924  0.4830E+00  0.7765E+01
  4.925  0.4823E+00  0.7766E+01
  4.926  0.4816E+00  0.7766E+01
  4.927  0.4810E+00  0.7767E+01
  4.928  0.4803E+00  0.7767E+01
  4.929  0.4798E+00  0.7768E+01
  4.930  0.4797E+00  0.7768E+01
  4.931  0.4797E+00  0.7769E+01
  4.932  0.4799E+00  0.7769E+01
  4.933  0.4801E+00  0.7770E+01
  4.934  0.4803E+00  0.7770E+01
  4.935  0.4805E+00  0.7771E+01
  4.936  0.4806E+00  0.7771E+01
  4.937  0.4808E+00  0.7771E+01
  4.938  0.4809E+00  0.7772E+01
  4.939  0.4810E+00  0.7772E+01
  4.940  0.4811E+00  0.7773E+01
  4.941  0.4812E+00  0.7773E+01
  4.942  0.4813E+00  0.7774E+01
  4.943  0.4813E+00  0.7774E+01
  4.944  0.4813E+00  0.7775E+01
  4.945  0.4814E+00  0.7775E+01
  4.946  0.4813E+00  0.7776E+01
  4.947  0.4814E+00  0.7776E+01
  4.948  0.4814E+00  0.7777E+01
  4.949  0.4814E+00  0.7777E+01
  4.950  0.4813E+00  0.7778E+01
  4.951  0.4813E+00  0.7778E+01
  4.952  0.4813E+00  0.7779E+01
  4.953  0.4812E+00  0.7779E+01
  4.954  0.4811E+00  0.7780E+01
  4.955  0.4810E+00  0.7780E+01
  4.956  0.4809E+00  0.7781E+01
  4.957  0.4807E+00  0.7781E+01
  4.958  0.4805E+00  0.7782E+01
  4.959  0.4795E+00  0.7782E+01
  4.960  0.4784E+00  0.7783E+01
  4.961  0.4774E+00  0.7783E+01
  4.962  0.4763E+00  0.7783E+01
  4.963  0.4753E+00  0.7784E+01
  4.964  0.4743E+00  0.7784E+01
  4.965  0.4732E+00  0.7785E+01
  4.966  0.4722E+00  0.7785E+01
  4.967  0.4712E+00  0.7786E+01
  4.968  0.4702E+00  0.7786E+01
  4.969  0.4693E+00  0.7787E+01
  4.970  0.4683E+00  0.7787E+01
  4.971  0.4673E+00  0.7788E+01
  4.972  0.4663E+00  0.7788E+01
  4.973  0.4653E+00  0.7789E+01
  4.974  0.4643E+00  0.7789E+01
  4.975  0.4633E+00  0.7790E+01
  4.976  0.4623E+00  0.7790E+01
  4.977  0.4613E+00  0.7791E+01
  4.978  0.4603E+00  0.7791E+01
  4.979  0.4592E+00  0.7791E+01
  4.980  0.4582E+00  0.7792E+01
  4.981  0.4572E+00  0.7792E+01
  4.982  0.4562E+00  0.7793E+01
  4.983  0.4553E+00  0.7793E+01
  4.984  0.4543E+00  0.7794E+01
  4.985  0.4533E+00  0.7794E+01
  4.986  0.4523E+00  0.7795E+01
  4.987  0.4513E+00  0.7795E+01
  4.988  0.4503E+00  0.7796E+01
  4.989  0.4493E+00  0.7796E+01
  4.990  0.4483E+00  0.7796E+01
  4.991  0.4473E+00  0.7797E+01
  4.992  0.4463E+00  0.7797E+01
  4.993  0.4454E+00  0.7798E+01
  4.994  0.4444E+00  0.7798E+01
  4.995  0.4434E+00  0.7799E+01
  4.996  0.4424E+00  0.7799E+01
  4.997  0.4415E+00  0.7800E+01
  4.998  0.4405E+00  0.7800E+01
  4.999  0.4395E+00  0.7800E+01
  5.000  0.4386E+00  0.7801E+01
  5.001  0.4376E+00  0.7801E+01
  5.002  0.4366E+00  0.7802E+01
  5.003  0.4357E+00  0.7802E+01
  5.004  0.4347E+00  0.7803E+01
  5.005  0.4338E+00  0.7803E+01
  5.006  0.4328E+00  0.7803E+01
  5.007  0.4319E+00  0.7804E+01
  5.008  0.4309E+00  0.7804E+01
  5.009  0.4300E+00  0.7805E+01
  5.010  0.4291E+00  0.7805E+01
  5.011  0.4282E+00  0.7806E+01
  5.012  0.4273E+00  0.7806E+01
  5.013  0.4264E+00  0.7806E+01
  5.014  0.4255E+00  0.7807E+01
  5.015  0.4246E+00  0.7807E+01
  5.016  0.4238E+00  0.7808E+01
  5.017  0.4229E+00  0.7808E+01
  5.018  0.4220E+00  0.7809E+01
  5.019  0.4211E+00  0.7809E+01
  5.020  0.4203E+00  0.7809E+01
  5.021  0.4194E+00  0.7810E+01
  5.022  0.4186E+00  0.7810E+01
  5.023  0.4177E+00  0.7811E+01
  5.024  0.4169E+00  0.7811E+01
  5.025  0.4160E+00  0.7812E+01
  5.026  0.4152E+00  0.7812E+01
  5.027  0.4145E+00  0.7812E+01
  5.028  0.4137E+00  0.7813E+01
  5.029  0.4129E+00  0.7813E+01
  5.030  0.4122E+00  0.7814E+01
  5.031  0.4115E+00  0.7814E+01
  5.032  0.4107E+00  0.7814E+01
  5.033  0.4100E+00  0.7815E+01
  5.034  0.4093E+00  0.7815E+01
  5.035  0.4086E+00  0.7816E+01
  5.036  0.4080E+00  0.7816E+01
  5.037  0.4075E+00  0.7816E+01
  5.038  0.4069E+00  0.7817E+01
  5.039  0.4064E+00  0.7817E+01
  5.040  0.4058E+00  0.7818E+01
  5.041  0.4053E+00  0.7818E+01
  5.042  0.4049E+00  0.7818E+01
  5.043  0.4044E+00  0.7819E+01
  5.044  0.4038E+00  0.7819E+01
  5.045  0.4033E+00  0.7820E+01
  5.046  0.4027E+00  0.7820E+01
  5.047  0.4022E+00  0.7820E+01
  5.048  0.4017E+00  0.7821E+01
  5.049  0.4011E+00  0.7821E+01
  5.050  0.4006E+00  0.7822E+01
  5.051  0.4001E+00  0.7822E+01
  5.052  0.3995E+00  0.7822E+01
  5.053  0.3990E+00  0.7823E+01
  5.054  0.3985E+00  0.7823E+01
  5.055  0.3979E+00  0.7824E+01
  5.056  0.3974E+00  0.7824E+01
  5.057  0.3969E+00  0.7824E+01
  5.058  0.3963E+00  0.7825E+01
  5.059  0.3958E+00  0.7825E+01
  5.060  0.3953E+00  0.7826E+01
  5.061  0.3948E+00  0.7826E+01
  5.062  0.3943E+00  0.7826E+01
  5.063  0.3937E+00  0.7827E+01
  5.064  0.3932E+00  0.7827E+01
  5.065  0.3927E+00  0.7828E+01
  5.066  0.3922E+00  0.7828E+01
  5.067  0.3917E+00  0.7828E+01
  5.068  0.3912E+00  0.7829E+01
  5.069  0.3907E+00  0.7829E+01
  5.070  0.3902E+00  0.7830E+01
  5.071  0.3897E+00  0.7830E+01
  5.072  0.3892E+00  0.7830E+01
  5.073  0.3888E+00  0.7831E+01
  5.074  0.3883E+00  0.7831E+01
  5.075  0.3879E+00  0.7832E+01
  5.076  0.3874E+00  0.7832E+01
  5.077  0.3869E+00  0.7832E+01
  5.078  0.3865E+00  0.7833E+01
  5.079  0.3860E+00  0.7833E+01
  5.080  0.3855E+00  0.7833E+01
  5.081  0.3851E+00  0.7834E+01
  5.082  0.3846E+00  0.7834E+01
  5.083  0.3842E+00  0.7835E+01
  5.084  0.3837E+00  0.7835E+01
  5.085  0.3832E+00  0.7835E+01
  5.086  0.3828E+00  0.7836E+01
  5.087  0.3823E+00  0.7836E+01
  5.088  0.3819E+00  0.7837E+01
  5.089  0.3814E+00  0.7837E+01
  5.090  0.3809E+00  0.7837E+01
  5.091  0.3805E+00  0.7838E+01
  5.092  0.3800E+00  0.7838E+01
  5.093  0.3795E+00  0.7838E+01
  5.094  0.3790E+00  0.7839E+01
  5.095  0.3786E+00  0.7839E+01
  5.096  0.3781E+00  0.7840E+01
  5.097  0.3776E+00  0.7840E+01
  5.098  0.3772E+00  0.7840E+01
  5.099  0.3767E+00  0.7841E+01
  5.100  0.3762E+00  0.7841E+01
  5.101  0.3758E+00  0.7841E+01
  5.102  0.3753E+00  0.7842E+01
  5.103  0.3748E+00  0.7842E+01
  5.104  0.3743E+00  0.7843E+01
  5.105  0.3739E+00  0.7843E+01
  5.106  0.3734E+00  0.7843E+01
  5.107  0.3729E+00  0.7844E+01
  5.108  0.3724E+00  0.7844E+01
  5.109  0.3720E+00  0.7844E+01
  5.110  0.3715E+00  0.7845E+01
  5.111  0.3710E+00  0.7845E+01
  5.112  0.3705E+00  0.7846E+01
  5.113  0.3700E+00  0.7846E+01
  5.114  0.3695E+00  0.7846E+01
  5.115  0.3690E+00  0.7847E+01
  5.116  0.3685E+00  0.7847E+01
  5.117  0.3680E+00  0.7847E+01
  5.118  0.3676E+00  0.7848E+01
  5.119  0.3684E+00  0.7848E+01
  5.120  0.3704E+00  0.7849E+01
  5.121  0.3723E+00  0.7849E+01
  5.122  0.3740E+00  0.7849E+01
  5.123  0.3755E+00  0.7850E+01
  5.124  0.3768E+00  0.7850E+01
  5.125  0.3778E+00  0.7850E+01
  5.126  0.3787E+00  0.7851E+01
  5.127  0.3794E+00  0.7851E+01
  5.128  0.3799E+00  0.7852E+01
  5.129  0.3802E+00  0.7852E+01
  5.130  0.3803E+00  0.7852E+01
  5.131  0.3802E+00  0.7853E+01
  5.132  0.3799E+00  0.7853E+01
  5.133  0.3794E+00  0.7853E+01
  5.134  0.3790E+00  0.7854E+01
  5.135  0.3788E+00  0.7854E+01
  5.136  0.3788E+00  0.7855E+01
  5.137  0.3788E+00  0.7855E+01
  5.138  0.3791E+00  0.7855E+01
  5.139  0.3786E+00  0.7856E+01
  5.140  0.3777E+00  0.7856E+01
  5.141  0.3767E+00  0.7856E+01
  5.142  0.3757E+00  0.7857E+01
  5.143  0.3748E+00  0.7857E+01
  5.144  0.3738E+00  0.7858E+01
  5.145  0.3729E+00  0.7858E+01
  5.146  0.3720E+00  0.7858E+01
  5.147  0.3710E+00  0.7859E+01
  5.148  0.3701E+00  0.7859E+01
  5.149  0.3691E+00  0.7859E+01
  5.150  0.3682E+00  0.7860E+01
  5.151  0.3672E+00  0.7860E+01
  5.152  0.3663E+00  0.7861E+01
  5.153  0.3654E+00  0.7861E+01
  5.154  0.3645E+00  0.7861E+01
  5.155  0.3635E+00  0.7862E+01
  5.156  0.3626E+00  0.7862E+01
  5.157  0.3617E+00  0.7862E+01
  5.158  0.3608E+00  0.7863E+01
  5.159  0.3598E+00  0.7863E+01
  5.160  0.3589E+00  0.7863E+01
  5.161  0.3579E+00  0.7864E+01
  5.162  0.3569E+00  0.7864E+01
  5.163  0.3559E+00  0.7865E+01
  5.164  0.3548E+00  0.7865E+01
  5.165  0.3537E+00  0.7865E+01
  5.166  0.3526E+00  0.7866E+01
  5.167  0.3514E+00  0.7866E+01
  5.168  0.3504E+00  0.7866E+01
  5.169  0.3495E+00  0.7867E+01
  5.170  0.3485E+00  0.7867E+01
  5.171  0.3476E+00  0.7867E+01
  5.172  0.3467E+00  0.7868E+01
  5.173  0.3459E+00  0.7868E+01
  5.174  0.3450E+00  0.7868E+01
  5.175  0.3441E+00  0.7869E+01
  5.176  0.3432E+00  0.7869E+01
  5.177  0.3423E+00  0.7869E+01
  5.178  0.3414E+00  0.7870E+01
  5.179  0.3405E+00  0.7870E+01
  5.180  0.3397E+00  0.7870E+01
  5.181  0.3388E+00  0.7871E+01
  5.182  0.3379E+00  0.7871E+01
  5.183  0.3371E+00  0.7871E+01
  5.184  0.3362E+00  0.7872E+01
  5.185  0.3353E+00  0.7872E+01
  5.186  0.3345E+00  0.7872E+01
  5.187  0.3336E+00  0.7873E+01
  5.188  0.3328E+00  0.7873E+01
  5.189  0.3319E+00  0.7873E+01
  5.190  0.3311E+00  0.7874E+01
  5.191  0.3303E+00  0.7874E+01
  5.192  0.3294E+00  0.7874E+01
  5.193  0.3286E+00  0.7875E+01
  5.194  0.3278E+00  0.7875E+01
  5.195  0.3270E+00  0.7875E+01
  5.196  0.3262E+00  0.7876E+01
  5.197  0.3254E+00  0.7876E+01
  5.198  0.3246E+00  0.7876E+01
  5.199  0.3238E+00  0.7877E+01
  5.200  0.3230E+00  0.7877E+01
  5.201  0.3222E+00  0.7877E+01
  5.202  0.3215E+00  0.7878E+01
  5.203  0.3207E+00  0.7878E+01
  5.204  0.3200E+00  0.7878E+01
  5.205  0.3192E+00  0.7879E+01
  5.206  0.3185E+00  0.7879E+01
  5.207  0.3178E+00  0.7879E+01
  5.208  0.3171E+00  0.7880E+01
  5.209  0.3164E+00  0.7880E+01
  5.210  0.3157E+00  0.7880E+01
  5.211  0.3151E+00  0.7881E+01
  5.212  0.3145E+00  0.7881E+01
  5.213  0.3140E+00  0.7881E+01
  5.214  0.3135E+00  0.7881E+01
  5.215  0.3130E+00  0.7882E+01
  5.216  0.3126E+00  0.7882E+01
  5.217  0.3121E+00  0.7882E+01
  5.218  0.3116E+00  0.7883E+01
  5.219  0.3112E+00  0.7883E+01
  5.220  0.3107E+00  0.7883E+01
  5.221  0.3102E+00  0.7884E+01
  5.222  0.3098E+00  0.7884E+01
  5.223  0.3093E+00  0.7884E+01
  5.224  0.3088E+00  0.7885E+01
  5.225  0.3084E+00  0.7885E+01
  5.226  0.3079E+00  0.7885E+01
  5.227  0.3074E+00  0.7885E+01
  5.228  0.3070E+00  0.7886E+01
  5.229  0.3065E+00  0.7886E+01
  5.230  0.3061E+00  0.7886E+01
  5.231  0.3056E+00  0.7887E+01
  5.232  0.3051E+00  0.7887E+01
  5.233  0.3047E+00  0.7887E+01
  5.234  0.3042E+00  0.7888E+01
  5.235  0.3038E+00  0.7888E+01
  5.236  0.3033E+00  0.7888E+01
  5.237  0.3029E+00  0.7889E+01
  5.238  0.3024E+00  0.7889E+01
  5.239  0.3020E+00  0.7889E+01
  5.240  0.3016E+00  0.7889E+01
  5.241  0.3011E+00  0.7890E+01
  5.242  0.3007E+00  0.7890E+01
  5.243  0.3002E+00  0.7890E+01
  5.244  0.2998E+00  0.7891E+01
  5.245  0.2993E+00  0.7891E+01
  5.246  0.2989E+00  0.7891E+01
  5.247  0.2985E+00  0.7892E+01
  5.248  0.2980E+00  0.7892E+01
  5.249  0.2976E+00  0.7892E+01
  5.250  0.2972E+00  0.7892E+01
  5.251  0.2967E+00  0.7893E+01
  5.252  0.2963E+00  0.7893E+01
  5.253  0.2958E+00  0.7893E+01
  5.254  0.2954E+00  0.7894E+01
  5.255  0.2950E+00  0.7894E+01
  5.256  0.2946E+00  0.7894E+01
  5.257  0.2941E+00  0.7895E+01
  5.258  0.2937E+00  0.7895E+01
  5.259  0.2933E+00  0.7895E+01
  5.260  0.2928E+00  0.7895E+01
  5.261  0.2924E+00  0.7896E+01
  5.262  0.2920E+00  0.7896E+01
  5.263  0.2916E+00  0.7896E+01
  5.264  0.2911E+00  0.7897E+01
  5.265  0.2907E+00  0.7897E+01
  5.266  0.2903E+00  0.7897E+01
  5.267  0.2899E+00  0.7897E+01
  5.268  0.2894E+00  0.7898E+01
  5.269  0.2890E+00  0.7898E+01
  5.270  0.2886E+00  0.7898E+01
  5.271  0.2882E+00  0.7899E+01
  5.272  0.2878E+00  0.7899E+01
  5.273  0.2873E+00  0.7899E+01
  5.274  0.2869E+00  0.7899E+01
  5.275  0.2865E+00  0.7900E+01
  5.276  0.2862E+00  0.7900E+01
  5.277  0.2859E+00  0.7900E+01
  5.278  0.2856E+00  0.7901E+01
  5.279  0.2856E+00  0.7901E+01
  5.280  0.2852E+00  0.7901E+01
  5.281  0.2849E+00  0.7901E+01
  5.282  0.2845E+00  0.7902E+01
  5.283  0.2841E+00  0.7902E+01
  5.284  0.2837E+00  0.7902E+01
  5.285  0.2832E+00  0.7903E+01
  5.286  0.2828E+00  0.7903E+01
  5.287  0.2824E+00  0.7903E+01
  5.288  0.2820E+00  0.7903E+01
  5.289  0.2816E+00  0.7904E+01
  5.290  0.2812E+00  0.7904E+01
  5.291  0.2808E+00  0.7904E+01
  5.292  0.2804E+00  0.7905E+01
  5.293  0.2801E+00  0.7905E+01
  5.294  0.2798E+00  0.7905E+01
  5.295  0.2795E+00  0.7905E+01
  5.296  0.2791E+00  0.7906E+01
  5.297  0.2788E+00  0.7906E+01
  5.298  0.2784E+00  0.7906E+01
  5.299  0.2784E+00  0.7907E+01
  5.300  0.2783E+00  0.7907E+01
  5.301  0.2783E+00  0.7907E+01
  5.302  0.2782E+00  0.7907E+01
  5.303  0.2782E+00  0.7908E+01
  5.304  0.2781E+00  0.7908E+01
  5.305  0.2780E+00  0.7908E+01
  5.306  0.2779E+00  0.7908E+01
  5.307  0.2778E+00  0.7909E+01
  5.308  0.2777E+00  0.7909E+01
  5.309  0.2776E+00  0.7909E+01
  5.310  0.2775E+00  0.7910E+01
  5.311  0.2774E+00  0.7910E+01
  5.312  0.2773E+00  0.7910E+01
  5.313  0.2772E+00  0.7910E+01
  5.314  0.3071E+00  0.7911E+01
  5.315  0.3073E+00  0.7911E+01
  5.316  0.3019E+00  0.7911E+01
  5.317  0.2975E+00  0.7912E+01
  5.318  0.2943E+00  0.7912E+01
  5.319  0.2922E+00  0.7912E+01
  5.320  0.2912E+00  0.7912E+01
  5.321  0.2913E+00  0.7913E+01
  5.322  0.2918E+00  0.7913E+01
  5.323  0.2909E+00  0.7913E+01
  5.324  0.2900E+00  0.7914E+01
  5.325  0.2891E+00  0.7914E+01
  5.326  0.2882E+00  0.7914E+01
  5.327  0.2873E+00  0.7915E+01
  5.328  0.2864E+00  0.7915E+01
  5.329  0.2855E+00  0.7915E+01
  5.330  0.2845E+00  0.7915E+01
  5.331  0.2836E+00  0.7916E+01
  5.332  0.2827E+00  0.7916E+01
  5.333  0.2818E+00  0.7916E+01
  5.334  0.2809E+00  0.7917E+01
  5.335  0.2799E+00  0.7917E+01
  5.336  0.2790E+00  0.7917E+01
  5.337  0.2781E+00  0.7917E+01
  5.338  0.2772E+00  0.7918E+01
  5.339  0.2763E+00  0.7918E+01
  5.340  0.2753E+00  0.7918E+01
  5.341  0.2744E+00  0.7918E+01
  5.342  0.2735E+00  0.7919E+01
  5.343  0.2726E+00  0.7919E+01
  5.344  0.2716E+00  0.7919E+01
  5.345  0.2707E+00  0.7920E+01
  5.346  0.2698E+00  0.7920E+01
  5.347  0.2689E+00  0.7920E+01
  5.348  0.2679E+00  0.7920E+01
  5.349  0.2670E+00  0.7921E+01
  5.350  0.2661E+00  0.7921E+01
  5.351  0.2651E+00  0.7921E+01
  5.352  0.2642E+00  0.7921E+01
  5.353  0.2634E+00  0.7922E+01
  5.354  0.2626E+00  0.7922E+01
  5.355  0.2617E+00  0.7922E+01
  5.356  0.2609E+00  0.7922E+01
  5.357  0.2601E+00  0.7923E+01
  5.358  0.2593E+00  0.7923E+01
  5.359  0.2585E+00  0.7923E+01
  5.360  0.2577E+00  0.7923E+01
  5.361  0.2568E+00  0.7924E+01
  5.362  0.2560E+00  0.7924E+01
  5.363  0.2552E+00  0.7924E+01
  5.364  0.2544E+00  0.7925E+01
  5.365  0.2537E+00  0.7925E+01
  5.366  0.2529E+00  0.7925E+01
  5.367  0.2521E+00  0.7925E+01
  5.368  0.2514E+00  0.7926E+01
  5.369  0.2506E+00  0.7926E+01
  5.370  0.2499E+00  0.7926E+01
  5.371  0.2491E+00  0.7926E+01
  5.372  0.2484E+00  0.7927E+01
  5.373  0.2477E+00  0.7927E+01
  5.374  0.2469E+00  0.7927E+01
  5.375  0.2462E+00  0.7927E+01
  5.376  0.2455E+00  0.7927E+01
  5.377  0.2447E+00  0.7928E+01
  5.378  0.2440E+00  0.7928E+01
  5.379  0.2433E+00  0.7928E+01
  5.380  0.2426E+00  0.7928E+01
  5.381  0.2419E+00  0.7929E+01
  5.382  0.2412E+00  0.7929E+01
  5.383  0.2405E+00  0.7929E+01
  5.384  0.2398E+00  0.7929E+01
  5.385  0.2391E+00  0.7930E+01
  5.386  0.2384E+00  0.7930E+01
  5.387  0.2377E+00  0.7930E+01
  5.388  0.2370E+00  0.7930E+01
  5.389  0.2363E+00  0.7931E+01
  5.390  0.2356E+00  0.7931E+01
  5.391  0.2350E+00  0.7931E+01
  5.392  0.2343E+00  0.7931E+01
  5.393  0.2336E+00  0.7932E+01
  5.394  0.2330E+00  0.7932E+01
  5.395  0.2323E+00  0.7932E+01
  5.396  0.2317E+00  0.7932E+01
  5.397  0.2311E+00  0.7932E+01
  5.398  0.2305E+00  0.7933E+01
  5.399  0.2301E+00  0.7933E+01
  5.400  0.2297E+00  0.7933E+01
  5.401  0.2293E+00  0.7933E+01
  5.402  0.2289E+00  0.7934E+01
  5.403  0.2285E+00  0.7934E+01
  5.404  0.2281E+00  0.7934E+01
  5.405  0.2276E+00  0.7934E+01
  5.406  0.2273E+00  0.7935E+01
  5.407  0.2270E+00  0.7935E+01
  5.408  0.2267E+00  0.7935E+01
  5.409  0.2264E+00  0.7935E+01
  5.410  0.2261E+00  0.7935E+01
  5.411  0.2257E+00  0.7936E+01
  5.412  0.2254E+00  0.7936E+01
  5.413  0.2251E+00  0.7936E+01
  5.414  0.2247E+00  0.7936E+01
  5.415  0.2244E+00  0.7937E+01
  5.416  0.2241E+00  0.7937E+01
  5.417  0.2237E+00  0.7937E+01
  5.418  0.2234E+00  0.7937E+01
  5.419  0.2231E+00  0.7937E+01
  5.420  0.2227E+00  0.7938E+01
  5.421  0.2224E+00  0.7938E+01
  5.422  0.2220E+00  0.7938E+01
  5.423  0.2217E+00  0.7938E+01
  5.424  0.2213E+00  0.7939E+01
  5.425  0.2210E+00  0.7939E+01
  5.426  0.2206E+00  0.7939E+01
  5.427  0.2203E+00  0.7939E+01
  5.428  0.2199E+00  0.7939E+01
  5.429  0.2196E+00  0.7940E+01
  5.430  0.2192E+00  0.7940E+01
  5.431  0.2188E+00  0.7940E+01
  5.432  0.2185E+00  0.7940E+01
  5.433  0.2181E+00  0.7941E+01
  5.434  0.2177E+00  0.7941E+01
  5.435  0.2174E+00  0.7941E+01
  5.436  0.2170E+00  0.7941E+01
  5.437  0.2166E+00  0.7941E+01
  5.438  0.2162E+00  0.7942E+01
  5.439  0.2159E+00  0.7942E+01
  5.440  0.2155E+00  0.7942E+01
  5.441  0.2151E+00  0.7942E+01
  5.442  0.2147E+00  0.7943E+01
  5.443  0.2143E+00  0.7943E+01
  5.444  0.2139E+00  0.7943E+01
  5.445  0.2135E+00  0.7943E+01
  5.446  0.2131E+00  0.7943E+01
  5.447  0.2127E+00  0.7944E+01
  5.448  0.2123E+00  0.7944E+01
  5.449  0.2120E+00  0.7944E+01
  5.450  0.2118E+00  0.7944E+01
  5.451  0.2115E+00  0.7944E+01
  5.452  0.2113E+00  0.7945E+01
  5.453  0.2110E+00  0.7945E+01
  5.454  0.2107E+00  0.7945E+01
  5.455  0.2105E+00  0.7945E+01
  5.456  0.2102E+00  0.7945E+01
  5.457  0.2099E+00  0.7946E+01
  5.458  0.2097E+00  0.7946E+01
  5.459  0.2094E+00  0.7946E+01
  5.460  0.2092E+00  0.7946E+01
  5.461  0.2089E+00  0.7947E+01
  5.462  0.2086E+00  0.7947E+01
  5.463  0.2084E+00  0.7947E+01
  5.464  0.2081E+00  0.7947E+01
  5.465  0.2078E+00  0.7947E+01
  5.466  0.2076E+00  0.7948E+01
  5.467  0.2073E+00  0.7948E+01
  5.468  0.2070E+00  0.7948E+01
  5.469  0.2068E+00  0.7948E+01
  5.470  0.2065E+00  0.7948E+01
  5.471  0.2062E+00  0.7949E+01
  5.472  0.2060E+00  0.7949E+01
  5.473  0.2057E+00  0.7949E+01
  5.474  0.2055E+00  0.7949E+01
  5.475  0.2052E+00  0.7949E+01
  5.476  0.2049E+00  0.7950E+01
  5.477  0.2046E+00  0.7950E+01
  5.478  0.2043E+00  0.7950E+01
  5.479  0.2040E+00  0.7950E+01
  5.480  0.2037E+00  0.7950E+01
  5.481  0.2034E+00  0.7951E+01
  5.482  0.2031E+00  0.7951E+01
  5.483  0.2029E+00  0.7951E+01
  5.484  0.2026E+00  0.7951E+01
  5.485  0.2023E+00  0.7951E+01
  5.486  0.2020E+00  0.7952E+01
  5.487  0.2017E+00  0.7952E+01
  5.488  0.2015E+00  0.7952E+01
  5.489  0.2012E+00  0.7952E+01
  5.490  0.2019E+00  0.7952E+01
  5.491  0.2035E+00  0.7953E+01
  5.492  0.2057E+00  0.7953E+01
  5.493  0.2083E+00  0.7953E+01
  5.494  0.2115E+00  0.7953E+01
  5.495  0.2152E+00  0.7954E+01
  5.496  0.2194E+00  0.7954E+01
  5.497  0.2241E+00  0.7954E+01
  5.498  0.2273E+00  0.7954E+01
  5.499  0.2217E+00  0.7954E+01
  5.500  0.2171E+00  0.7955E+01
  5.501  0.2135E+00  0.7955E+01
  5.502  0.2108E+00  0.7955E+01
  5.503  0.2091E+00  0.7955E+01
  5.504  0.2082E+00  0.7955E+01
  5.505  0.2076E+00  0.7956E+01
  5.506  0.2069E+00  0.7956E+01
  5.507  0.2063E+00  0.7956E+01
  5.508  0.2056E+00  0.7956E+01
  5.509  0.2050E+00  0.7956E+01
  5.510  0.2043E+00  0.7957E+01
  5.511  0.2037E+00  0.7957E+01
  5.512  0.2031E+00  0.7957E+01
  5.513  0.2025E+00  0.7957E+01
  5.514  0.2019E+00  0.7958E+01
  5.515  0.2012E+00  0.7958E+01
  5.516  0.2007E+00  0.7958E+01
  5.517  0.2001E+00  0.7958E+01
  5.518  0.1995E+00  0.7958E+01
  5.519  0.1989E+00  0.7959E+01
  5.520  0.1983E+00  0.7959E+01
  5.521  0.1977E+00  0.7959E+01
  5.522  0.1972E+00  0.7959E+01
  5.523  0.1966E+00  0.7959E+01
  5.524  0.1961E+00  0.7959E+01
  5.525  0.1955E+00  0.7960E+01
  5.526  0.1950E+00  0.7960E+01
  5.527  0.1945E+00  0.7960E+01
  5.528  0.1939E+00  0.7960E+01
  5.529  0.1934E+00  0.7960E+01
  5.530  0.1934E+00  0.7961E+01
  5.531  0.1942E+00  0.7961E+01
  5.532  0.1948E+00  0.7961E+01
  5.533  0.1952E+00  0.7961E+01
  5.534  0.1953E+00  0.7961E+01
  5.535  0.1951E+00  0.7962E+01
  5.536  0.1947E+00  0.7962E+01
  5.537  0.1940E+00  0.7962E+01
  5.538  0.1931E+00  0.7962E+01
  5.539  0.1919E+00  0.7962E+01
  5.540  0.1905E+00  0.7963E+01
  5.541  0.1887E+00  0.7963E+01
  5.542  0.1868E+00  0.7963E+01
  5.543  0.1846E+00  0.7963E+01
  5.544  0.1822E+00  0.7963E+01
  5.545  0.1795E+00  0.7964E+01
  5.546  0.1783E+00  0.7964E+01
  5.547  0.1777E+00  0.7964E+01
  5.548  0.1770E+00  0.7964E+01
  5.549  0.1763E+00  0.7964E+01
  5.550  0.1757E+00  0.7964E+01
  5.551  0.1750E+00  0.7965E+01
  5.552  0.1744E+00  0.7965E+01
  5.553  0.1737E+00  0.7965E+01
  5.554  0.1731E+00  0.7965E+01
  5.555  0.1724E+00  0.7965E+01
  5.556  0.1718E+00  0.7965E+01
  5.557  0.1711E+00  0.7966E+01
  5.558  0.1705E+00  0.7966E+01
  5.559  0.1699E+00  0.7966E+01
  5.560  0.1692E+00  0.7966E+01
  5.561  0.1686E+00  0.7966E+01
  5.562  0.1680E+00  0.7966E+01
  5.563  0.1674E+00  0.7967E+01
  5.564  0.1668E+00  0.7967E+01
  5.565  0.1662E+00  0.7967E+01
  5.566  0.1656E+00  0.7967E+01
  5.567  0.1650E+00  0.7967E+01
  5.568  0.1645E+00  0.7967E+01
  5.569  0.1639E+00  0.7968E+01
  5.570  0.1633E+00  0.7968E+01
  5.571  0.1627E+00  0.7968E+01
  5.572  0.1621E+00  0.7968E+01
  5.573  0.1615E+00  0.7968E+01
  5.574  0.1609E+00  0.7968E+01
  5.575  0.1603E+00  0.7969E+01
  5.576  0.1597E+00  0.7969E+01
  5.577  0.1591E+00  0.7969E+01
  5.578  0.1585E+00  0.7969E+01
  5.579  0.1579E+00  0.7969E+01
  5.580  0.1573E+00  0.7969E+01
  5.581  0.1567E+00  0.7970E+01
  5.582  0.1561E+00  0.7970E+01
  5.583  0.1555E+00  0.7970E+01
  5.584  0.1551E+00  0.7970E+01
  5.585  0.1546E+00  0.7970E+01
  5.586  0.1542E+00  0.7970E+01
  5.587  0.1537E+00  0.7970E+01
  5.588  0.1533E+00  0.7971E+01
  5.589  0.1528E+00  0.7971E+01
  5.590  0.1524E+00  0.7971E+01
  5.591  0.1520E+00  0.7971E+01
  5.592  0.1515E+00  0.7971E+01
  5.593  0.1511E+00  0.7971E+01
  5.594  0.1507E+00  0.7972E+01
  5.595  0.1503E+00  0.7972E+01
  5.596  0.1499E+00  0.7972E+01
  5.597  0.1495E+00  0.7972E+01
  5.598  0.1490E+00  0.7972E+01
  5.599  0.1486E+00  0.7972E+01
  5.600  0.1482E+00  0.7972E+01
  5.601  0.1478E+00  0.7973E+01
  5.602  0.1475E+00  0.7973E+01
  5.603  0.1471E+00  0.7973E+01
  5.604  0.1467E+00  0.7973E+01
  5.605  0.1463E+00  0.7973E+01
  5.606  0.1459E+00  0.7973E+01
  5.607  0.1456E+00  0.7973E+01
  5.608  0.1452E+00  0.7974E+01
  5.609  0.1448E+00  0.7974E+01
  5.610  0.1445E+00  0.7974E+01
  5.611  0.1441E+00  0.7974E+01
  5.612  0.1437E+00  0.7974E+01
  5.613  0.1434E+00  0.7974E+01
  5.614  0.1431E+00  0.7974E+01
  5.615  0.1429E+00  0.7975E+01
  5.616  0.1428E+00  0.7975E+01
  5.617  0.1426E+00  0.7975E+01
  5.618  0.1424E+00  0.7975E+01
  5.619  0.1423E+00  0.7975E+01
  5.620  0.1422E+00  0.7975E+01
  5.621  0.1420E+00  0.7975E+01
  5.622  0.1419E+00  0.7976E+01
  5.623  0.1419E+00  0.7976E+01
  5.624  0.1419E+00  0.7976E+01
  5.625  0.1419E+00  0.7976E+01
  5.626  0.1419E+00  0.7976E+01
  5.627  0.1418E+00  0.7976E+01
  5.628  0.1418E+00  0.7976E+01
  5.629  0.1418E+00  0.7977E+01
  5.630  0.1418E+00  0.7977E+01
  5.631  0.1417E+00  0.7977E+01
  5.632  0.1417E+00  0.7977E+01
  5.633  0.1417E+00  0.7977E+01
  5.634  0.1416E+00  0.7977E+01
  5.635  0.1416E+00  0.7977E+01
  5.636  0.1416E+00  0.7978E+01
  5.637  0.1415E+00  0.7978E+01
  5.638  0.1415E+00  0.7978E+01
  5.639  0.1414E+00  0.7978E+01
  5.640  0.1414E+00  0.7978E+01
  5.641  0.1413E+00  0.7978E+01
  5.642  0.1413E+00  0.7978E+01
  5.643  0.1412E+00  0.7979E+01
  5.644  0.1412E+00  0.7979E+01
  5.645  0.1411E+00  0.7979E+01
  5.646  0.1411E+00  0.7979E+01
  5.647  0.1410E+00  0.7979E+01
  5.648  0.1408E+00  0.7979E+01
  5.649  0.1403E+00  0.7979E+01
  5.650  0.1398E+00  0.7980E+01
  5.651  0.1393E+00  0.7980E+01
  5.652  0.1388E+00  0.7980E+01
  5.653  0.1384E+00  0.7980E+01
  5.654  0.1379E+00  0.7980E+01
  5.655  0.1374E+00  0.7980E+01
  5.656  0.1370E+00  0.7980E+01
  5.657  0.1365E+00  0.7981E+01
  5.658  0.1361E+00  0.7981E+01
  5.659  0.1357E+00  0.7981E+01
  5.660  0.1352E+00  0.7981E+01
  5.661  0.1347E+00  0.7981E+01
  5.662  0.1342E+00  0.7981E+01
  5.663  0.1337E+00  0.7981E+01
  5.664  0.1332E+00  0.7981E+01
  5.665  0.1327E+00  0.7982E+01
  5.666  0.1322E+00  0.7982E+01
  5.667  0.1317E+00  0.7982E+01
  5.668  0.1312E+00  0.7982E+01
  5.669  0.1307E+00  0.7982E+01
  5.670  0.1302E+00  0.7982E+01
  5.671  0.1297E+00  0.7982E+01
  5.672  0.1292E+00  0.7983E+01
  5.673  0.1288E+00  0.7983E+01
  5.674  0.1283E+00  0.7983E+01
  5.675  0.1279E+00  0.7983E+01
  5.676  0.1274E+00  0.7983E+01
  5.677  0.1270E+00  0.7983E+01
  5.678  0.1265E+00  0.7983E+01
  5.679  0.1261E+00  0.7983E+01
  5.680  0.1256E+00  0.7984E+01
  5.681  0.1252E+00  0.7984E+01
  5.682  0.1247E+00  0.7984E+01
  5.683  0.1243E+00  0.7984E+01
  5.684  0.1238E+00  0.7984E+01
  5.685  0.1233E+00  0.7984E+01
  5.686  0.1229E+00  0.7984E+01
  5.687  0.1224E+00  0.7984E+01
  5.688  0.1220E+00  0.7985E+01
  5.689  0.1215E+00  0.7985E+01
  5.690  0.1210E+00  0.7985E+01
  5.691  0.1206E+00  0.7985E+01
  5.692  0.1201E+00  0.7985E+01
  5.693  0.1197E+00  0.7985E+01
  5.694  0.1192E+00  0.7985E+01
  5.695  0.1187E+00  0.7985E+01
  5.696  0.1183E+00  0.7985E+01
  5.697  0.1178E+00  0.7986E+01
  5.698  0.1173E+00  0.7986E+01
  5.699  0.1169E+00  0.7986E+01
  5.700  0.1164E+00  0.7986E+01
  5.701  0.1159E+00  0.7986E+01
  5.702  0.1155E+00  0.7986E+01
  5.703  0.1150E+00  0.7986E+01
  5.704  0.1145E+00  0.7986E+01
  5.705  0.1141E+00  0.7987E+01
  5.706  0.1136E+00  0.7987E+01
  5.707  0.1131E+00  0.7987E+01
  5.708  0.1126E+00  0.7987E+01
  5.709  0.1121E+00  0.7987E+01
  5.710  0.1116E+00  0.7987E+01
  5.711  0.1111E+00  0.7987E+01
  5.712  0.1106E+00  0.7987E+01
  5.713  0.1101E+00  0.7987E+01
  5.714  0.1096E+00  0.7988E+01
  5.715  0.1091E+00  0.7988E+01
  5.716  0.1085E+00  0.7988E+01
  5.717  0.1080E+00  0.7988E+01
  5.718  0.1074E+00  0.7988E+01
  5.719  0.1068E+00  0.7988E+01
  5.720  0.1063E+00  0.7988E+01
  5.721  0.1058E+00  0.7988E+01
  5.722  0.1054E+00  0.7988E+01
  5.723  0.1050E+00  0.7988E+01
  5.724  0.1045E+00  0.7989E+01
  5.725  0.1041E+00  0.7989E+01
  5.726  0.1036E+00  0.7989E+01
  5.727  0.1032E+00  0.7989E+01
  5.728  0.1027E+00  0.7989E+01
  5.729  0.1023E+00  0.7989E+01
  5.730  0.1018E+00  0.7989E+01
  5.731  0.1014E+00  0.7989E+01
  5.732  0.1009E+00  0.7989E+01
  5.733  0.1004E+00  0.7990E+01
  5.735  0.0000E+00  0.8000E+01
  6.395  0.0000E+00  0.8000E+01
  6.396  0.5643E-01  0.8005E+01
  6.397  0.5668E-01  0.8005E+01
  6.398  0.5693E-01  0.8006E+01
  6.399  0.5718E-01  0.8006E+01
  6.400  0.5743E-01  0.8006E+01
  6.401  0.5768E-01  0.8006E+01
  6.402  0.5793E-01  0.8006E+01
  6.403  0.5818E-01  0.8006E+01
  6.404  0.5843E-01  0.8006E+01
  6.405  0.5867E-01  0.8006E+01
  6.406  0.5892E-01  0.8006E+01
  6.407  0.5917E-01  0.8006E+01
  6.408  0.5942E-01  0.8006E+01
  6.409  0.5966E-01  0.8006E+01
  6.410  0.9547E-01  0.8006E+01
  6.411  0.1083E+00  0.8006E+01
  6.412  0.7400E-01  0.8006E+01
  6.413  0.5984E-01  0.8007E+01
  6.414  0.6005E-01  0.8007E+01
  6.415  0.6026E-01  0.8007E+01
  6.416  0.6048E-01  0.8007E+01
  6.417  0.6069E-01  0.8007E+01
  6.418  0.6090E-01  0.8007E+01
  6.419  0.6111E-01  0.8007E+01
  6.420  0.6132E-01  0.8007E+01
  6.421  0.6153E-01  0.8007E+01
  6.422  0.6174E-01  0.8007E+01
  6.423  0.6195E-01  0.8007E+01
  6.424  0.6216E-01  0.8007E+01
  6.425  0.6237E-01  0.8007E+01
  6.426  0.6258E-01  0.8007E+01
  6.427  0.6279E-01  0.8007E+01
  6.428  0.6300E-01  0.8007E+01
  6.429  0.6321E-01  0.8008E+01
  6.430  0.6342E-01  0.8008E+01
  6.431  0.6364E-01  0.8008E+01
  6.432  0.6391E-01  0.8008E+01
  6.433  0.6418E-01  0.8008E+01
  6.434  0.6445E-01  0.8008E+01
  6.435  0.6472E-01  0.8008E+01
  6.436  0.6499E-01  0.8008E+01
  6.437  0.6526E-01  0.8008E+01
  6.438  0.6554E-01  0.8008E+01
  6.439  0.6581E-01  0.8008E+01
  6.440  0.6608E-01  0.8008E+01
  6.441  0.6636E-01  0.8008E+01
  6.442  0.6663E-01  0.8008E+01
  6.443  0.6691E-01  0.8008E+01
  6.444  0.6718E-01  0.8008E+01
  6.445  0.6746E-01  0.8009E+01
  6.446  0.6774E-01  0.8009E+01
  6.447  0.6802E-01  0.8009E+01
  6.448  0.6830E-01  0.8009E+01
  6.449  0.6858E-01  0.8009E+01
  6.450  0.6886E-01  0.8009E+01
  6.451  0.6914E-01  0.8009E+01
  6.452  0.7100E-01  0.8009E+01
  6.453  0.8657E-01  0.8009E+01
  6.454  0.9491E-01  0.8009E+01
  6.455  0.9602E-01  0.8009E+01
  6.456  0.8991E-01  0.8009E+01
  6.457  0.7656E-01  0.8009E+01
  6.458  0.7025E-01  0.8010E+01
  6.459  0.7050E-01  0.8010E+01
  6.460  0.7076E-01  0.8010E+01
  6.461  0.7101E-01  0.8010E+01
  6.462  0.7126E-01  0.8010E+01
  6.463  0.7151E-01  0.8010E+01
  6.464  0.7177E-01  0.8010E+01
  6.465  0.7202E-01  0.8010E+01
  6.466  0.7228E-01  0.8010E+01
  6.467  0.7253E-01  0.8010E+01
  6.468  0.7279E-01  0.8010E+01
  6.469  0.7305E-01  0.8010E+01
  6.470  0.7330E-01  0.8010E+01
  6.471  0.7356E-01  0.8010E+01
  6.472  0.7382E-01  0.8011E+01
  6.473  0.7407E-01  0.8011E+01
  6.474  0.7433E-01  0.8011E+01
  6.475  0.7459E-01  0.8011E+01
  6.476  0.7485E-01  0.8011E+01
  6.477  0.7511E-01  0.8011E+01
  6.478  0.7537E-01  0.8011E+01
  6.479  0.7563E-01  0.8011E+01
  6.480  0.7589E-01  0.8011E+01
  6.481  0.7615E-01  0.8011E+01
  6.482  0.7641E-01  0.8011E+01
  6.483  0.7667E-01  0.8011E+01
  6.484  0.7693E-01  0.8011E+01
  6.485  0.7719E-01  0.8012E+01
  6.486  0.7745E-01  0.8012E+01
  6.487  0.7771E-01  0.8012E+01
  6.488  0.7797E-01  0.8012E+01
  6.489  0.7823E-01  0.8012E+01
  6.490  0.7850E-01  0.8012E+01
  6.491  0.7876E-01  0.8012E+01
  6.492  0.7902E-01  0.8012E+01
  6.493  0.7929E-01  0.8012E+01
  6.494  0.7955E-01  0.8012E+01
  6.495  0.7981E-01  0.8012E+01
  6.496  0.8008E-01  0.8012E+01
  6.497  0.8034E-01  0.8012E+01
  6.498  0.8060E-01  0.8013E+01
  6.499  0.8087E-01  0.8013E+01
  6.500  0.8113E-01  0.8013E+01
  6.501  0.8140E-01  0.8013E+01
  6.502  0.8167E-01  0.8013E+01
  6.503  0.8193E-01  0.8013E+01
  6.504  0.8220E-01  0.8013E+01
  6.505  0.8246E-01  0.8013E+01
  6.506  0.8273E-01  0.8013E+01
  6.507  0.8300E-01  0.8013E+01
  6.508  0.8327E-01  0.8013E+01
  6.509  0.8353E-01  0.8013E+01
  6.510  0.8380E-01  0.8014E+01
  6.511  0.8407E-01  0.8014E+01
  6.512  0.8434E-01  0.8014E+01
  6.513  0.8461E-01  0.8014E+01
  6.514  0.8487E-01  0.8014E+01
  6.515  0.8514E-01  0.8014E+01
  6.516  0.8541E-01  0.8014E+01
  6.517  0.8568E-01  0.8014E+01
  6.518  0.8595E-01  0.8014E+01
  6.519  0.8622E-01  0.8014E+01
  6.520  0.8649E-01  0.8014E+01
  6.521  0.8679E-01  0.8014E+01
  6.522  0.8708E-01  0.8015E+01
  6.523  0.8863E-01  0.8015E+01
  6.524  0.9335E-01  0.8015E+01
  6.525  0.9717E-01  0.8015E+01
  6.526  0.1001E+00  0.8015E+01
  6.527  0.1021E+00  0.8015E+01
  6.528  0.1032E+00  0.8015E+01
  6.529  0.1034E+00  0.8015E+01
  6.530  0.1026E+00  0.8015E+01
  6.531  0.1010E+00  0.8015E+01
  6.532  0.9861E-01  0.8016E+01
  6.533  0.9539E-01  0.8016E+01
  6.534  0.9464E-01  0.8016E+01
  6.535  0.9581E-01  0.8016E+01
  6.536  0.9700E-01  0.8016E+01
  6.537  0.9819E-01  0.8016E+01
  6.538  0.9938E-01  0.8016E+01
  6.539  0.1006E+00  0.8016E+01
  6.540  0.1018E+00  0.8016E+01
  6.541  0.1030E+00  0.8016E+01
  6.542  0.1042E+00  0.8017E+01
  6.543  0.1055E+00  0.8017E+01
  6.544  0.1067E+00  0.8017E+01
  6.545  0.1079E+00  0.8017E+01
  6.546  0.1092E+00  0.8017E+01
  6.547  0.1104E+00  0.8017E+01
  6.548  0.1117E+00  0.8017E+01
  6.549  0.1129E+00  0.8017E+01
  6.550  0.1144E+00  0.8017E+01
  6.551  0.1167E+00  0.8018E+01
  6.552  0.1190E+00  0.8018E+01
  6.553  0.1212E+00  0.8018E+01
  6.554  0.1235E+00  0.8018E+01
  6.555  0.1257E+00  0.8018E+01
  6.556  0.1279E+00  0.8018E+01
  6.557  0.1295E+00  0.8018E+01
  6.558  0.1311E+00  0.8018E+01
  6.559  0.1327E+00  0.8019E+01
  6.560  0.1343E+00  0.8019E+01
  6.561  0.1359E+00  0.8019E+01
  6.562  0.1375E+00  0.8019E+01
  6.563  0.1392E+00  0.8019E+01
  6.564  0.1408E+00  0.8019E+01
  6.565  0.1425E+00  0.8019E+01
  6.566  0.1441E+00  0.8020E+01
  6.567  0.1458E+00  0.8020E+01
  6.568  0.1475E+00  0.8020E+01
  6.569  0.1492E+00  0.8020E+01
  6.570  0.1510E+00  0.8020E+01
  6.571  0.1527E+00  0.8020E+01
  6.572  0.1544E+00  0.8020E+01
  6.573  0.1561E+00  0.8021E+01
  6.574  0.1578E+00  0.8021E+01
  6.575  0.1595E+00  0.8021E+01
  6.576  0.1611E+00  0.8021E+01
  6.577  0.1628E+00  0.8021E+01
  6.578  0.1645E+00  0.8021E+01
  6.579  0.1663E+00  0.8022E+01
  6.580  0.1680E+00  0.8022E+01
  6.581  0.1697E+00  0.8022E+01
  6.582  0.1715E+00  0.8022E+01
  6.583  0.1733E+00  0.8022E+01
  6.584  0.1751E+00  0.8022E+01
  6.585  0.1769E+00  0.8023E+01
  6.586  0.1787E+00  0.8023E+01
  6.587  0.1805E+00  0.8023E+01
  6.588  0.1823E+00  0.8023E+01
  6.589  0.1842E+00  0.8023E+01
  6.590  0.1861E+00  0.8024E+01
  6.591  0.1880E+00  0.8024E+01
  6.592  0.1898E+00  0.8024E+01
  6.593  0.1917E+00  0.8024E+01
  6.594  0.1936E+00  0.8024E+01
  6.595  0.1955E+00  0.8024E+01
  6.596  0.1974E+00  0.8025E+01
  6.597  0.1993E+00  0.8025E+01
  6.598  0.2012E+00  0.8025E+01
  6.599  0.2031E+00  0.8025E+01
  6.600  0.2051E+00  0.8025E+01
  6.601  0.2071E+00  0.8026E+01
  6.602  0.2091E+00  0.8026E+01
  6.603  0.2112E+00  0.8026E+01
  6.604  0.2133E+00  0.8026E+01
  6.605  0.2155E+00  0.8027E+01
  6.606  0.2177E+00  0.8027E+01
  6.607  0.2200E+00  0.8027E+01
  6.608  0.2209E+00  0.8027E+01
  6.609  0.2206E+00  0.8027E+01
  6.610  0.2202E+00  0.8028E+01
  6.611  0.2198E+00  0.8028E+01
  6.612  0.2192E+00  0.8028E+01
  6.613  0.2186E+00  0.8028E+01
  6.614  0.2186E+00  0.8029E+01
  6.615  0.2204E+00  0.8029E+01
  6.616  0.2223E+00  0.8029E+01
  6.617  0.2242E+00  0.8029E+01
  6.618  0.2261E+00  0.8029E+01
  6.619  0.2277E+00  0.8030E+01
  6.620  0.2288E+00  0.8030E+01
  6.621  0.2300E+00  0.8030E+01
  6.622  0.2313E+00  0.8030E+01
  6.623  0.2326E+00  0.8031E+01
  6.624  0.2339E+00  0.8031E+01
  6.625  0.2389E+00  0.8031E+01
  6.626  0.2450E+00  0.8031E+01
  6.627  0.2498E+00  0.8032E+01
  6.628  0.2532E+00  0.8032E+01
  6.629  0.2552E+00  0.8032E+01
  6.630  0.2559E+00  0.8032E+01
  6.631  0.2553E+00  0.8033E+01
  6.632  0.2533E+00  0.8033E+01
  6.633  0.2500E+00  0.8033E+01
  6.634  0.2460E+00  0.8033E+01
  6.635  0.2474E+00  0.8034E+01
  6.636  0.2487E+00  0.8034E+01
  6.637  0.2501E+00  0.8034E+01
  6.638  0.2511E+00  0.8034E+01
  6.639  0.2518E+00  0.8035E+01
  6.640  0.2525E+00  0.8035E+01
  6.641  0.2531E+00  0.8035E+01
  6.642  0.2538E+00  0.8035E+01
  6.643  0.2545E+00  0.8036E+01
  6.644  0.2552E+00  0.8036E+01
  6.645  0.2559E+00  0.8036E+01
  6.646  0.2566E+00  0.8036E+01
  6.647  0.2574E+00  0.8037E+01
  6.648  0.2586E+00  0.8037E+01
  6.649  0.2599E+00  0.8037E+01
  6.650  0.2612E+00  0.8037E+01
  6.651  0.2625E+00  0.8038E+01
  6.652  0.2638E+00  0.8038E+01
  6.653  0.2651E+00  0.8038E+01
  6.654  0.2664E+00  0.8038E+01
  6.655  0.2678E+00  0.8039E+01
  6.656  0.2691E+00  0.8039E+01
  6.657  0.2705E+00  0.8039E+01
  6.658  0.2719E+00  0.8039E+01
  6.659  0.2732E+00  0.8040E+01
  6.660  0.2746E+00  0.8040E+01
  6.661  0.2760E+00  0.8040E+01
  6.662  0.2774E+00  0.8041E+01
  6.663  0.2788E+00  0.8041E+01
  6.664  0.2803E+00  0.8041E+01
  6.665  0.2817E+00  0.8041E+01
  6.666  0.2830E+00  0.8042E+01
  6.667  0.2843E+00  0.8042E+01
  6.668  0.2855E+00  0.8042E+01
  6.669  0.2866E+00  0.8043E+01
  6.670  0.2877E+00  0.8043E+01
  6.671  0.2887E+00  0.8043E+01
  6.672  0.2897E+00  0.8043E+01
  6.673  0.2906E+00  0.8044E+01
  6.674  0.2914E+00  0.8044E+01
  6.675  0.2922E+00  0.8044E+01
  6.676  0.2929E+00  0.8045E+01
  6.677  0.2938E+00  0.8045E+01
  6.678  0.2954E+00  0.8045E+01
  6.679  0.2971E+00  0.8045E+01
  6.680  0.2988E+00  0.8046E+01
  6.681  0.3005E+00  0.8046E+01
  6.682  0.3022E+00  0.8046E+01
  6.683  0.3039E+00  0.8047E+01
  6.684  0.3057E+00  0.8047E+01
  6.685  0.3075E+00  0.8047E+01
  6.686  0.3093E+00  0.8048E+01
  6.687  0.3111E+00  0.8048E+01
  6.688  0.3129E+00  0.8048E+01
  6.689  0.3147E+00  0.8049E+01
  6.690  0.3166E+00  0.8049E+01
  6.691  0.3185E+00  0.8049E+01
  6.692  0.3204E+00  0.8050E+01
  6.693  0.3221E+00  0.8050E+01
  6.694  0.3234E+00  0.8050E+01
  6.695  0.3247E+00  0.8050E+01
  6.696  0.3260E+00  0.8051E+01
  6.697  0.3274E+00  0.8051E+01
  6.698  0.3287E+00  0.8051E+01
  6.699  0.3300E+00  0.8052E+01
  6.700  0.3314E+00  0.8052E+01
  6.701  0.3327E+00  0.8052E+01
  6.702  0.3340E+00  0.8053E+01
  6.703  0.3354E+00  0.8053E+01
  6.704  0.3367E+00  0.8053E+01
  6.705  0.3381E+00  0.8054E+01
  6.706  0.3394E+00  0.8054E+01
  6.707  0.3407E+00  0.8054E+01
  6.708  0.3421E+00  0.8055E+01
  6.709  0.3434E+00  0.8055E+01
  6.710  0.3447E+00  0.8056E+01
  6.711  0.3460E+00  0.8056E+01
  6.712  0.3474E+00  0.8056E+01
  6.713  0.3487E+00  0.8057E+01
  6.714  0.3500E+00  0.8057E+01
  6.715  0.3514E+00  0.8057E+01
  6.716  0.3527E+00  0.8058E+01
  6.717  0.3540E+00  0.8058E+01
  6.718  0.3553E+00  0.8058E+01
  6.719  0.3566E+00  0.8059E+01
  6.720  0.3579E+00  0.8059E+01
  6.721  0.3592E+00  0.8059E+01
  6.722  0.3605E+00  0.8060E+01
  6.723  0.3618E+00  0.8060E+01
  6.724  0.3631E+00  0.8060E+01
  6.725  0.3571E+00  0.8061E+01
  6.726  0.3581E+00  0.8061E+01
  6.727  0.3591E+00  0.8062E+01
  6.728  0.3601E+00  0.8062E+01
  6.729  0.3611E+00  0.8062E+01
  6.730  0.3621E+00  0.8063E+01
  6.731  0.3631E+00  0.8063E+01
  6.732  0.3641E+00  0.8063E+01
  6.733  0.3651E+00  0.8064E+01
  6.734  0.3662E+00  0.8064E+01
  6.735  0.3672E+00  0.8064E+01
  6.736  0.3682E+00  0.8065E+01
  6.737  0.3692E+00  0.8065E+01
  6.738  0.3702E+00  0.8066E+01
  6.739  0.3713E+00  0.8066E+01
  6.740  0.3723E+00  0.8066E+01
  6.741  0.3733E+00  0.8067E+01
  6.742  0.3743E+00  0.8067E+01
  6.743  0.3752E+00  0.8067E+01
  6.744  0.3761E+00  0.8068E+01
  6.745  0.3770E+00  0.8068E+01
  6.746  0.3797E+00  0.8069E+01
  6.747  0.3856E+00  0.8069E+01
  6.748  0.3902E+00  0.8069E+01
  6.749  0.3935E+00  0.8070E+01
  6.750  0.3954E+00  0.8070E+01
  6.751  0.3959E+00  0.8071E+01
  6.752  0.3952E+00  0.8071E+01
  6.753  0.3931E+00  0.8071E+01
  6.754  0.3896E+00  0.8072E+01
  6.755  0.3851E+00  0.8072E+01
  6.756  0.3838E+00  0.8072E+01
  6.757  0.3848E+00  0.8073E+01
  6.758  0.3858E+00  0.8073E+01
  6.759  0.3868E+00  0.8074E+01
  6.760  0.3879E+00  0.8074E+01
  6.761  0.3889E+00  0.8074E+01
  6.762  0.3899E+00  0.8075E+01
  6.763  0.3909E+00  0.8075E+01
  6.764  0.3920E+00  0.8076E+01
  6.765  0.3930E+00  0.8076E+01
  6.766  0.3941E+00  0.8076E+01
  6.767  0.3953E+00  0.8077E+01
  6.768  0.3965E+00  0.8077E+01
  6.769  0.3973E+00  0.8078E+01
  6.770  0.3982E+00  0.8078E+01
  6.771  0.3991E+00  0.8078E+01
  6.772  0.4001E+00  0.8079E+01
  6.773  0.4011E+00  0.8079E+01
  6.774  0.4022E+00  0.8080E+01
  6.775  0.4032E+00  0.8080E+01
  6.776  0.4043E+00  0.8080E+01
  6.777  0.4053E+00  0.8081E+01
  6.778  0.4064E+00  0.8081E+01
  6.779  0.4075E+00  0.8082E+01
  6.780  0.4085E+00  0.8082E+01
  6.781  0.4096E+00  0.8082E+01
  6.782  0.4107E+00  0.8083E+01
  6.783  0.4117E+00  0.8083E+01
  6.784  0.4128E+00  0.8084E+01
  6.785  0.4139E+00  0.8084E+01
  6.786  0.4150E+00  0.8084E+01
  6.787  0.4161E+00  0.8085E+01
  6.788  0.4172E+00  0.8085E+01
  6.789  0.4183E+00  0.8086E+01
  6.790  0.4194E+00  0.8086E+01
  6.791  0.4205E+00  0.8087E+01
  6.792  0.4215E+00  0.8087E+01
  6.793  0.4226E+00  0.8087E+01
  6.794  0.4237E+00  0.8088E+01
  6.795  0.4248E+00  0.8088E+01
  6.796  0.4259E+00  0.8089E+01
  6.797  0.4270E+00  0.8089E+01
  6.798  0.4281E+00  0.8090E+01
  6.799  0.4292E+00  0.8090E+01
  6.800  0.4303E+00  0.8090E+01
  6.801  0.4314E+00  0.8091E+01
  6.802  0.4325E+00  0.8091E+01
  6.803  0.4336E+00  0.8092E+01
  6.804  0.4347E+00  0.8092E+01
  6.805  0.4358E+00  0.8093E+01
  6.806  0.4370E+00  0.8093E+01
  6.807  0.4381E+00  0.8093E+01
  6.808  0.4392E+00  0.8094E+01
  6.809  0.4404E+00  0.8094E+01
  6.810  0.4415E+00  0.8095E+01
  6.811  0.4427E+00  0.8095E+01
  6.812  0.4439E+00  0.8096E+01
  6.813  0.4450E+00  0.8096E+01
  6.814  0.4462E+00  0.8097E+01
  6.815  0.4473E+00  0.8097E+01
  6.816  0.4485E+00  0.8097E+01
  6.817  0.4497E+00  0.8098E+01
  6.818  0.4509E+00  0.8098E+01
  6.819  0.4522E+00  0.8099E+01
  6.820  0.4534E+00  0.8099E+01
  6.821  0.4547E+00  0.8100E+01
  6.822  0.4559E+00  0.8100E+01
  6.823  0.4572E+00  0.8101E+01
  6.824  0.4585E+00  0.8101E+01
  6.825  0.4598E+00  0.8102E+01
  6.826  0.4611E+00  0.8102E+01
  6.827  0.4624E+00  0.8102E+01
  6.828  0.4638E+00  0.8103E+01
  6.829  0.4651E+00  0.8103E+01
  6.830  0.4665E+00  0.8104E+01
  6.831  0.4678E+00  0.8104E+01
  6.832  0.4692E+00  0.8105E+01
  6.833  0.4768E+00  0.8105E+01
  6.834  0.4782E+00  0.8106E+01
  6.835  0.4796E+00  0.8106E+01
  6.836  0.4810E+00  0.8107E+01
  6.837  0.4825E+00  0.8107E+01
  6.838  0.4839E+00  0.8108E+01
  6.839  0.4854E+00  0.8108E+01
  6.840  0.4868E+00  0.8109E+01
  6.841  0.4882E+00  0.8109E+01
  6.842  0.4896E+00  0.8110E+01
  6.843  0.4911E+00  0.8110E+01
  6.844  0.4925E+00  0.8111E+01
  6.845  0.4939E+00  0.8111E+01
  6.846  0.4953E+00  0.8112E+01
  6.847  0.4968E+00  0.8112E+01
  6.848  0.4982E+00  0.8113E+01
  6.849  0.4996E+00  0.8113E+01
  6.850  0.5011E+00  0.8114E+01
  6.851  0.5632E+00  0.8114E+01
  6.852  0.5479E+00  0.8115E+01
  6.853  0.5321E+00  0.8115E+01
  6.854  0.5159E+00  0.8116E+01
  6.855  0.5017E+00  0.8116E+01
  6.856  0.5028E+00  0.8117E+01
  6.857  0.5039E+00  0.8117E+01
  6.858  0.5050E+00  0.8118E+01
  6.859  0.5061E+00  0.8118E+01
  6.860  0.5072E+00  0.8119E+01
  6.861  0.5083E+00  0.8119E+01
  6.862  0.5094E+00  0.8120E+01
  6.863  0.5105E+00  0.8120E+01
  6.864  0.5116E+00  0.8121E+01
  6.865  0.5127E+00  0.8121E+01
  6.866  0.5139E+00  0.8122E+01
  6.867  0.5150E+00  0.8122E+01
  6.868  0.5161E+00  0.8123E+01
  6.869  0.5172E+00  0.8123E+01
  6.870  0.5184E+00  0.8124E+01
  6.871  0.5195E+00  0.8124E+01
  6.872  0.5206E+00  0.8125E+01
  6.873  0.5217E+00  0.8125E+01
  6.874  0.5228E+00  0.8126E+01
  6.875  0.5240E+00  0.8127E+01
  6.876  0.5251E+00  0.8127E+01
  6.877  0.5262E+00  0.8128E+01
  6.878  0.5273E+00  0.8128E+01
  6.879  0.5285E+00  0.8129E+01
  6.880  0.5296E+00  0.8129E+01
  6.881  0.5307E+00  0.8130E+01
  6.882  0.5318E+00  0.8130E+01
  6.883  0.5330E+00  0.8131E+01
  6.884  0.5341E+00  0.8131E+01
  6.885  0.5352E+00  0.8132E+01
  6.886  0.5399E+00  0.8132E+01
  6.887  0.5473E+00  0.8133E+01
  6.888  0.5528E+00  0.8133E+01
  6.889  0.5563E+00  0.8134E+01
  6.890  0.5577E+00  0.8135E+01
  6.891  0.5573E+00  0.8135E+01
  6.892  0.5548E+00  0.8136E+01
  6.893  0.5504E+00  0.8136E+01
  6.894  0.5443E+00  0.8137E+01
  6.895  0.5454E+00  0.8137E+01
  6.896  0.5465E+00  0.8138E+01
  6.897  0.5476E+00  0.8138E+01
  6.898  0.5487E+00  0.8139E+01
  6.899  0.5498E+00  0.8140E+01
  6.900  0.5509E+00  0.8140E+01
  6.901  0.5520E+00  0.8141E+01
  6.902  0.5531E+00  0.8141E+01
  6.903  0.5542E+00  0.8142E+01
  6.904  0.5552E+00  0.8142E+01
  6.905  0.5563E+00  0.8143E+01
  6.906  0.5574E+00  0.8143E+01
  6.907  0.5585E+00  0.8144E+01
  6.908  0.5596E+00  0.8145E+01
  6.909  0.5607E+00  0.8145E+01
  6.910  0.5618E+00  0.8146E+01
  6.911  0.5629E+00  0.8146E+01
  6.912  0.5640E+00  0.8147E+01
  6.913  0.5651E+00  0.8147E+01
  6.914  0.5661E+00  0.8148E+01
  6.915  0.5671E+00  0.8148E+01
  6.916  0.5681E+00  0.8149E+01
  6.917  0.5691E+00  0.8150E+01
  6.918  0.5701E+00  0.8150E+01
  6.919  0.5711E+00  0.8151E+01
  6.920  0.5721E+00  0.8151E+01
  6.921  0.5731E+00  0.8152E+01
  6.922  0.5741E+00  0.8152E+01
  6.923  0.5750E+00  0.8153E+01
  6.924  0.5760E+00  0.8154E+01
  6.925  0.5769E+00  0.8154E+01
  6.926  0.5778E+00  0.8155E+01
  6.927  0.5784E+00  0.8155E+01
  6.928  0.5792E+00  0.8156E+01
  6.929  0.5801E+00  0.8157E+01
  6.930  0.5810E+00  0.8157E+01
  6.931  0.5819E+00  0.8158E+01
  6.932  0.5829E+00  0.8158E+01
  6.933  0.5839E+00  0.8159E+01
  6.934  0.5849E+00  0.8159E+01
  6.935  0.5858E+00  0.8160E+01
  6.936  0.5868E+00  0.8161E+01
  6.937  0.5878E+00  0.8161E+01
  6.938  0.5889E+00  0.8162E+01
  6.939  0.5902E+00  0.8162E+01
  6.940  0.5915E+00  0.8163E+01
  6.941  0.5928E+00  0.8164E+01
  6.942  0.5941E+00  0.8164E+01
  6.943  0.5954E+00  0.8165E+01
  6.944  0.5967E+00  0.8165E+01
  6.945  0.5980E+00  0.8166E+01
  6.946  0.5992E+00  0.8167E+01
  6.947  0.6005E+00  0.8167E+01
  6.948  0.6018E+00  0.8168E+01
  6.949  0.6031E+00  0.8168E+01
  6.950  0.6043E+00  0.8169E+01
  6.951  0.6056E+00  0.8170E+01
  6.952  0.6069E+00  0.8170E+01
  6.953  0.6081E+00  0.8171E+01
  6.954  0.6094E+00  0.8171E+01
  6.955  0.6106E+00  0.8172E+01
  6.956  0.6119E+00  0.8173E+01
  6.957  0.6131E+00  0.8173E+01
  6.958  0.6144E+00  0.8174E+01
  6.959  0.6156E+00  0.8174E+01
  6.960  0.6169E+00  0.8175E+01
  6.961  0.6181E+00  0.8176E+01
  6.962  0.6193E+00  0.8176E+01
  6.963  0.6206E+00  0.8177E+01
  6.964  0.6218E+00  0.8178E+01
  6.965  0.6230E+00  0.8178E+01
  6.966  0.6243E+00  0.8179E+01
  6.967  0.6255E+00  0.8179E+01
  6.968  0.6267E+00  0.8180E+01
  6.969  0.6279E+00  0.8181E+01
  6.970  0.6291E+00  0.8181E+01
  6.971  0.6303E+00  0.8182E+01
  6.972  0.6316E+00  0.8183E+01
  6.973  0.6328E+00  0.8183E+01
  6.974  0.6340E+00  0.8184E+01
  6.975  0.6352E+00  0.8184E+01
  6.976  0.6364E+00  0.8185E+01
  6.977  0.6376E+00  0.8186E+01
  6.978  0.6388E+00  0.8186E+01
  6.979  0.6400E+00  0.8187E+01
  6.980  0.6412E+00  0.8188E+01
  6.981  0.6424E+00  0.8188E+01
  6.982  0.6436E+00  0.8189E+01
  6.983  0.6448E+00  0.8190E+01
  6.984  0.6461E+00  0.8190E+01
  6.985  0.6473E+00  0.8191E+01
  6.986  0.6486E+00  0.8192E+01
  6.987  0.6498E+00  0.8192E+01
  6.988  0.6511E+00  0.8193E+01
  6.989  0.6525E+00  0.8193E+01
  6.990  0.6538E+00  0.8194E+01
  6.991  0.6552E+00  0.8195E+01
  6.992  0.6566E+00  0.8195E+01
  6.993  0.6580E+00  0.8196E+01
  6.994  0.6594E+00  0.8197E+01
  6.995  0.6609E+00  0.8197E+01
  6.996  0.6623E+00  0.8198E+01
  6.997  0.6637E+00  0.8199E+01
  6.998  0.6650E+00  0.8199E+01
  6.999  0.6667E+00  0.8200E+01
  7.000  0.6685E+00  0.8201E+01
  7.001  0.6704E+00  0.8201E+01
  7.002  0.6722E+00  0.8202E+01
  7.003  0.6741E+00  0.8203E+01
  7.004  0.6759E+00  0.8203E+01
  7.005  0.6774E+00  0.8204E+01
  7.006  0.6788E+00  0.8205E+01
  7.007  0.6801E+00  0.8205E+01
  7.008  0.6814E+00  0.8206E+01
  7.009  0.6828E+00  0.8207E+01
  7.010  0.6843E+00  0.8208E+01
  7.011  0.6856E+00  0.8208E+01
  7.012  0.6870E+00  0.8209E+01
  7.013  0.6883E+00  0.8210E+01
  7.014  0.6895E+00  0.8210E+01
  7.015  0.6908E+00  0.8211E+01
  7.016  0.6919E+00  0.8212E+01
  7.017  0.6931E+00  0.8212E+01
  7.018  0.6942E+00  0.8213E+01
  7.019  0.6953E+00  0.8214E+01
  7.020  0.6963E+00  0.8214E+01
  7.021  0.6973E+00  0.8215E+01
  7.022  0.6983E+00  0.8216E+01
  7.023  0.6991E+00  0.8217E+01
  7.024  0.7000E+00  0.8217E+01
  7.025  0.7010E+00  0.8218E+01
  7.026  0.7021E+00  0.8219E+01
  7.027  0.7031E+00  0.8219E+01
  7.028  0.7042E+00  0.8220E+01
  7.029  0.7053E+00  0.8221E+01
  7.030  0.7064E+00  0.8221E+01
  7.031  0.7075E+00  0.8222E+01
  7.032  0.7087E+00  0.8223E+01
  7.033  0.7099E+00  0.8224E+01
  7.034  0.7113E+00  0.8224E+01
  7.035  0.7129E+00  0.8225E+01
  7.036  0.7146E+00  0.8226E+01
  7.037  0.7162E+00  0.8226E+01
  7.038  0.8321E+00  0.8227E+01
  7.039  0.7185E+00  0.8228E+01
  7.040  0.7201E+00  0.8229E+01
  7.041  0.7216E+00  0.8229E+01
  7.042  0.7231E+00  0.8230E+01
  7.043  0.7246E+00  0.8231E+01
  7.044  0.7261E+00  0.8232E+01
  7.045  0.7276E+00  0.8232E+01
  7.046  0.7291E+00  0.8233E+01
  7.047  0.7306E+00  0.8234E+01
  7.048  0.7320E+00  0.8235E+01
  7.049  0.7335E+00  0.8235E+01
  7.050  0.7349E+00  0.8236E+01
  7.051  0.7363E+00  0.8237E+01
  7.052  0.7378E+00  0.8237E+01
  7.053  0.7392E+00  0.8238E+01
  7.054  0.7406E+00  0.8239E+01
  7.055  0.7419E+00  0.8240E+01
  7.056  0.7433E+00  0.8240E+01
  7.057  0.7446E+00  0.8241E+01
  7.058  0.7459E+00  0.8242E+01
  7.059  0.7472E+00  0.8243E+01
  7.060  0.7485E+00  0.8243E+01
  7.061  0.7498E+00  0.8244E+01
  7.062  0.7511E+00  0.8245E+01
  7.063  0.7524E+00  0.8246E+01
  7.064  0.7536E+00  0.8246E+01
  7.065  0.7549E+00  0.8247E+01
  7.066  0.7562E+00  0.8248E+01
  7.067  0.7575E+00  0.8249E+01
  7.068  0.7588E+00  0.8249E+01
  7.069  0.7600E+00  0.8250E+01
  7.070  0.7613E+00  0.8251E+01
  7.071  0.7626E+00  0.8252E+01
  7.072  0.7639E+00  0.8252E+01
  7.073  0.7651E+00  0.8253E+01
  7.074  0.7664E+00  0.8254E+01
  7.075  0.7677E+00  0.8255E+01
  7.076  0.7689E+00  0.8256E+01
  7.077  0.7702E+00  0.8256E+01
  7.078  0.7715E+00  0.8257E+01
  7.079  0.7727E+00  0.8258E+01
  7.080  0.7740E+00  0.8259E+01
  7.081  0.7753E+00  0.8259E+01
  7.082  0.7765E+00  0.8260E+01
  7.083  0.7778E+00  0.8261E+01
  7.084  0.7790E+00  0.8262E+01
  7.085  0.7803E+00  0.8263E+01
  7.086  0.7816E+00  0.8263E+01
  7.087  0.7828E+00  0.8264E+01
  7.088  0.7841E+00  0.8265E+01
  7.089  0.7854E+00  0.8266E+01
  7.090  0.7866E+00  0.8266E+01
  7.091  0.7879E+00  0.8267E+01
  7.092  0.7892E+00  0.8268E+01
  7.093  0.7905E+00  0.8269E+01
  7.094  0.7918E+00  0.8270E+01
  7.095  0.7931E+00  0.8270E+01
  7.096  0.7944E+00  0.8271E+01
  7.097  0.7957E+00  0.8272E+01
  7.098  0.7969E+00  0.8273E+01
  7.099  0.7982E+00  0.8274E+01
  7.100  0.7994E+00  0.8274E+01
  7.101  0.8006E+00  0.8275E+01
  7.102  0.8018E+00  0.8276E+01
  7.103  0.8029E+00  0.8277E+01
  7.104  0.8038E+00  0.8278E+01
  7.105  0.8046E+00  0.8278E+01
  7.106  0.8055E+00  0.8279E+01
  7.107  0.8064E+00  0.8280E+01
  7.108  0.8073E+00  0.8281E+01
  7.109  0.8083E+00  0.8282E+01
  7.110  0.8093E+00  0.8282E+01
  7.111  0.8103E+00  0.8283E+01
  7.112  0.8114E+00  0.8284E+01
  7.113  0.8125E+00  0.8285E+01
  7.114  0.8137E+00  0.8286E+01
  7.115  0.8148E+00  0.8287E+01
  7.116  0.8160E+00  0.8287E+01
  7.117  0.8172E+00  0.8288E+01
  7.118  0.8183E+00  0.8289E+01
  7.119  0.8195E+00  0.8290E+01
  7.120  0.8207E+00  0.8291E+01
  7.121  0.8219E+00  0.8291E+01
  7.122  0.8231E+00  0.8292E+01
  7.123  0.8243E+00  0.8293E+01
  7.124  0.8254E+00  0.8294E+01
  7.125  0.8266E+00  0.8295E+01
  7.126  0.8278E+00  0.8296E+01
  7.127  0.8290E+00  0.8296E+01
  7.128  0.8301E+00  0.8297E+01
  7.129  0.8313E+00  0.8298E+01
  7.130  0.8325E+00  0.8299E+01
  7.131  0.8336E+00  0.8300E+01
  7.132  0.8348E+00  0.8301E+01
  7.133  0.8359E+00  0.8301E+01
  7.134  0.8371E+00  0.8302E+01
  7.135  0.8383E+00  0.8303E+01
  7.136  0.8394E+00  0.8304E+01
  7.137  0.8406E+00  0.8305E+01
  7.138  0.8417E+00  0.8306E+01
  7.139  0.8429E+00  0.8306E+01
  7.140  0.8440E+00  0.8307E+01
  7.141  0.8452E+00  0.8308E+01
  7.142  0.8464E+00  0.8309E+01
  7.143  0.8475E+00  0.8310E+01
  7.144  0.8487E+00  0.8311E+01
  7.145  0.8499E+00  0.8311E+01
  7.146  0.8510E+00  0.8312E+01
  7.147  0.8522E+00  0.8313E+01
  7.148  0.8534E+00  0.8314E+01
  7.149  0.8545E+00  0.8315E+01
  7.150  0.8557E+00  0.8316E+01
  7.151  0.8569E+00  0.8317E+01
  7.152  0.8580E+00  0.8317E+01
  7.153  0.8592E+00  0.8318E+01
  7.154  0.8603E+00  0.8319E+01
  7.155  0.8615E+00  0.8320E+01
  7.156  0.8626E+00  0.8321E+01
  7.157  0.8637E+00  0.8322E+01
  7.158  0.8648E+00  0.8323E+01
  7.159  0.8659E+00  0.8324E+01
  7.160  0.8670E+00  0.8324E+01
  7.161  0.8681E+00  0.8325E+01
  7.162  0.8698E+00  0.8326E+01
  7.163  0.8722E+00  0.8327E+01
  7.164  0.8743E+00  0.8328E+01
  7.165  0.8764E+00  0.8329E+01
  7.166  0.8783E+00  0.8330E+01
  7.167  0.8801E+00  0.8330E+01
  7.168  0.8817E+00  0.8331E+01
  7.169  0.8831E+00  0.8332E+01
  7.170  0.8845E+00  0.8333E+01
  7.171  0.8857E+00  0.8334E+01
  7.172  0.8865E+00  0.8335E+01
  7.173  0.8869E+00  0.8336E+01
  7.174  0.8871E+00  0.8337E+01
  7.175  0.8872E+00  0.8338E+01
  7.176  0.8871E+00  0.8338E+01
  7.177  0.8869E+00  0.8339E+01
  7.178  0.8865E+00  0.8340E+01
  7.179  0.8860E+00  0.8341E+01
  7.180  0.8853E+00  0.8342E+01
  7.181  0.8845E+00  0.8343E+01
  7.182  0.8843E+00  0.8344E+01
  7.183  0.8848E+00  0.8345E+01
  7.184  0.8852E+00  0.8346E+01
  7.185  0.8856E+00  0.8346E+01
  7.186  0.8861E+00  0.8347E+01
  7.187  0.8865E+00  0.8348E+01
  7.188  0.8870E+00  0.8349E+01
  7.189  0.8881E+00  0.8350E+01
  7.190  0.8895E+00  0.8351E+01
  7.191  0.8909E+00  0.8352E+01
  7.192  0.8923E+00  0.8353E+01
  7.193  0.8937E+00  0.8354E+01
  7.194  0.8951E+00  0.8354E+01
  7.195  0.8965E+00  0.8355E+01
  7.196  0.8979E+00  0.8356E+01
  7.197  0.8992E+00  0.8357E+01
  7.198  0.9005E+00  0.8358E+01
  7.199  0.9018E+00  0.8359E+01
  7.200  0.9031E+00  0.8360E+01
  7.201  0.9044E+00  0.8361E+01
  7.202  0.9055E+00  0.8362E+01
  7.203  0.9065E+00  0.8363E+01
  7.204  0.9076E+00  0.8363E+01
  7.205  0.9087E+00  0.8364E+01
  7.206  0.9097E+00  0.8365E+01
  7.207  0.9108E+00  0.8366E+01
  7.208  0.9119E+00  0.8367E+01
  7.209  0.9130E+00  0.8368E+01
  7.210  0.9142E+00  0.8369E+01
  7.211  0.9153E+00  0.8370E+01
  7.212  0.9165E+00  0.8371E+01
  7.213  0.9177E+00  0.8372E+01
  7.214  0.9188E+00  0.8373E+01
  7.215  0.9200E+00  0.8374E+01
  7.216  0.9212E+00  0.8374E+01
  7.217  0.9223E+00  0.8375E+01
  7.218  0.9235E+00  0.8376E+01
  7.219  0.9246E+00  0.8377E+01
  7.220  0.9258E+00  0.8378E+01
  7.221  0.9270E+00  0.8379E+01
  7.222  0.9282E+00  0.8380E+01
  7.223  0.9293E+00  0.8381E+01
  7.224  0.9305E+00  0.8382E+01
  7.225  0.9317E+00  0.8383E+01
  7.226  0.9329E+00  0.8384E+01
  7.227  0.9340E+00  0.8385E+01
  7.228  0.9352E+00  0.8386E+01
  7.229  0.9363E+00  0.8387E+01
  7.230  0.9373E+00  0.8387E+01
  7.231  0.9383E+00  0.8388E+01
  7.232  0.9393E+00  0.8389E+01
  7.233  0.9404E+00  0.8390E+01
  7.234  0.9414E+00  0.8391E+01
  7.235  0.9424E+00  0.8392E+01
  7.236  0.9434E+00  0.8393E+01
  7.237  0.9445E+00  0.8394E+01
  7.238  0.9455E+00  0.8395E+01
  7.239  0.9466E+00  0.8396E+01
  7.240  0.9476E+00  0.8397E+01
  7.241  0.9486E+00  0.8398E+01
  7.242  0.9497E+00  0.8399E+01
  7.243  0.9507E+00  0.8400E+01
  7.244  0.9518E+00  0.8401E+01
  7.245  0.9528E+00  0.8402E+01
  7.246  0.9539E+00  0.8403E+01
  7.247  0.9549E+00  0.8404E+01
  7.248  0.9560E+00  0.8405E+01
  7.249  0.9571E+00  0.8405E+01
  7.250  0.9581E+00  0.8406E+01
  7.251  0.9592E+00  0.8407E+01
  7.252  0.9603E+00  0.8408E+01
  7.253  0.9614E+00  0.8409E+01
  7.254  0.9624E+00  0.8410E+01
  7.255  0.9635E+00  0.8411E+01
  7.256  0.9646E+00  0.8412E+01
  7.257  0.9657E+00  0.8413E+01
  7.258  0.9668E+00  0.8414E+01
  7.259  0.9678E+00  0.8415E+01
  7.260  0.9689E+00  0.8416E+01
  7.261  0.9700E+00  0.8417E+01
  7.262  0.9711E+00  0.8418E+01
  7.263  0.9722E+00  0.8419E+01
  7.264  0.9733E+00  0.8420E+01
  7.265  0.9744E+00  0.8421E+01
  7.266  0.9754E+00  0.8422E+01
  7.267  0.9766E+00  0.8423E+01
  7.268  0.9778E+00  0.8424E+01
  7.269  0.9791E+00  0.8425E+01
  7.270  0.9803E+00  0.8426E+01
  7.271  0.9814E+00  0.8427E+01
  7.272  0.9825E+00  0.8428E+01
  7.273  0.9837E+00  0.8429E+01
  7.274  0.9848E+00  0.8430E+01
  7.275  0.9860E+00  0.8431E+01
  7.276  0.9871E+00  0.8432E+01
  7.277  0.9883E+00  0.8433E+01
  7.278  0.9894E+00  0.8434E+01
  7.279  0.9905E+00  0.8435E+01
  7.280  0.9918E+00  0.8436E+01
  7.281  0.9931E+00  0.8437E+01
  7.282  0.9943E+00  0.8438E+01
  7.283  0.9956E+00  0.8439E+01
  7.284  0.9969E+00  0.8440E+01
  7.285  0.9982E+00  0.8441E+01
  7.286  0.9995E+00  0.8442E+01
  7.287  0.1001E+01  0.8443E+01
  7.288  0.1002E+01  0.8444E+01
  7.289  0.1003E+01  0.8445E+01
  7.290  0.1005E+01  0.8446E+01
  7.291  0.1006E+01  0.8447E+01
  7.292  0.1008E+01  0.8448E+01
  7.293  0.1009E+01  0.8449E+01
  7.294  0.1011E+01  0.8450E+01
  7.295  0.1012E+01  0.8451E+01
  7.296  0.1013E+01  0.8452E+01
  7.297  0.1015E+01  0.8453E+01
  7.298  0.1016E+01  0.8454E+01
  7.299  0.1018E+01  0.8455E+01
  7.300  0.1019E+01  0.8456E+01
  7.301  0.1021E+01  0.8457E+01
  7.302  0.1022E+01  0.8458E+01
  7.303  0.1023E+01  0.8459E+01
  7.304  0.1025E+01  0.8460E+01
  7.305  0.1026E+01  0.8461E+01
  7.306  0.1028E+01  0.8462E+01
  7.307  0.1029E+01  0.8463E+01
  7.308  0.1030E+01  0.8464E+01
  7.309  0.1032E+01  0.8465E+01
  7.310  0.1033E+01  0.8466E+01
  7.311  0.1034E+01  0.8467E+01
  7.312  0.1036E+01  0.8468E+01
  7.313  0.1037E+01  0.8469E+01
  7.314  0.1038E+01  0.8470E+01
  7.315  0.1040E+01  0.8471E+01
  7.316  0.1041E+01  0.8472E+01
  7.317  0.1043E+01  0.8473E+01
  7.318  0.1044E+01  0.8474E+01
  7.319  0.1045E+01  0.8475E+01
  7.320  0.1047E+01  0.8476E+01
  7.321  0.1048E+01  0.8478E+01
  7.322  0.1049E+01  0.8479E+01
  7.323  0.1051E+01  0.8480E+01
  7.324  0.1052E+01  0.8481E+01
  7.325  0.1053E+01  0.8482E+01
  7.326  0.1055E+01  0.8483E+01
  7.327  0.1056E+01  0.8484E+01
  7.328  0.1057E+01  0.8485E+01
  7.329  0.1059E+01  0.8486E+01
  7.330  0.1060E+01  0.8487E+01
  7.331  0.1061E+01  0.8488E+01
  7.332  0.1063E+01  0.8489E+01
  7.333  0.1064E+01  0.8490E+01
  7.334  0.1065E+01  0.8491E+01
  7.335  0.1067E+01  0.8492E+01
  7.336  0.1068E+01  0.8493E+01
  7.337  0.1069E+01  0.8494E+01
  7.338  0.1070E+01  0.8496E+01
  7.339  0.1071E+01  0.8497E+01
  7.340  0.1072E+01  0.8498E+01
  7.341  0.1073E+01  0.8499E+01
  7.342  0.1074E+01  0.8500E+01
  7.343  0.1076E+01  0.8501E+01
  7.344  0.1077E+01  0.8502E+01
  7.345  0.1078E+01  0.8503E+01
  7.346  0.1079E+01  0.8504E+01
  7.347  0.1080E+01  0.8505E+01
  7.348  0.1082E+01  0.8506E+01
  7.349  0.1083E+01  0.8507E+01
  7.350  0.1084E+01  0.8508E+01
  7.351  0.1085E+01  0.8510E+01
  7.352  0.1087E+01  0.8511E+01
  7.353  0.1088E+01  0.8512E+01
  7.354  0.1089E+01  0.8513E+01
  7.355  0.1090E+01  0.8514E+01
  7.356  0.1092E+01  0.8515E+01
  7.357  0.1093E+01  0.8516E+01
  7.358  0.1094E+01  0.8517E+01
  7.359  0.1096E+01  0.8518E+01
  7.360  0.1097E+01  0.8519E+01
  7.361  0.1099E+01  0.8520E+01
  7.362  0.1100E+01  0.8522E+01
  7.363  0.1102E+01  0.8523E+01
  7.364  0.1103E+01  0.8524E+01
  7.365  0.1105E+01  0.8525E+01
  7.366  0.1106E+01  0.8526E+01
  7.367  0.1107E+01  0.8527E+01
  7.368  0.1108E+01  0.8528E+01
  7.369  0.1109E+01  0.8529E+01
  7.370  0.1110E+01  0.8530E+01
  7.371  0.1111E+01  0.8532E+01
  7.372  0.1112E+01  0.8533E+01
  7.373  0.1113E+01  0.8534E+01
  7.374  0.1114E+01  0.8535E+01
  7.375  0.1115E+01  0.8536E+01
  7.376  0.1117E+01  0.8537E+01
  7.377  0.1118E+01  0.8538E+01
  7.378  0.1119E+01  0.8539E+01
  7.379  0.1120E+01  0.8540E+01
  7.380  0.1121E+01  0.8542E+01
  7.381  0.1122E+01  0.8543E+01
  7.382  0.1123E+01  0.8544E+01
  7.383  0.1124E+01  0.8545E+01
  7.384  0.1125E+01  0.8546E+01
  7.385  0.1127E+01  0.8547E+01
  7.386  0.1128E+01  0.8548E+01
  7.387  0.1129E+01  0.8549E+01
  7.388  0.1130E+01  0.8551E+01
  7.389  0.1131E+01  0.8552E+01
  7.390  0.1132E+01  0.8553E+01
  7.391  0.1134E+01  0.8554E+01
  7.392  0.1135E+01  0.8555E+01
  7.393  0.1136E+01  0.8556E+01
  7.394  0.1137E+01  0.8557E+01
  7.395  0.1139E+01  0.8559E+01
  7.396  0.1140E+01  0.8560E+01
  7.397  0.1142E+01  0.8561E+01
  7.398  0.1143E+01  0.8562E+01
  7.399  0.1144E+01  0.8563E+01
  7.400  0.1146E+01  0.8564E+01
  7.401  0.1148E+01  0.8565E+01
  7.402  0.1149E+01  0.8567E+01
  7.403  0.1151E+01  0.8568E+01
  7.404  0.1152E+01  0.8569E+01
  7.405  0.1153E+01  0.8570E+01
  7.406  0.1154E+01  0.8571E+01
  7.407  0.1155E+01  0.8572E+01
  7.408  0.1157E+01  0.8573E+01
  7.409  0.1158E+01  0.8575E+01
  7.410  0.1159E+01  0.8576E+01
  7.411  0.1160E+01  0.8577E+01
  7.412  0.1162E+01  0.8578E+01
  7.413  0.1163E+01  0.8579E+01
  7.414  0.1164E+01  0.8580E+01
  7.415  0.1165E+01  0.8582E+01
  7.416  0.1167E+01  0.8583E+01
  7.417  0.1168E+01  0.8584E+01
  7.418  0.1169E+01  0.8585E+01
  7.419  0.1171E+01  0.8586E+01
  7.420  0.1172E+01  0.8587E+01
  7.421  0.1173E+01  0.8589E+01
  7.422  0.1174E+01  0.8590E+01
  7.423  0.1176E+01  0.8591E+01
  7.424  0.1177E+01  0.8592E+01
  7.425  0.1179E+01  0.8593E+01
  7.426  0.1180E+01  0.8595E+01
  7.427  0.1182E+01  0.8596E+01
  7.428  0.1183E+01  0.8597E+01
  7.429  0.1185E+01  0.8598E+01
  7.430  0.1186E+01  0.8599E+01
  7.431  0.1187E+01  0.8600E+01
  7.432  0.1189E+01  0.8602E+01
  7.433  0.1190E+01  0.8603E+01
  7.434  0.1192E+01  0.8604E+01
  7.435  0.1193E+01  0.8605E+01
  7.436  0.1195E+01  0.8606E+01
  7.437  0.1196E+01  0.8608E+01
  7.438  0.1198E+01  0.8609E+01
  7.439  0.1200E+01  0.8610E+01
  7.440  0.1201E+01  0.8611E+01
  7.441  0.1203E+01  0.8612E+01
  7.442  0.1205E+01  0.8614E+01
  7.443  0.1207E+01  0.8615E+01
  7.444  0.1208E+01  0.8616E+01
  7.445  0.1212E+01  0.8617E+01
  7.446  0.1217E+01  0.8618E+01
  7.447  0.1221E+01  0.8620E+01
  7.448  0.1225E+01  0.8621E+01
  7.449  0.1228E+01  0.8622E+01
  7.450  0.1231E+01  0.8623E+01
  7.451  0.1234E+01  0.8625E+01
  7.452  0.1236E+01  0.8626E+01
  7.453  0.1239E+01  0.8627E+01
  7.454  0.1242E+01  0.8628E+01
  7.455  0.1245E+01  0.8630E+01
  7.456  0.1248E+01  0.8631E+01
  7.457  0.1250E+01  0.8632E+01
  7.458  0.1253E+01  0.8633E+01
  7.459  0.1256E+01  0.8635E+01
  7.460  0.1259E+01  0.8636E+01
  7.461  0.1262E+01  0.8637E+01
  7.462  0.1265E+01  0.8638E+01
  7.463  0.1267E+01  0.8640E+01
  7.464  0.1269E+01  0.8641E+01
  7.465  0.1272E+01  0.8642E+01
  7.466  0.1274E+01  0.8643E+01
  7.467  0.1276E+01  0.8645E+01
  7.468  0.1279E+01  0.8646E+01
  7.469  0.1281E+01  0.8647E+01
  7.470  0.1283E+01  0.8649E+01
  7.471  0.1285E+01  0.8650E+01
  7.472  0.1287E+01  0.8651E+01
  7.473  0.1290E+01  0.8652E+01
  7.474  0.1292E+01  0.8654E+01
  7.475  0.1294E+01  0.8655E+01
  7.476  0.1296E+01  0.8656E+01
  7.477  0.1298E+01  0.8658E+01
  7.478  0.1300E+01  0.8659E+01
  7.479  0.1303E+01  0.8660E+01
  7.480  0.1305E+01  0.8661E+01
  7.481  0.1307E+01  0.8663E+01
  7.482  0.1309E+01  0.8664E+01
  7.483  0.1311E+01  0.8665E+01
  7.484  0.1313E+01  0.8667E+01
  7.485  0.1315E+01  0.8668E+01
  7.486  0.1317E+01  0.8669E+01
  7.487  0.1319E+01  0.8671E+01
  7.488  0.1321E+01  0.8672E+01
  7.489  0.1323E+01  0.8673E+01
  7.490  0.1325E+01  0.8675E+01
  7.491  0.1327E+01  0.8676E+01
  7.492  0.1329E+01  0.8677E+01
  7.493  0.1331E+01  0.8679E+01
  7.494  0.1333E+01  0.8680E+01
  7.495  0.1335E+01  0.8681E+01
  7.496  0.1337E+01  0.8683E+01
  7.497  0.1339E+01  0.8684E+01
  7.498  0.1341E+01  0.8685E+01
  7.499  0.1343E+01  0.8687E+01
  7.500  0.1346E+01  0.8688E+01
  7.501  0.1348E+01  0.8689E+01
  7.502  0.1350E+01  0.8691E+01
  7.503  0.1352E+01  0.8692E+01
  7.504  0.1354E+01  0.8693E+01
  7.505  0.1356E+01  0.8695E+01
  7.506  0.1359E+01  0.8696E+01
  7.507  0.1361E+01  0.8697E+01
  7.508  0.1363E+01  0.8699E+01
  7.509  0.1365E+01  0.8700E+01
  7.510  0.1368E+01  0.8702E+01
  7.511  0.1370E+01  0.8703E+01
  7.512  0.1372E+01  0.8704E+01
  7.513  0.1375E+01  0.8706E+01
  7.514  0.1377E+01  0.8707E+01
  7.515  0.1379E+01  0.8708E+01
  7.516  0.1382E+01  0.8710E+01
  7.517  0.1384E+01  0.8711E+01
  7.518  0.1387E+01  0.8713E+01
  7.519  0.1389E+01  0.8714E+01
  7.520  0.1391E+01  0.8715E+01
  7.521  0.1394E+01  0.8717E+01
  7.522  0.1396E+01  0.8718E+01
  7.523  0.1399E+01  0.8720E+01
  7.524  0.1401E+01  0.8721E+01
  7.525  0.1404E+01  0.8722E+01
  7.526  0.1406E+01  0.8724E+01
  7.527  0.1409E+01  0.8725E+01
  7.528  0.1411E+01  0.8727E+01
  7.529  0.1414E+01  0.8728E+01
  7.530  0.1417E+01  0.8729E+01
  7.531  0.1419E+01  0.8731E+01
  7.532  0.1422E+01  0.8732E+01
  7.533  0.1425E+01  0.8734E+01
  7.534  0.1427E+01  0.8735E+01
  7.535  0.1430E+01  0.8737E+01
  7.536  0.1433E+01  0.8738E+01
  7.537  0.1435E+01  0.8739E+01
  7.538  0.1438E+01  0.8741E+01
  7.539  0.1441E+01  0.8742E+01
  7.540  0.1444E+01  0.8744E+01
  7.541  0.1447E+01  0.8745E+01
  7.542  0.1450E+01  0.8747E+01
  7.543  0.1453E+01  0.8748E+01
  7.544  0.1455E+01  0.8750E+01
  7.545  0.1458E+01  0.8751E+01
  7.546  0.1461E+01  0.8752E+01
  7.547  0.1464E+01  0.8754E+01
  7.548  0.1467E+01  0.8755E+01
  7.549  0.1470E+01  0.8757E+01
  7.550  0.1473E+01  0.8758E+01
  7.551  0.1476E+01  0.8760E+01
  7.552  0.1480E+01  0.8761E+01
  7.553  0.1483E+01  0.8763E+01
  7.554  0.1486E+01  0.8764E+01
  7.555  0.1489E+01  0.8766E+01
  7.556  0.1493E+01  0.8767E+01
  7.557  0.1496E+01  0.8769E+01
  7.558  0.1499E+01  0.8770E+01
  7.559  0.1503E+01  0.8772E+01
  7.560  0.1506E+01  0.8773E+01
  7.561  0.1509E+01  0.8775E+01
  7.562  0.1513E+01  0.8776E+01
  7.563  0.1516E+01  0.8778E+01
  7.564  0.1520E+01  0.8779E+01
  7.565  0.1523E+01  0.8781E+01
  7.566  0.1527E+01  0.8782E+01
  7.567  0.1530E+01  0.8784E+01
  7.568  0.1534E+01  0.8785E+01
  7.569  0.1538E+01  0.8787E+01
  7.570  0.1541E+01  0.8789E+01
  7.571  0.1545E+01  0.8790E+01
  7.572  0.1549E+01  0.8792E+01
  7.573  0.1552E+01  0.8793E+01
  7.574  0.1556E+01  0.8795E+01
  7.575  0.1560E+01  0.8796E+01
  7.576  0.1564E+01  0.8798E+01
  7.577  0.1567E+01  0.8799E+01
  7.578  0.1571E+01  0.8801E+01
  7.579  0.1575E+01  0.8803E+01
  7.580  0.1579E+01  0.8804E+01
  7.581  0.1583E+01  0.8806E+01
  7.582  0.1588E+01  0.8807E+01
  7.583  0.1592E+01  0.8809E+01
  7.584  0.1597E+01  0.8810E+01
  7.585  0.1601E+01  0.8812E+01
  7.586  0.1606E+01  0.8814E+01
  7.587  0.1611E+01  0.8815E+01
  7.588  0.1616E+01  0.8817E+01
  7.589  0.1621E+01  0.8819E+01
  7.590  0.1627E+01  0.8820E+01
  7.591  0.1633E+01  0.8822E+01
  7.592  0.1639E+01  0.8823E+01
  7.593  0.1646E+01  0.8825E+01
  7.594  0.1652E+01  0.8827E+01
  7.595  0.1658E+01  0.8828E+01
  7.596  0.1664E+01  0.8830E+01
  7.597  0.1670E+01  0.8832E+01
  7.598  0.1677E+01  0.8833E+01
  7.599  0.1686E+01  0.8835E+01
  7.600  0.1694E+01  0.8837E+01
  7.601  0.1701E+01  0.8838E+01
  7.602  0.1707E+01  0.8840E+01
  7.603  0.1711E+01  0.8842E+01
  7.604  0.1715E+01  0.8844E+01
  7.605  0.1717E+01  0.8845E+01
  7.606  0.1718E+01  0.8847E+01
  7.607  0.1718E+01  0.8849E+01
  7.608  0.1720E+01  0.8851E+01
  7.609  0.1723E+01  0.8852E+01
  7.610  0.1726E+01  0.8854E+01
  7.611  0.1728E+01  0.8856E+01
  7.612  0.1731E+01  0.8857E+01
  7.613  0.1733E+01  0.8859E+01
  7.614  0.1735E+01  0.8861E+01
  7.615  0.1738E+01  0.8863E+01
  7.616  0.1741E+01  0.8864E+01
  7.617  0.1743E+01  0.8866E+01
  7.618  0.1745E+01  0.8868E+01
  7.619  0.1746E+01  0.8870E+01
  7.620  0.1747E+01  0.8871E+01
  7.621  0.1748E+01  0.8873E+01
  7.622  0.1749E+01  0.8875E+01
  7.623  0.1750E+01  0.8877E+01
  7.624  0.1751E+01  0.8878E+01
  7.625  0.1752E+01  0.8880E+01
  7.626  0.1753E+01  0.8882E+01
  7.627  0.1754E+01  0.8884E+01
  7.628  0.1755E+01  0.8885E+01
  7.629  0.1756E+01  0.8887E+01
  7.630  0.1757E+01  0.8889E+01
  7.631  0.1759E+01  0.8891E+01
  7.632  0.1760E+01  0.8892E+01
  7.633  0.1762E+01  0.8894E+01
  7.634  0.1764E+01  0.8896E+01
  7.635  0.1766E+01  0.8898E+01
  7.636  0.1768E+01  0.8899E+01
  7.637  0.1770E+01  0.8901E+01
  7.638  0.1772E+01  0.8903E+01
  7.639  0.1774E+01  0.8905E+01
  7.640  0.1776E+01  0.8907E+01
  7.641  0.1779E+01  0.8908E+01
  7.642  0.1781E+01  0.8910E+01
  7.643  0.1783E+01  0.8912E+01
  7.644  0.1785E+01  0.8914E+01
  7.645  0.1787E+01  0.8915E+01
  7.646  0.1790E+01  0.8917E+01
  7.647  0.1792E+01  0.8919E+01
  7.648  0.1794E+01  0.8921E+01
  7.649  0.1796E+01  0.8923E+01
  7.650  0.1799E+01  0.8924E+01
  7.651  0.1801E+01  0.8926E+01
  7.652  0.1803E+01  0.8928E+01
  7.653  0.1806E+01  0.8930E+01
  7.654  0.1808E+01  0.8932E+01
  7.655  0.1810E+01  0.8933E+01
  7.656  0.1813E+01  0.8935E+01
  7.657  0.1815E+01  0.8937E+01
  7.658  0.1817E+01  0.8939E+01
  7.659  0.1819E+01  0.8941E+01
  7.660  0.1822E+01  0.8943E+01
  7.661  0.1824E+01  0.8944E+01
  7.662  0.1827E+01  0.8946E+01
  7.663  0.1811E+01  0.8948E+01
  7.664  0.1787E+01  0.8950E+01
  7.665  0.1786E+01  0.8952E+01
  7.666  0.1786E+01  0.8953E+01
  7.667  0.1785E+01  0.8955E+01
  7.668  0.1785E+01  0.8957E+01
  7.669  0.1785E+01  0.8959E+01
  7.670  0.1785E+01  0.8960E+01
  7.671  0.1784E+01  0.8962E+01
  7.672  0.1784E+01  0.8964E+01
  7.673  0.1784E+01  0.8966E+01
  7.674  0.1784E+01  0.8968E+01
  7.675  0.1784E+01  0.8969E+01
  7.676  0.1784E+01  0.8971E+01
  7.677  0.1784E+01  0.8973E+01
  7.678  0.1785E+01  0.8975E+01
  7.679  0.1785E+01  0.8977E+01
  7.680  0.1785E+01  0.8978E+01
  7.681  0.1786E+01  0.8980E+01
  7.682  0.1786E+01  0.8982E+01
  7.683  0.1787E+01  0.8984E+01
  7.684  0.1787E+01  0.8985E+01
  7.685  0.1788E+01  0.8987E+01
  7.686  0.1789E+01  0.8989E+01
  7.687  0.1790E+01  0.8991E+01
  7.688  0.1790E+01  0.8993E+01
  7.689  0.1791E+01  0.8994E+01
  7.690  0.1792E+01  0.8996E+01
  7.691  0.1792E+01  0.8998E+01
  7.692  0.1793E+01  0.9000E+01
  7.693  0.1794E+01  0.9002E+01
  7.694  0.1794E+01  0.9003E+01
  7.695  0.1793E+01  0.9005E+01
  7.696  0.1793E+01  0.9007E+01
  7.697  0.1792E+01  0.9009E+01
  7.698  0.1791E+01  0.9011E+01
  7.699  0.1790E+01  0.9012E+01
  7.700  0.1789E+01  0.9014E+01
  7.701  0.1787E+01  0.9016E+01
  7.702  0.1786E+01  0.9018E+01
  7.703  0.1785E+01  0.9020E+01
  7.704  0.1783E+01  0.9021E+01
  7.705  0.1782E+01  0.9023E+01
  7.706  0.1780E+01  0.9025E+01
  7.707  0.1778E+01  0.9027E+01
  7.708  0.1777E+01  0.9028E+01
  7.709  0.1776E+01  0.9030E+01
  7.710  0.1776E+01  0.9032E+01
  7.711  0.1775E+01  0.9034E+01
  7.712  0.1774E+01  0.9036E+01
  7.713  0.1774E+01  0.9037E+01
  7.714  0.1773E+01  0.9039E+01
  7.715  0.1773E+01  0.9041E+01
  7.716  0.1772E+01  0.9043E+01
  7.717  0.1772E+01  0.9044E+01
  7.718  0.1772E+01  0.9046E+01
  7.719  0.1772E+01  0.9048E+01
  7.720  0.1772E+01  0.9050E+01
  7.721  0.1773E+01  0.9051E+01
  7.722  0.1773E+01  0.9053E+01
  7.723  0.1773E+01  0.9055E+01
  7.724  0.1773E+01  0.9057E+01
  7.725  0.1773E+01  0.9059E+01
  7.726  0.1775E+01  0.9060E+01
  7.727  0.1776E+01  0.9062E+01
  7.728  0.1778E+01  0.9064E+01
  7.729  0.1781E+01  0.9066E+01
  7.730  0.1782E+01  0.9067E+01
  7.731  0.1782E+01  0.9069E+01
  7.732  0.1782E+01  0.9071E+01
  7.733  0.1782E+01  0.9073E+01
  7.734  0.1781E+01  0.9075E+01
  7.735  0.1781E+01  0.9076E+01
  7.736  0.1781E+01  0.9078E+01
  7.737  0.1780E+01  0.9080E+01
  7.738  0.1780E+01  0.9082E+01
  7.739  0.1779E+01  0.9083E+01
  7.740  0.1778E+01  0.9085E+01
  7.741  0.1778E+01  0.9087E+01
  7.742  0.1777E+01  0.9089E+01
  7.743  0.1776E+01  0.9091E+01
  7.744  0.1776E+01  0.9092E+01
  7.745  0.1776E+01  0.9094E+01
  7.746  0.1776E+01  0.9096E+01
  7.747  0.1776E+01  0.9098E+01
  7.748  0.1776E+01  0.9099E+01
  7.749  0.1776E+01  0.9101E+01
  7.750  0.1776E+01  0.9103E+01
  7.751  0.1776E+01  0.9105E+01
  7.752  0.1776E+01  0.9107E+01
  7.753  0.1775E+01  0.9108E+01
  7.754  0.1775E+01  0.9110E+01
  7.755  0.1775E+01  0.9112E+01
  7.756  0.1775E+01  0.9114E+01
  7.757  0.1775E+01  0.9115E+01
  7.758  0.1775E+01  0.9117E+01
  7.759  0.1775E+01  0.9119E+01
  7.760  0.1774E+01  0.9121E+01
  7.761  0.1774E+01  0.9123E+01
  7.762  0.1773E+01  0.9124E+01
  7.763  0.1772E+01  0.9126E+01
  7.764  0.1772E+01  0.9128E+01
  7.765  0.1771E+01  0.9130E+01
  7.766  0.1770E+01  0.9131E+01
  7.767  0.1769E+01  0.9133E+01
  7.768  0.1769E+01  0.9135E+01
  7.769  0.1769E+01  0.9137E+01
  7.770  0.1768E+01  0.9138E+01
  7.771  0.1768E+01  0.9140E+01
  7.772  0.1767E+01  0.9142E+01
  7.773  0.1767E+01  0.9144E+01
  7.774  0.1767E+01  0.9146E+01
  7.775  0.1766E+01  0.9147E+01
  7.776  0.1766E+01  0.9149E+01
  7.777  0.1765E+01  0.9151E+01
  7.778  0.1765E+01  0.9153E+01
  7.779  0.1764E+01  0.9154E+01
  7.780  0.1764E+01  0.9156E+01
  7.781  0.1764E+01  0.9158E+01
  7.782  0.1763E+01  0.9160E+01
  7.783  0.1763E+01  0.9161E+01
  7.784  0.1762E+01  0.9163E+01
  7.785  0.1762E+01  0.9165E+01
  7.786  0.1761E+01  0.9167E+01
  7.787  0.1761E+01  0.9168E+01
  7.788  0.1760E+01  0.9170E+01
  7.789  0.1760E+01  0.9172E+01
  7.790  0.1760E+01  0.9174E+01
  7.791  0.1759E+01  0.9176E+01
  7.792  0.1758E+01  0.9177E+01
  7.793  0.1758E+01  0.9179E+01
  7.794  0.1757E+01  0.9181E+01
  7.795  0.1757E+01  0.9183E+01
  7.796  0.1757E+01  0.9184E+01
  7.797  0.1756E+01  0.9186E+01
  7.798  0.1756E+01  0.9188E+01
  7.799  0.1756E+01  0.9190E+01
  7.800  0.1755E+01  0.9191E+01
  7.801  0.1755E+01  0.9193E+01
  7.802  0.1755E+01  0.9195E+01
  7.803  0.1755E+01  0.9197E+01
  7.804  0.1754E+01  0.9198E+01
  7.805  0.1754E+01  0.9200E+01
  7.806  0.1754E+01  0.9202E+01
  7.807  0.1754E+01  0.9204E+01
  7.808  0.1754E+01  0.9205E+01
  7.809  0.1754E+01  0.9207E+01
  7.810  0.1754E+01  0.9209E+01
  7.811  0.1753E+01  0.9211E+01
  7.812  0.1753E+01  0.9212E+01
  7.813  0.1753E+01  0.9214E+01
  7.814  0.1753E+01  0.9216E+01
  7.815  0.1752E+01  0.9218E+01
  7.816  0.1752E+01  0.9219E+01
  7.817  0.1751E+01  0.9221E+01
  7.818  0.1750E+01  0.9223E+01
  7.819  0.1749E+01  0.9225E+01
  7.820  0.1748E+01  0.9226E+01
  7.821  0.1747E+01  0.9228E+01
  7.822  0.1747E+01  0.9230E+01
  7.823  0.1746E+01  0.9232E+01
  7.824  0.1745E+01  0.9233E+01
  7.825  0.1744E+01  0.9235E+01
  7.826  0.1743E+01  0.9237E+01
  7.827  0.1742E+01  0.9239E+01
  7.828  0.1742E+01  0.9240E+01
  7.829  0.1741E+01  0.9242E+01
  7.830  0.1741E+01  0.9244E+01
  7.831  0.1742E+01  0.9246E+01
  7.832  0.1743E+01  0.9247E+01
  7.833  0.1746E+01  0.9249E+01
  7.834  0.1748E+01  0.9251E+01
  7.835  0.1750E+01  0.9253E+01
  7.836  0.1752E+01  0.9254E+01
  7.837  0.1749E+01  0.9256E+01
  7.838  0.1742E+01  0.9258E+01
  7.839  0.1735E+01  0.9260E+01
  7.840  0.1729E+01  0.9261E+01
  7.841  0.1723E+01  0.9263E+01
  7.842  0.1719E+01  0.9265E+01
  7.843  0.1716E+01  0.9266E+01
  7.844  0.1714E+01  0.9268E+01
  7.845  0.1711E+01  0.9270E+01
  7.846  0.1708E+01  0.9272E+01
  7.847  0.1705E+01  0.9273E+01
  7.848  0.1703E+01  0.9275E+01
  7.849  0.1700E+01  0.9277E+01
  7.850  0.1698E+01  0.9278E+01
  7.851  0.1696E+01  0.9280E+01
  7.852  0.1693E+01  0.9282E+01
  7.853  0.1691E+01  0.9283E+01
  7.854  0.1688E+01  0.9285E+01
  7.855  0.1686E+01  0.9287E+01
  7.856  0.1684E+01  0.9288E+01
  7.857  0.1682E+01  0.9290E+01
  7.858  0.1679E+01  0.9292E+01
  7.859  0.1677E+01  0.9294E+01
  7.860  0.1675E+01  0.9295E+01
  7.861  0.1673E+01  0.9297E+01
  7.862  0.1675E+01  0.9299E+01
  7.863  0.1679E+01  0.9300E+01
  7.864  0.1681E+01  0.9302E+01
  7.865  0.1681E+01  0.9304E+01
  7.866  0.1680E+01  0.9305E+01
  7.867  0.1677E+01  0.9307E+01
  7.868  0.1673E+01  0.9309E+01
  7.869  0.1667E+01  0.9310E+01
  7.870  0.1662E+01  0.9312E+01
  7.871  0.1660E+01  0.9314E+01
  7.872  0.1658E+01  0.9315E+01
  7.873  0.1654E+01  0.9317E+01
  7.874  0.1651E+01  0.9319E+01
  7.875  0.1647E+01  0.9320E+01
  7.876  0.1644E+01  0.9322E+01
  7.877  0.1641E+01  0.9323E+01
  7.878  0.1638E+01  0.9325E+01
  7.879  0.1635E+01  0.9327E+01
  7.880  0.1632E+01  0.9328E+01
  7.881  0.1630E+01  0.9330E+01
  7.882  0.1627E+01  0.9332E+01
  7.883  0.1624E+01  0.9333E+01
  7.884  0.1621E+01  0.9335E+01
  7.885  0.1619E+01  0.9337E+01
  7.886  0.1616E+01  0.9338E+01
  7.887  0.1614E+01  0.9340E+01
  7.888  0.1612E+01  0.9341E+01
  7.889  0.1610E+01  0.9343E+01
  7.890  0.1608E+01  0.9345E+01
  7.891  0.1606E+01  0.9346E+01
  7.892  0.1604E+01  0.9348E+01
  7.893  0.1602E+01  0.9349E+01
  7.894  0.1600E+01  0.9351E+01
  7.895  0.1598E+01  0.9353E+01
  7.896  0.1597E+01  0.9354E+01
  7.897  0.1595E+01  0.9356E+01
  7.898  0.1593E+01  0.9357E+01
  7.899  0.1591E+01  0.9359E+01
  7.900  0.1589E+01  0.9361E+01
  7.901  0.1587E+01  0.9362E+01
  7.902  0.1585E+01  0.9364E+01
  7.903  0.1582E+01  0.9365E+01
  7.904  0.1580E+01  0.9367E+01
  7.905  0.1577E+01  0.9368E+01
  7.906  0.1575E+01  0.9370E+01
  7.907  0.1572E+01  0.9372E+01
  7.908  0.1570E+01  0.9373E+01
  7.909  0.1567E+01  0.9375E+01
  7.910  0.1565E+01  0.9376E+01
  7.911  0.1562E+01  0.9378E+01
  7.912  0.1560E+01  0.9379E+01
  7.913  0.1558E+01  0.9381E+01
  7.914  0.1557E+01  0.9383E+01
  7.915  0.1556E+01  0.9384E+01
  7.916  0.1555E+01  0.9386E+01
  7.917  0.1554E+01  0.9387E+01
  7.918  0.1553E+01  0.9389E+01
  7.919  0.1552E+01  0.9390E+01
  7.920  0.1551E+01  0.9392E+01
  7.921  0.1551E+01  0.9393E+01
  7.922  0.1550E+01  0.9395E+01
  7.923  0.1549E+01  0.9397E+01
  7.924  0.1549E+01  0.9398E+01
  7.925  0.1548E+01  0.9400E+01
  7.926  0.1547E+01  0.9401E+01
  7.927  0.1545E+01  0.9403E+01
  7.928  0.1543E+01  0.9404E+01
  7.929  0.1541E+01  0.9406E+01
  7.930  0.1539E+01  0.9407E+01
  7.931  0.1537E+01  0.9409E+01
  7.932  0.1535E+01  0.9410E+01
  7.933  0.1532E+01  0.9412E+01
  7.934  0.1530E+01  0.9413E+01
  7.935  0.1527E+01  0.9415E+01
  7.936  0.1524E+01  0.9417E+01
  7.937  0.1521E+01  0.9418E+01
  7.938  0.1518E+01  0.9420E+01
  7.939  0.1515E+01  0.9421E+01
  7.940  0.1512E+01  0.9423E+01
  7.941  0.1508E+01  0.9424E+01
  7.942  0.1505E+01  0.9426E+01
  7.943  0.1502E+01  0.9427E+01
  7.944  0.1499E+01  0.9429E+01
  7.945  0.1495E+01  0.9430E+01
  7.946  0.1492E+01  0.9432E+01
  7.947  0.1489E+01  0.9433E+01
  7.948  0.1485E+01  0.9435E+01
  7.949  0.1482E+01  0.9436E+01
  7.950  0.1479E+01  0.9438E+01
  7.951  0.1476E+01  0.9439E+01
  7.952  0.1473E+01  0.9440E+01
  7.953  0.1469E+01  0.9442E+01
  7.954  0.1466E+01  0.9443E+01
  7.955  0.1463E+01  0.9445E+01
  7.956  0.1460E+01  0.9446E+01
  7.957  0.1457E+01  0.9448E+01
  7.958  0.1453E+01  0.9449E+01
  7.959  0.1450E+01  0.9451E+01
  7.960  0.1447E+01  0.9452E+01
  7.961  0.1444E+01  0.9454E+01
  7.962  0.1440E+01  0.9455E+01
  7.963  0.1437E+01  0.9456E+01
  7.964  0.1434E+01  0.9458E+01
  7.965  0.1431E+01  0.9459E+01
  7.966  0.1428E+01  0.9461E+01
  7.967  0.1424E+01  0.9462E+01
  7.968  0.1421E+01  0.9464E+01
  7.969  0.1418E+01  0.9465E+01
  7.970  0.1415E+01  0.9466E+01
  7.971  0.1412E+01  0.9468E+01
  7.972  0.1409E+01  0.9469E+01
  7.973  0.1406E+01  0.9471E+01
  7.974  0.1403E+01  0.9472E+01
  7.975  0.1400E+01  0.9473E+01
  7.976  0.1398E+01  0.9475E+01
  7.977  0.1395E+01  0.9476E+01
  7.978  0.1392E+01  0.9478E+01
  7.979  0.1390E+01  0.9479E+01
  7.980  0.1387E+01  0.9480E+01
  7.981  0.1385E+01  0.9482E+01
  7.982  0.1383E+01  0.9483E+01
  7.983  0.1381E+01  0.9485E+01
  7.984  0.1380E+01  0.9486E+01
  7.985  0.1378E+01  0.9487E+01
  7.986  0.1377E+01  0.9489E+01
  7.987  0.1376E+01  0.9490E+01
  7.988  0.1374E+01  0.9491E+01
  7.989  0.1373E+01  0.9493E+01
  7.990  0.1371E+01  0.9494E+01
  7.991  0.1370E+01  0.9496E+01
  7.992  0.1368E+01  0.9497E+01
  7.993  0.1367E+01  0.9498E+01
  7.994  0.1365E+01  0.9500E+01
  7.995  0.1363E+01  0.9501E+01
  7.996  0.1361E+01  0.9502E+01
  7.997  0.1359E+01  0.9504E+01
  7.998  0.1358E+01  0.9505E+01
  7.999  0.1356E+01  0.9506E+01
  8.000  0.1354E+01  0.9508E+01
  8.001  0.1352E+01  0.9509E+01
  8.002  0.1350E+01  0.9511E+01
  8.003  0.1348E+01  0.9512E+01
  8.004  0.1346E+01  0.9513E+01
  8.005  0.1344E+01  0.9515E+01
  8.006  0.1342E+01  0.9516E+01
  8.007  0.1339E+01  0.9517E+01
  8.008  0.1335E+01  0.9519E+01
  8.009  0.1332E+01  0.9520E+01
  8.010  0.1329E+01  0.9521E+01
  8.011  0.1326E+01  0.9523E+01
  8.012  0.1322E+01  0.9524E+01
  8.013  0.1319E+01  0.9525E+01
  8.014  0.1316E+01  0.9527E+01
  8.015  0.1313E+01  0.9528E+01
  8.016  0.1311E+01  0.9529E+01
  8.017  0.1309E+01  0.9530E+01
  8.018  0.1306E+01  0.9532E+01
  8.019  0.1304E+01  0.9533E+01
  8.020  0.1302E+01  0.9534E+01
  8.021  0.1299E+01  0.9536E+01
  8.022  0.1297E+01  0.9537E+01
  8.023  0.1294E+01  0.9538E+01
  8.024  0.1291E+01  0.9540E+01
  8.025  0.1288E+01  0.9541E+01
  8.026  0.1286E+01  0.9542E+01
  8.027  0.1283E+01  0.9543E+01
  8.028  0.1280E+01  0.9545E+01
  8.029  0.1276E+01  0.9546E+01
  8.030  0.1273E+01  0.9547E+01
  8.031  0.1270E+01  0.9549E+01
  8.032  0.1267E+01  0.9550E+01
  8.033  0.1263E+01  0.9551E+01
  8.034  0.1259E+01  0.9552E+01
  8.035  0.1254E+01  0.9554E+01
  8.036  0.1249E+01  0.9555E+01
  8.037  0.1245E+01  0.9556E+01
  8.038  0.1240E+01  0.9557E+01
  8.039  0.1236E+01  0.9559E+01
  8.040  0.1233E+01  0.9560E+01
  8.041  0.1229E+01  0.9561E+01
  8.042  0.1226E+01  0.9562E+01
  8.043  0.1223E+01  0.9563E+01
  8.044  0.1220E+01  0.9565E+01
  8.045  0.1217E+01  0.9566E+01
  8.046  0.1215E+01  0.9567E+01
  8.047  0.1213E+01  0.9568E+01
  8.048  0.1210E+01  0.9570E+01
  8.049  0.1208E+01  0.9571E+01
  8.050  0.1206E+01  0.9572E+01
  8.051  0.1204E+01  0.9573E+01
  8.052  0.1202E+01  0.9574E+01
  8.053  0.1200E+01  0.9576E+01
  8.054  0.1198E+01  0.9577E+01
  8.055  0.1196E+01  0.9578E+01
  8.056  0.1194E+01  0.9579E+01
  8.057  0.1191E+01  0.9580E+01
  8.058  0.1189E+01  0.9581E+01
  8.059  0.1187E+01  0.9583E+01
  8.060  0.1185E+01  0.9584E+01
  8.061  0.1183E+01  0.9585E+01
  8.062  0.1181E+01  0.9586E+01
  8.063  0.1179E+01  0.9587E+01
  8.064  0.1176E+01  0.9589E+01
  8.065  0.1174E+01  0.9590E+01
  8.066  0.1172E+01  0.9591E+01
  8.067  0.1170E+01  0.9592E+01
  8.068  0.1168E+01  0.9593E+01
  8.069  0.1166E+01  0.9594E+01
  8.070  0.1164E+01  0.9596E+01
  8.071  0.1162E+01  0.9597E+01
  8.072  0.1161E+01  0.9598E+01
  8.073  0.1159E+01  0.9599E+01
  8.074  0.1157E+01  0.9600E+01
  8.075  0.1155E+01  0.9601E+01
  8.076  0.1153E+01  0.9603E+01
  8.077  0.1151E+01  0.9604E+01
  8.078  0.1149E+01  0.9605E+01
  8.079  0.1147E+01  0.9606E+01
  8.080  0.1146E+01  0.9607E+01
  8.081  0.1144E+01  0.9608E+01
  8.082  0.1142E+01  0.9609E+01
  8.083  0.1140E+01  0.9611E+01
  8.084  0.1138E+01  0.9612E+01
  8.085  0.1136E+01  0.9613E+01
  8.086  0.1134E+01  0.9614E+01
  8.087  0.1133E+01  0.9615E+01
  8.088  0.1131E+01  0.9616E+01
  8.089  0.1129E+01  0.9617E+01
  8.090  0.1128E+01  0.9618E+01
  8.091  0.1126E+01  0.9620E+01
  8.092  0.1125E+01  0.9621E+01
  8.093  0.1123E+01  0.9622E+01
  8.094  0.1121E+01  0.9623E+01
  8.095  0.1119E+01  0.9624E+01
  8.096  0.1118E+01  0.9625E+01
  8.097  0.1116E+01  0.9626E+01
  8.098  0.1114E+01  0.9627E+01
  8.099  0.1112E+01  0.9629E+01
  8.100  0.1111E+01  0.9630E+01
  8.101  0.1109E+01  0.9631E+01
  8.102  0.1107E+01  0.9632E+01
  8.103  0.1106E+01  0.9633E+01
  8.104  0.1104E+01  0.9634E+01
  8.105  0.1102E+01  0.9635E+01
  8.106  0.1101E+01  0.9636E+01
  8.107  0.1099E+01  0.9637E+01
  8.108  0.1098E+01  0.9639E+01
  8.109  0.1096E+01  0.9640E+01
  8.110  0.1094E+01  0.9641E+01
  8.111  0.1093E+01  0.9642E+01
  8.112  0.1091E+01  0.9643E+01
  8.113  0.1090E+01  0.9644E+01
  8.114  0.1088E+01  0.9645E+01
  8.115  0.1087E+01  0.9646E+01
  8.116  0.1086E+01  0.9647E+01
  8.117  0.1085E+01  0.9648E+01
  8.118  0.1084E+01  0.9649E+01
  8.119  0.1083E+01  0.9650E+01
  8.120  0.1082E+01  0.9652E+01
  8.121  0.1081E+01  0.9653E+01
  8.122  0.1080E+01  0.9654E+01
  8.123  0.1079E+01  0.9655E+01
  8.124  0.1078E+01  0.9656E+01
  8.125  0.1077E+01  0.9657E+01
  8.126  0.1076E+01  0.9658E+01
  8.127  0.1075E+01  0.9659E+01
  8.128  0.1074E+01  0.9660E+01
  8.129  0.1073E+01  0.9661E+01
  8.130  0.1072E+01  0.9662E+01
  8.131  0.1071E+01  0.9663E+01
  8.132  0.1070E+01  0.9664E+01
  8.133  0.1069E+01  0.9666E+01
  8.134  0.1068E+01  0.9667E+01
  8.135  0.1067E+01  0.9668E+01
  8.136  0.1066E+01  0.9669E+01
  8.137  0.1065E+01  0.9670E+01
  8.138  0.1064E+01  0.9671E+01
  8.139  0.1062E+01  0.9672E+01
  8.140  0.1061E+01  0.9673E+01
  8.141  0.1059E+01  0.9674E+01
  8.142  0.1057E+01  0.9675E+01
  8.143  0.1056E+01  0.9676E+01
  8.144  0.1054E+01  0.9677E+01
  8.145  0.1052E+01  0.9678E+01
  8.146  0.1051E+01  0.9679E+01
  8.147  0.1049E+01  0.9680E+01
  8.148  0.1047E+01  0.9681E+01
  8.149  0.1046E+01  0.9682E+01
  8.150  0.1044E+01  0.9684E+01
  8.151  0.1043E+01  0.9685E+01
  8.152  0.1042E+01  0.9686E+01
  8.153  0.1041E+01  0.9687E+01
  8.154  0.1041E+01  0.9688E+01
  8.155  0.1040E+01  0.9689E+01
  8.156  0.1039E+01  0.9690E+01
  8.157  0.1038E+01  0.9691E+01
  8.158  0.1037E+01  0.9692E+01
  8.159  0.1037E+01  0.9693E+01
  8.160  0.1036E+01  0.9694E+01
  8.161  0.1035E+01  0.9695E+01
  8.162  0.1034E+01  0.9696E+01
  8.163  0.1034E+01  0.9697E+01
  8.164  0.1033E+01  0.9698E+01
  8.165  0.1032E+01  0.9699E+01
  8.166  0.1032E+01  0.9700E+01
  8.167  0.1031E+01  0.9701E+01
  8.168  0.1031E+01  0.9702E+01
  8.169  0.1030E+01  0.9703E+01
  8.170  0.1029E+01  0.9704E+01
  8.171  0.1029E+01  0.9705E+01
  8.172  0.1028E+01  0.9706E+01
  8.173  0.1028E+01  0.9707E+01
  8.174  0.1027E+01  0.9708E+01
  8.175  0.1027E+01  0.9709E+01
  8.176  0.1026E+01  0.9710E+01
  8.177  0.1026E+01  0.9711E+01
  8.178  0.1025E+01  0.9712E+01
  8.179  0.1025E+01  0.9713E+01
  8.180  0.1024E+01  0.9714E+01
  8.181  0.1024E+01  0.9716E+01
  8.182  0.1023E+01  0.9717E+01
  8.183  0.1023E+01  0.9718E+01
  8.184  0.1022E+01  0.9719E+01
  8.185  0.1022E+01  0.9720E+01
  8.186  0.1021E+01  0.9721E+01
  8.187  0.1020E+01  0.9722E+01
  8.188  0.1020E+01  0.9723E+01
  8.189  0.1019E+01  0.9724E+01
  8.190  0.1018E+01  0.9725E+01
  8.191  0.1017E+01  0.9726E+01
  8.192  0.1016E+01  0.9727E+01
  8.193  0.1015E+01  0.9728E+01
  8.194  0.1014E+01  0.9729E+01
  8.195  0.1013E+01  0.9730E+01
  8.196  0.1012E+01  0.9731E+01
  8.197  0.1012E+01  0.9732E+01
  8.198  0.1011E+01  0.9733E+01
  8.199  0.1011E+01  0.9734E+01
  8.200  0.1010E+01  0.9735E+01
  8.201  0.1010E+01  0.9736E+01
  8.202  0.1010E+01  0.9737E+01
  8.203  0.1010E+01  0.9738E+01
  8.204  0.1010E+01  0.9739E+01
  8.205  0.1010E+01  0.9740E+01
  8.206  0.1010E+01  0.9741E+01
  8.207  0.1010E+01  0.9742E+01
  8.208  0.1009E+01  0.9743E+01
  8.209  0.1008E+01  0.9744E+01
  8.210  0.1007E+01  0.9745E+01
  8.211  0.1006E+01  0.9746E+01
  8.212  0.1005E+01  0.9747E+01
  8.213  0.1004E+01  0.9748E+01
  8.214  0.1002E+01  0.9749E+01
  8.215  0.1001E+01  0.9750E+01
  8.216  0.9992E+00  0.9751E+01
  8.217  0.9974E+00  0.9752E+01
  8.218  0.9954E+00  0.9753E+01
  8.219  0.9934E+00  0.9754E+01
  8.220  0.9912E+00  0.9755E+01
  8.221  0.9889E+00  0.9756E+01
  8.222  0.9864E+00  0.9757E+01
  8.223  0.9839E+00  0.9758E+01
  8.224  0.9812E+00  0.9759E+01
  8.225  0.9786E+00  0.9760E+01
  8.226  0.9761E+00  0.9761E+01
  8.227  0.9739E+00  0.9762E+01
  8.228  0.9717E+00  0.9763E+01
  8.229  0.9697E+00  0.9764E+01
  8.230  0.9679E+00  0.9765E+01
  8.231  0.9663E+00  0.9766E+01
  8.232  0.9648E+00  0.9767E+01
  8.233  0.9634E+00  0.9768E+01
  8.234  0.9622E+00  0.9769E+01
  8.235  0.9612E+00  0.9770E+01
  8.236  0.9603E+00  0.9770E+01
  8.237  0.9594E+00  0.9771E+01
  8.238  0.9585E+00  0.9772E+01
  8.239  0.9577E+00  0.9773E+01
  8.240  0.9570E+00  0.9774E+01
  8.241  0.9563E+00  0.9775E+01
  8.242  0.9556E+00  0.9776E+01
  8.243  0.9551E+00  0.9777E+01
  8.244  0.9549E+00  0.9778E+01
  8.245  0.9547E+00  0.9779E+01
  8.246  0.9544E+00  0.9780E+01
  8.247  0.9540E+00  0.9781E+01
  8.248  0.9536E+00  0.9782E+01
  8.249  0.9531E+00  0.9783E+01
  8.250  0.9526E+00  0.9784E+01
  8.251  0.9519E+00  0.9785E+01
  8.252  0.9513E+00  0.9786E+01
  8.253  0.9506E+00  0.9787E+01
  8.254  0.9498E+00  0.9788E+01
  8.255  0.9490E+00  0.9789E+01
  8.256  0.9481E+00  0.9790E+01
  8.257  0.9471E+00  0.9791E+01
  8.258  0.9461E+00  0.9791E+01
  8.259  0.9450E+00  0.9792E+01
  8.260  0.9439E+00  0.9793E+01
  8.261  0.9427E+00  0.9794E+01
  8.262  0.9414E+00  0.9795E+01
  8.263  0.9401E+00  0.9796E+01
  8.264  0.9388E+00  0.9797E+01
  8.265  0.9377E+00  0.9798E+01
  8.266  0.9366E+00  0.9799E+01
  8.267  0.9356E+00  0.9800E+01
  8.268  0.9345E+00  0.9801E+01
  8.269  0.9335E+00  0.9802E+01
  8.270  0.9325E+00  0.9803E+01
  8.271  0.9315E+00  0.9804E+01
  8.272  0.9305E+00  0.9805E+01
  8.273  0.9295E+00  0.9806E+01
  8.274  0.9286E+00  0.9806E+01
  8.275  0.9277E+00  0.9807E+01
  8.276  0.9267E+00  0.9808E+01
  8.277  0.9258E+00  0.9809E+01
  8.278  0.9249E+00  0.9810E+01
  8.279  0.9240E+00  0.9811E+01
  8.280  0.9232E+00  0.9812E+01
  8.281  0.9223E+00  0.9813E+01
  8.282  0.9214E+00  0.9814E+01
  8.283  0.9206E+00  0.9815E+01
  8.284  0.9197E+00  0.9816E+01
  8.285  0.9189E+00  0.9817E+01
  8.286  0.9181E+00  0.9818E+01
  8.287  0.9173E+00  0.9818E+01
  8.288  0.9165E+00  0.9819E+01
  8.289  0.9157E+00  0.9820E+01
  8.290  0.9150E+00  0.9821E+01
  8.291  0.9142E+00  0.9822E+01
  8.292  0.9135E+00  0.9823E+01
  8.293  0.9127E+00  0.9824E+01
  8.294  0.9120E+00  0.9825E+01
  8.295  0.9113E+00  0.9826E+01
  8.296  0.9106E+00  0.9827E+01
  8.297  0.9099E+00  0.9828E+01
  8.298  0.9092E+00  0.9828E+01
  8.299  0.9086E+00  0.9829E+01
  8.300  0.9079E+00  0.9830E+01
  8.301  0.9073E+00  0.9831E+01
  8.302  0.9066E+00  0.9832E+01
  8.303  0.9060E+00  0.9833E+01
  8.304  0.9053E+00  0.9834E+01
  8.305  0.9047E+00  0.9835E+01
  8.306  0.9040E+00  0.9836E+01
  8.307  0.9034E+00  0.9837E+01
  8.308  0.9027E+00  0.9838E+01
  8.309  0.9021E+00  0.9838E+01
  8.310  0.9015E+00  0.9839E+01
  8.311  0.9009E+00  0.9840E+01
  8.312  0.9004E+00  0.9841E+01
  8.313  0.8998E+00  0.9842E+01
  8.314  0.8992E+00  0.9843E+01
  8.315  0.8987E+00  0.9844E+01
  8.316  0.8982E+00  0.9845E+01
  8.317  0.8976E+00  0.9846E+01
  8.318  0.8971E+00  0.9847E+01
  8.319  0.8966E+00  0.9847E+01
  8.320  0.8961E+00  0.9848E+01
  8.321  0.8956E+00  0.9849E+01
  8.322  0.8951E+00  0.9850E+01
  8.323  0.8947E+00  0.9851E+01
  8.324  0.8942E+00  0.9852E+01
  8.325  0.8937E+00  0.9853E+01
  8.326  0.8933E+00  0.9854E+01
  8.327  0.8928E+00  0.9855E+01
  8.328  0.8924E+00  0.9855E+01
  8.329  0.8920E+00  0.9856E+01
  8.330  0.8915E+00  0.9857E+01
  8.331  0.8911E+00  0.9858E+01
  8.332  0.8908E+00  0.9859E+01
  8.333  0.8904E+00  0.9860E+01
  8.334  0.8901E+00  0.9861E+01
  8.335  0.8898E+00  0.9862E+01
  8.336  0.8895E+00  0.9863E+01
  8.337  0.8892E+00  0.9863E+01
  8.338  0.8890E+00  0.9864E+01
  8.339  0.8887E+00  0.9865E+01
  8.340  0.8884E+00  0.9866E+01
  8.341  0.8881E+00  0.9867E+01
  8.342  0.8878E+00  0.9868E+01
  8.343  0.8875E+00  0.9869E+01
  8.344  0.8872E+00  0.9870E+01
  8.345  0.8869E+00  0.9871E+01
  8.346  0.8866E+00  0.9871E+01
  8.347  0.8863E+00  0.9872E+01
  8.348  0.8860E+00  0.9873E+01
  8.349  0.8857E+00  0.9874E+01
  8.350  0.8854E+00  0.9875E+01
  8.351  0.8851E+00  0.9876E+01
  8.352  0.8848E+00  0.9877E+01
  8.353  0.8846E+00  0.9878E+01
  8.354  0.8843E+00  0.9879E+01
  8.355  0.8840E+00  0.9879E+01
  8.356  0.8837E+00  0.9880E+01
  8.357  0.8835E+00  0.9881E+01
  8.358  0.8832E+00  0.9882E+01
  8.359  0.8830E+00  0.9883E+01
  8.360  0.8827E+00  0.9884E+01
  8.361  0.8825E+00  0.9885E+01
  8.362  0.8823E+00  0.9886E+01
  8.363  0.8820E+00  0.9886E+01
  8.364  0.8818E+00  0.9887E+01
  8.365  0.8816E+00  0.9888E+01
  8.366  0.8814E+00  0.9889E+01
  8.367  0.8811E+00  0.9890E+01
  8.368  0.8809E+00  0.9891E+01
  8.369  0.8807E+00  0.9892E+01
  8.370  0.8805E+00  0.9893E+01
  8.371  0.8803E+00  0.9894E+01
  8.372  0.8801E+00  0.9894E+01
  8.373  0.8799E+00  0.9895E+01
  8.374  0.8797E+00  0.9896E+01
  8.375  0.8795E+00  0.9897E+01
  8.376  0.8792E+00  0.9898E+01
  8.377  0.8790E+00  0.9899E+01
  8.378  0.8788E+00  0.9900E+01
  8.379  0.8785E+00  0.9901E+01
  8.380  0.8783E+00  0.9901E+01
  8.381  0.8781E+00  0.9902E+01
  8.382  0.8779E+00  0.9903E+01
  8.383  0.8776E+00  0.9904E+01
  8.384  0.8774E+00  0.9905E+01
  8.385  0.8772E+00  0.9906E+01
  8.386  0.8770E+00  0.9907E+01
  8.387  0.8769E+00  0.9908E+01
  8.388  0.8769E+00  0.9908E+01
  8.389  0.8768E+00  0.9909E+01
  8.390  0.8768E+00  0.9910E+01
  8.391  0.8768E+00  0.9911E+01
  8.392  0.8768E+00  0.9912E+01
  8.393  0.8768E+00  0.9913E+01
  8.394  0.8769E+00  0.9914E+01
  8.395  0.8771E+00  0.9915E+01
  8.396  0.8773E+00  0.9915E+01
  8.397  0.8775E+00  0.9916E+01
  8.398  0.8777E+00  0.9917E+01
  8.399  0.8779E+00  0.9918E+01
  8.400  0.8782E+00  0.9919E+01
  8.401  0.8784E+00  0.9920E+01
  8.402  0.8787E+00  0.9921E+01
  8.403  0.8790E+00  0.9922E+01
  8.404  0.8793E+00  0.9923E+01
  8.405  0.8797E+00  0.9923E+01
  8.406  0.8801E+00  0.9924E+01
  8.407  0.8805E+00  0.9925E+01
  8.408  0.8809E+00  0.9926E+01
  8.409  0.8814E+00  0.9927E+01
  8.410  0.8818E+00  0.9928E+01
  8.411  0.8824E+00  0.9929E+01
  8.412  0.8829E+00  0.9930E+01
  8.413  0.8834E+00  0.9930E+01
  8.414  0.8840E+00  0.9931E+01
  8.415  0.8845E+00  0.9932E+01
  8.416  0.8850E+00  0.9933E+01
  8.417  0.8855E+00  0.9934E+01
  8.418  0.8858E+00  0.9935E+01
  8.419  0.8861E+00  0.9936E+01
  8.420  0.8863E+00  0.9937E+01
  8.421  0.8864E+00  0.9938E+01
  8.422  0.8865E+00  0.9938E+01
  8.423  0.8865E+00  0.9939E+01
  8.424  0.8865E+00  0.9940E+01
  8.425  0.8865E+00  0.9941E+01
  8.426  0.8864E+00  0.9942E+01
  8.427  0.8863E+00  0.9943E+01
  8.428  0.8862E+00  0.9944E+01
  8.429  0.8861E+00  0.9945E+01
  8.430  0.8860E+00  0.9946E+01
  8.431  0.8859E+00  0.9946E+01
  8.432  0.8858E+00  0.9947E+01
  8.433  0.8857E+00  0.9948E+01
  8.434  0.8856E+00  0.9949E+01
  8.435  0.8855E+00  0.9950E+01
  8.436  0.8854E+00  0.9951E+01
  8.437  0.8853E+00  0.9952E+01
  8.438  0.8852E+00  0.9953E+01
  8.439  0.8851E+00  0.9953E+01
  8.440  0.8850E+00  0.9954E+01
  8.441  0.8849E+00  0.9955E+01
  8.442  0.8848E+00  0.9956E+01
  8.443  0.8847E+00  0.9957E+01
  8.444  0.8846E+00  0.9958E+01
  8.445  0.8845E+00  0.9959E+01
  8.446  0.8844E+00  0.9960E+01
  8.447  0.8842E+00  0.9961E+01
  8.448  0.8841E+00  0.9961E+01
  8.449  0.8840E+00  0.9962E+01
  8.450  0.8838E+00  0.9963E+01
  8.451  0.8837E+00  0.9964E+01
  8.452  0.8835E+00  0.9965E+01
  8.453  0.8834E+00  0.9966E+01
  8.454  0.8832E+00  0.9967E+01
  8.455  0.8831E+00  0.9968E+01
  8.456  0.8829E+00  0.9969E+01
  8.457  0.8828E+00  0.9969E+01
  8.458  0.8827E+00  0.9970E+01
  8.459  0.8826E+00  0.9971E+01
  8.460  0.8826E+00  0.9972E+01
  8.461  0.8825E+00  0.9973E+01
  8.462  0.8825E+00  0.9974E+01
  8.463  0.8825E+00  0.9975E+01
  8.464  0.8825E+00  0.9976E+01
  8.465  0.8825E+00  0.9976E+01
  8.466  0.8826E+00  0.9977E+01
  8.467  0.8828E+00  0.9978E+01
  8.468  0.8830E+00  0.9979E+01
  8.469  0.8831E+00  0.9980E+01
  8.470  0.8833E+00  0.9981E+01
  8.471  0.8835E+00  0.9982E+01
  8.472  0.8837E+00  0.9983E+01
  8.473  0.8839E+00  0.9984E+01
  8.474  0.8843E+00  0.9984E+01
  8.475  0.8851E+00  0.9985E+01
  8.476  0.8862E+00  0.9986E+01
  8.477  0.8875E+00  0.9987E+01
  8.478  0.8889E+00  0.9988E+01
  8.479  0.8903E+00  0.9989E+01
  8.480  0.8917E+00  0.9990E+01
  8.481  0.8929E+00  0.9991E+01
  8.482  0.8940E+00  0.9992E+01
  8.483  0.8949E+00  0.9992E+01
  8.484  0.8957E+00  0.9993E+01
  8.485  0.8963E+00  0.9994E+01
  8.486  0.8968E+00  0.9995E+01
  8.487  0.8971E+00  0.9996E+01
  8.488  0.8972E+00  0.9997E+01
  8.489  0.8972E+00  0.9998E+01
  8.490  0.8970E+00  0.9999E+01
  8.491  0.8967E+00  0.1000E+02
  8.492  0.8963E+00  0.1000E+02
  8.493  0.8960E+00  0.1000E+02
  8.494  0.8957E+00  0.1000E+02
  8.495  0.8954E+00  0.1000E+02
  8.496  0.8952E+00  0.1000E+02
  8.497  0.8949E+00  0.1000E+02
  8.498  0.8947E+00  0.1001E+02
  8.499  0.8945E+00  0.1001E+02
  8.500  0.8943E+00  0.1001E+02
  8.501  0.8942E+00  0.1001E+02
  8.502  0.8941E+00  0.1001E+02
  8.503  0.8940E+00  0.1001E+02
  8.504  0.8940E+00  0.1001E+02
  8.505  0.8940E+00  0.1001E+02
  8.506  0.8940E+00  0.1001E+02
  8.507  0.8941E+00  0.1001E+02
  8.508  0.1218E+01  0.1002E+02
  8.509  0.9326E+00  0.1002E+02
  8.510  0.9326E+00  0.1002E+02
  8.511  0.9327E+00  0.1002E+02
  8.512  0.9328E+00  0.1002E+02
  8.513  0.9328E+00  0.1002E+02
  8.514  0.9329E+00  0.1002E+02
  8.515  0.9330E+00  0.1002E+02
  8.516  0.9331E+00  0.1002E+02
  8.517  0.9331E+00  0.1002E+02
  8.518  0.9332E+00  0.1002E+02
  8.519  0.9333E+00  0.1003E+02
  8.520  0.9334E+00  0.1003E+02
  8.521  0.9334E+00  0.1003E+02
  8.522  0.9335E+00  0.1003E+02
  8.523  0.9336E+00  0.1003E+02
  8.524  0.9337E+00  0.1003E+02
  8.525  0.9337E+00  0.1003E+02
  8.526  0.9338E+00  0.1003E+02
  8.527  0.9338E+00  0.1003E+02
  8.528  0.9338E+00  0.1003E+02
  8.529  0.9338E+00  0.1003E+02
  8.530  0.9338E+00  0.1004E+02
  8.531  0.9338E+00  0.1004E+02
  8.532  0.9337E+00  0.1004E+02
  8.533  0.9337E+00  0.1004E+02
  8.534  0.9336E+00  0.1004E+02
  8.535  0.9335E+00  0.1004E+02
  8.536  0.9335E+00  0.1004E+02
  8.537  0.9334E+00  0.1004E+02
  8.538  0.9333E+00  0.1004E+02
  8.539  0.9333E+00  0.1004E+02
  8.540  0.9335E+00  0.1004E+02
  8.541  0.9339E+00  0.1005E+02
  8.542  0.9343E+00  0.1005E+02
  8.543  0.9348E+00  0.1005E+02
  8.544  0.9351E+00  0.1005E+02
  8.545  0.9354E+00  0.1005E+02
  8.546  0.9356E+00  0.1005E+02
  8.547  0.9357E+00  0.1005E+02
  8.548  0.9357E+00  0.1005E+02
  8.549  0.9357E+00  0.1005E+02
  8.550  0.9355E+00  0.1005E+02
  8.551  0.9353E+00  0.1006E+02
  8.552  0.9350E+00  0.1006E+02
  8.553  0.9347E+00  0.1006E+02
  8.554  0.9342E+00  0.1006E+02
  8.555  0.9338E+00  0.1006E+02
  8.556  0.9334E+00  0.1006E+02
  8.557  0.9331E+00  0.1006E+02
  8.558  0.9327E+00  0.1006E+02
  8.559  0.9323E+00  0.1006E+02
  8.560  0.9320E+00  0.1006E+02
  8.561  0.9316E+00  0.1006E+02
  8.562  0.9311E+00  0.1007E+02
  8.563  0.9307E+00  0.1007E+02
  8.564  0.9303E+00  0.1007E+02
  8.565  0.9298E+00  0.1007E+02
  8.566  0.9294E+00  0.1007E+02
  8.567  0.9290E+00  0.1007E+02
  8.568  0.9286E+00  0.1007E+02
  8.569  0.9281E+00  0.1007E+02
  8.570  0.9277E+00  0.1007E+02
  8.571  0.9273E+00  0.1007E+02
  8.572  0.9268E+00  0.1007E+02
  8.573  0.9264E+00  0.1008E+02
  8.574  0.9259E+00  0.1008E+02
  8.575  0.9254E+00  0.1008E+02
  8.576  0.9249E+00  0.1008E+02
  8.577  0.9244E+00  0.1008E+02
  8.578  0.9239E+00  0.1008E+02
  8.579  0.9233E+00  0.1008E+02
  8.580  0.9228E+00  0.1008E+02
  8.581  0.9222E+00  0.1008E+02
  8.582  0.9216E+00  0.1008E+02
  8.583  0.9210E+00  0.1008E+02
  8.584  0.9204E+00  0.1009E+02
  8.585  0.9198E+00  0.1009E+02
  8.586  0.9192E+00  0.1009E+02
  8.587  0.9190E+00  0.1009E+02
  8.588  0.9188E+00  0.1009E+02
  8.589  0.9185E+00  0.1009E+02
  8.590  0.9183E+00  0.1009E+02
  8.591  0.9181E+00  0.1009E+02
  8.592  0.9179E+00  0.1009E+02
  8.593  0.9177E+00  0.1009E+02
  8.594  0.9176E+00  0.1010E+02
  8.595  0.9175E+00  0.1010E+02
  8.596  0.9174E+00  0.1010E+02
  8.597  0.9173E+00  0.1010E+02
  8.598  0.9172E+00  0.1010E+02
  8.599  0.9172E+00  0.1010E+02
  8.600  0.9175E+00  0.1010E+02
  8.601  0.9180E+00  0.1010E+02
  8.602  0.9184E+00  0.1010E+02
  8.603  0.9189E+00  0.1010E+02
  8.604  0.9193E+00  0.1010E+02
  8.605  0.9198E+00  0.1011E+02
  8.606  0.9202E+00  0.1011E+02
  8.607  0.9206E+00  0.1011E+02
  8.608  0.9209E+00  0.1011E+02
  8.609  0.9213E+00  0.1011E+02
  8.610  0.9216E+00  0.1011E+02
  8.611  0.9219E+00  0.1011E+02
  8.612  0.9221E+00  0.1011E+02
  8.613  0.9223E+00  0.1011E+02
  8.614  0.9224E+00  0.1011E+02
  8.615  0.9226E+00  0.1011E+02
  8.616  0.9228E+00  0.1012E+02
  8.617  0.9230E+00  0.1012E+02
  8.618  0.9233E+00  0.1012E+02
  8.619  0.9235E+00  0.1012E+02
  8.620  0.9237E+00  0.1012E+02
  8.621  0.9239E+00  0.1012E+02
  8.622  0.9241E+00  0.1012E+02
  8.623  0.9243E+00  0.1012E+02
  8.624  0.9245E+00  0.1012E+02
  8.625  0.9248E+00  0.1012E+02
  8.626  0.9250E+00  0.1012E+02
  8.627  0.9253E+00  0.1013E+02
  8.628  0.9256E+00  0.1013E+02
  8.629  0.9259E+00  0.1013E+02
  8.630  0.9262E+00  0.1013E+02
  8.631  0.9265E+00  0.1013E+02
  8.632  0.9268E+00  0.1013E+02
  8.633  0.9271E+00  0.1013E+02
  8.634  0.9274E+00  0.1013E+02
  8.635  0.9277E+00  0.1013E+02
  8.636  0.9280E+00  0.1013E+02
  8.637  0.9283E+00  0.1013E+02
  8.638  0.9286E+00  0.1014E+02
  8.639  0.9289E+00  0.1014E+02
  8.640  0.9292E+00  0.1014E+02
  8.641  0.9295E+00  0.1014E+02
  8.642  0.9298E+00  0.1014E+02
  8.643  0.9301E+00  0.1014E+02
  8.644  0.9305E+00  0.1014E+02
  8.645  0.9299E+00  0.1014E+02
  8.646  0.9301E+00  0.1014E+02
  8.647  0.9303E+00  0.1014E+02
  8.648  0.9305E+00  0.1014E+02
  8.649  0.9305E+00  0.1015E+02
  8.650  0.9306E+00  0.1015E+02
  8.651  0.9306E+00  0.1015E+02
  8.652  0.9285E+00  0.1015E+02
  8.653  0.9285E+00  0.1015E+02
  8.654  0.9285E+00  0.1015E+02
  8.655  0.9285E+00  0.1015E+02
  8.656  0.9285E+00  0.1015E+02
  8.657  0.9286E+00  0.1015E+02
  8.658  0.9286E+00  0.1015E+02
  8.659  0.9287E+00  0.1016E+02
  8.660  0.9288E+00  0.1016E+02
  8.661  0.9289E+00  0.1016E+02
  8.662  0.9290E+00  0.1016E+02
  8.663  0.9292E+00  0.1016E+02
  8.664  0.9293E+00  0.1016E+02
  8.665  0.9295E+00  0.1016E+02
  8.666  0.9297E+00  0.1016E+02
  8.667  0.9299E+00  0.1016E+02
  8.668  0.9301E+00  0.1016E+02
  8.669  0.9303E+00  0.1016E+02
  8.670  0.9305E+00  0.1017E+02
  8.671  0.9308E+00  0.1017E+02
  8.672  0.9310E+00  0.1017E+02
  8.673  0.9313E+00  0.1017E+02
  8.674  0.9316E+00  0.1017E+02
  8.675  0.9318E+00  0.1017E+02
  8.676  0.9321E+00  0.1017E+02
  8.677  0.9324E+00  0.1017E+02
  8.678  0.9329E+00  0.1017E+02
  8.679  0.9339E+00  0.1017E+02
  8.680  0.9354E+00  0.1017E+02
  8.681  0.9374E+00  0.1018E+02
  8.682  0.9399E+00  0.1018E+02
  8.683  0.9430E+00  0.1018E+02
  8.684  0.9465E+00  0.1018E+02
  8.685  0.9495E+00  0.1018E+02
  8.686  0.9498E+00  0.1018E+02
  8.687  0.9500E+00  0.1018E+02
  8.688  0.9504E+00  0.1018E+02
  8.689  0.9508E+00  0.1018E+02
  8.690  0.9513E+00  0.1018E+02
  8.691  0.9518E+00  0.1019E+02
  8.692  0.9524E+00  0.1019E+02
  8.693  0.9531E+00  0.1019E+02
  8.694  0.9538E+00  0.1019E+02
  8.695  0.9546E+00  0.1019E+02
  8.696  0.9555E+00  0.1019E+02
  8.697  0.9566E+00  0.1019E+02
  8.698  0.9577E+00  0.1019E+02
  8.699  0.9590E+00  0.1019E+02
  8.700  0.9604E+00  0.1019E+02
  8.701  0.9618E+00  0.1019E+02
  8.702  0.9631E+00  0.1020E+02
  8.703  0.9644E+00  0.1020E+02
  8.704  0.9656E+00  0.1020E+02
  8.705  0.9668E+00  0.1020E+02
  8.706  0.9681E+00  0.1020E+02
  8.707  0.9693E+00  0.1020E+02
  8.708  0.9705E+00  0.1020E+02
  8.709  0.9716E+00  0.1020E+02
  8.710  0.9728E+00  0.1020E+02
  8.711  0.9739E+00  0.1020E+02
  8.712  0.9751E+00  0.1021E+02
  8.713  0.9762E+00  0.1021E+02
  8.714  0.9774E+00  0.1021E+02
  8.715  0.9785E+00  0.1021E+02
  8.716  0.9797E+00  0.1021E+02
  8.717  0.9808E+00  0.1021E+02
  8.718  0.9819E+00  0.1021E+02
  8.719  0.9830E+00  0.1021E+02
  8.720  0.9841E+00  0.1021E+02
  8.721  0.9851E+00  0.1021E+02
  8.722  0.9861E+00  0.1022E+02
  8.723  0.9871E+00  0.1022E+02
  8.724  0.9881E+00  0.1022E+02
  8.725  0.9891E+00  0.1022E+02
  8.726  0.9900E+00  0.1022E+02
  8.727  0.9909E+00  0.1022E+02
  8.728  0.9918E+00  0.1022E+02
  8.729  0.9928E+00  0.1022E+02
  8.730  0.9940E+00  0.1022E+02
  8.731  0.9953E+00  0.1022E+02
  8.732  0.9967E+00  0.1023E+02
  8.733  0.9980E+00  0.1023E+02
  8.734  0.9993E+00  0.1023E+02
  8.735  0.1001E+01  0.1023E+02
  8.736  0.1002E+01  0.1023E+02
  8.737  0.1003E+01  0.1023E+02
  8.738  0.1005E+01  0.1023E+02
  8.739  0.1006E+01  0.1023E+02
  8.740  0.1007E+01  0.1023E+02
  8.741  0.1009E+01  0.1023E+02
  8.742  0.1010E+01  0.1024E+02
  8.743  0.1011E+01  0.1024E+02
  8.744  0.1012E+01  0.1024E+02
  8.745  0.1014E+01  0.1024E+02
  8.746  0.1015E+01  0.1024E+02
  8.747  0.1017E+01  0.1024E+02
  8.748  0.1018E+01  0.1024E+02
  8.749  0.1020E+01  0.1024E+02
  8.750  0.1021E+01  0.1024E+02
  8.751  0.1023E+01  0.1024E+02
  8.752  0.1024E+01  0.1025E+02
  8.753  0.1026E+01  0.1025E+02
  8.754  0.1027E+01  0.1025E+02
  8.755  0.1029E+01  0.1025E+02
  8.756  0.1030E+01  0.1025E+02
  8.757  0.1032E+01  0.1025E+02
  8.758  0.1033E+01  0.1025E+02
  8.759  0.1034E+01  0.1025E+02
  8.760  0.1036E+01  0.1025E+02
  8.761  0.1037E+01  0.1025E+02
  8.762  0.1039E+01  0.1026E+02
  8.763  0.1040E+01  0.1026E+02
  8.764  0.1042E+01  0.1026E+02
  8.765  0.1043E+01  0.1026E+02
  8.766  0.1045E+01  0.1026E+02
  8.767  0.1046E+01  0.1026E+02
  8.768  0.1048E+01  0.1026E+02
  8.769  0.1049E+01  0.1026E+02
  8.770  0.1051E+01  0.1026E+02
  8.771  0.1052E+01  0.1027E+02
  8.772  0.1054E+01  0.1027E+02
  8.773  0.1055E+01  0.1027E+02
  8.774  0.1057E+01  0.1027E+02
  8.775  0.1058E+01  0.1027E+02
  8.776  0.1060E+01  0.1027E+02
  8.777  0.1062E+01  0.1027E+02
  8.778  0.1063E+01  0.1027E+02
  8.779  0.1065E+01  0.1027E+02
  8.780  0.1067E+01  0.1027E+02
  8.781  0.1069E+01  0.1028E+02
  8.782  0.1070E+01  0.1028E+02
  8.783  0.1072E+01  0.1028E+02
  8.784  0.1074E+01  0.1028E+02
  8.785  0.1076E+01  0.1028E+02
  8.786  0.1078E+01  0.1028E+02
  8.787  0.1080E+01  0.1028E+02
  8.788  0.1082E+01  0.1028E+02
  8.789  0.1084E+01  0.1028E+02
  8.790  0.1086E+01  0.1029E+02
  8.791  0.1088E+01  0.1029E+02
  8.792  0.1090E+01  0.1029E+02
  8.793  0.1092E+01  0.1029E+02
  8.794  0.1094E+01  0.1029E+02
  8.795  0.1096E+01  0.1029E+02
  8.796  0.1098E+01  0.1029E+02
  8.797  0.1100E+01  0.1029E+02
  8.798  0.1102E+01  0.1029E+02
  8.799  0.1104E+01  0.1030E+02
  8.800  0.1106E+01  0.1030E+02
  8.801  0.1108E+01  0.1030E+02
  8.802  0.1110E+01  0.1030E+02
  8.803  0.1113E+01  0.1030E+02
  8.804  0.1115E+01  0.1030E+02
  8.805  0.1117E+01  0.1030E+02
  8.806  0.1119E+01  0.1030E+02
  8.807  0.1122E+01  0.1030E+02
  8.808  0.1124E+01  0.1031E+02
  8.809  0.1126E+01  0.1031E+02
  8.810  0.1129E+01  0.1031E+02
  8.811  0.1131E+01  0.1031E+02
  8.812  0.1134E+01  0.1031E+02
  8.813  0.1136E+01  0.1031E+02
  8.814  0.1143E+01  0.1031E+02
  8.815  0.1152E+01  0.1031E+02
  8.816  0.1157E+01  0.1031E+02
  8.817  0.1160E+01  0.1032E+02
  8.818  0.1163E+01  0.1032E+02
  8.819  0.1166E+01  0.1032E+02
  8.820  0.1169E+01  0.1032E+02
  8.821  0.1172E+01  0.1032E+02
  8.822  0.1175E+01  0.1032E+02
  8.823  0.1178E+01  0.1032E+02
  8.824  0.1181E+01  0.1032E+02
  8.825  0.1184E+01  0.1032E+02
  8.826  0.1187E+01  0.1033E+02
  8.827  0.1190E+01  0.1033E+02
  8.828  0.1193E+01  0.1033E+02
  8.829  0.1197E+01  0.1033E+02
  8.830  0.1200E+01  0.1033E+02
  8.831  0.1204E+01  0.1033E+02
  8.832  0.1207E+01  0.1033E+02
  8.833  0.1211E+01  0.1033E+02
  8.834  0.1213E+01  0.1034E+02
  8.835  0.1216E+01  0.1034E+02
  8.836  0.1219E+01  0.1034E+02
  8.837  0.1222E+01  0.1034E+02
  8.838  0.1224E+01  0.1034E+02
  8.839  0.1227E+01  0.1034E+02
  8.840  0.1229E+01  0.1034E+02
  8.841  0.1231E+01  0.1034E+02
  8.842  0.1233E+01  0.1035E+02
  8.843  0.1235E+01  0.1035E+02
  8.844  0.1237E+01  0.1035E+02
  8.845  0.1238E+01  0.1035E+02
  8.846  0.1240E+01  0.1035E+02
  8.847  0.1242E+01  0.1035E+02
  8.848  0.1244E+01  0.1035E+02
  8.849  0.1246E+01  0.1035E+02
  8.850  0.1248E+01  0.1036E+02
  8.851  0.1249E+01  0.1036E+02
  8.852  0.1250E+01  0.1036E+02
  8.853  0.1251E+01  0.1036E+02
  8.854  0.1252E+01  0.1036E+02
  8.855  0.1253E+01  0.1036E+02
  8.856  0.1252E+01  0.1036E+02
  8.857  0.1250E+01  0.1036E+02
  8.858  0.1247E+01  0.1037E+02
  8.859  0.1242E+01  0.1037E+02
  8.860  0.1237E+01  0.1037E+02
  8.861  0.1232E+01  0.1037E+02
  8.862  0.1228E+01  0.1037E+02
  8.863  0.1224E+01  0.1037E+02
  8.864  0.1217E+01  0.1037E+02
  8.865  0.1208E+01  0.1037E+02
  8.866  0.1202E+01  0.1038E+02
  8.867  0.1196E+01  0.1038E+02
  8.868  0.1190E+01  0.1038E+02
  8.869  0.1184E+01  0.1038E+02
  8.870  0.1178E+01  0.1038E+02
  8.871  0.1171E+01  0.1038E+02
  8.872  0.1165E+01  0.1038E+02
  8.873  0.1159E+01  0.1038E+02
  8.874  0.1152E+01  0.1038E+02
  8.875  0.1143E+01  0.1039E+02
  8.876  0.1134E+01  0.1039E+02
  8.877  0.1126E+01  0.1039E+02
  8.878  0.1117E+01  0.1039E+02
  8.879  0.1108E+01  0.1039E+02
  8.880  0.1100E+01  0.1039E+02
  8.881  0.1091E+01  0.1039E+02
  8.882  0.1082E+01  0.1039E+02
  8.883  0.1074E+01  0.1039E+02
  8.884  0.1065E+01  0.1040E+02
  8.885  0.1056E+01  0.1040E+02
  8.886  0.1048E+01  0.1040E+02
  8.887  0.1039E+01  0.1040E+02
  8.888  0.1031E+01  0.1040E+02
  8.889  0.1022E+01  0.1040E+02
  8.890  0.1014E+01  0.1040E+02
  8.891  0.1004E+01  0.1040E+02
  8.892  0.9959E+00  0.1040E+02
  8.893  0.9882E+00  0.1040E+02
  8.894  0.9813E+00  0.1041E+02
  8.895  0.9750E+00  0.1041E+02
  8.896  0.9695E+00  0.1041E+02
  8.897  0.9647E+00  0.1041E+02
  8.898  0.9610E+00  0.1041E+02
  8.899  0.9584E+00  0.1041E+02
  8.900  0.9566E+00  0.1041E+02
  8.901  0.9554E+00  0.1041E+02
  8.902  0.9544E+00  0.1041E+02
  8.903  0.9536E+00  0.1041E+02
  8.904  0.9527E+00  0.1042E+02
  8.905  0.9519E+00  0.1042E+02
  8.906  0.9510E+00  0.1042E+02
  8.907  0.9502E+00  0.1042E+02
  8.908  0.9494E+00  0.1042E+02
  8.909  0.9486E+00  0.1042E+02
  8.910  0.9479E+00  0.1042E+02
  8.911  0.9473E+00  0.1042E+02
  8.912  0.9466E+00  0.1042E+02
  8.913  0.9461E+00  0.1042E+02
  8.914  0.9456E+00  0.1042E+02
  8.915  0.9451E+00  0.1043E+02
  8.916  0.9447E+00  0.1043E+02
  8.917  0.9443E+00  0.1043E+02
  8.918  0.9439E+00  0.1043E+02
  8.919  0.9435E+00  0.1043E+02
  8.920  0.9431E+00  0.1043E+02
  8.921  0.9427E+00  0.1043E+02
  8.922  0.9424E+00  0.1043E+02
  8.923  0.9420E+00  0.1043E+02
  8.924  0.9417E+00  0.1043E+02
  8.925  0.9413E+00  0.1044E+02
  8.926  0.9410E+00  0.1044E+02
  8.927  0.9406E+00  0.1044E+02
  8.928  0.9402E+00  0.1044E+02
  8.929  0.9398E+00  0.1044E+02
  8.930  0.9395E+00  0.1044E+02
  8.931  0.9391E+00  0.1044E+02
  8.932  0.9387E+00  0.1044E+02
  8.933  0.9384E+00  0.1044E+02
  8.934  0.9382E+00  0.1044E+02
  8.935  0.9379E+00  0.1044E+02
  8.936  0.9377E+00  0.1045E+02
  8.937  0.9374E+00  0.1045E+02
  8.938  0.9371E+00  0.1045E+02
  8.939  0.9369E+00  0.1045E+02
  8.940  0.9366E+00  0.1045E+02
  8.941  0.9364E+00  0.1045E+02
  8.942  0.9362E+00  0.1045E+02
  8.943  0.9360E+00  0.1045E+02
  8.944  0.9358E+00  0.1045E+02
  8.945  0.9356E+00  0.1045E+02
  8.946  0.9355E+00  0.1046E+02
  8.947  0.9353E+00  0.1046E+02
  8.948  0.9352E+00  0.1046E+02
  8.949  0.9351E+00  0.1046E+02
  8.950  0.9351E+00  0.1046E+02
  8.951  0.9350E+00  0.1046E+02
  8.952  0.9350E+00  0.1046E+02
  8.953  0.9350E+00  0.1046E+02
  8.954  0.9350E+00  0.1046E+02
  8.955  0.9351E+00  0.1046E+02
  8.956  0.9351E+00  0.1046E+02
  8.957  0.9351E+00  0.1047E+02
  8.958  0.9351E+00  0.1047E+02
  8.959  0.9351E+00  0.1047E+02
  8.960  0.9350E+00  0.1047E+02
  8.961  0.9350E+00  0.1047E+02
  8.962  0.9349E+00  0.1047E+02
  8.963  0.9349E+00  0.1047E+02
  8.964  0.9348E+00  0.1047E+02
  8.965  0.9347E+00  0.1047E+02
  8.966  0.9347E+00  0.1047E+02
  8.967  0.9345E+00  0.1047E+02
  8.968  0.9344E+00  0.1048E+02
  8.969  0.9342E+00  0.1048E+02
  8.970  0.9340E+00  0.1048E+02
  8.971  0.9338E+00  0.1048E+02
  8.972  0.9335E+00  0.1048E+02
  8.973  0.9333E+00  0.1048E+02
  8.974  0.9331E+00  0.1048E+02
  8.975  0.9328E+00  0.1048E+02
  8.976  0.9325E+00  0.1048E+02
  8.977  0.9323E+00  0.1048E+02
  8.978  0.9323E+00  0.1048E+02
  8.979  0.9323E+00  0.1049E+02
  8.980  0.9325E+00  0.1049E+02
  8.981  0.9328E+00  0.1049E+02
  8.982  0.9329E+00  0.1049E+02
  8.983  0.9329E+00  0.1049E+02
  8.984  0.9331E+00  0.1049E+02
  8.985  0.9335E+00  0.1049E+02
  8.986  0.9340E+00  0.1049E+02
  8.987  0.9346E+00  0.1049E+02
  8.988  0.9355E+00  0.1049E+02
  8.989  0.9366E+00  0.1050E+02
  8.990  0.9379E+00  0.1050E+02
  8.991  0.9394E+00  0.1050E+02
  8.992  0.9411E+00  0.1050E+02
  8.993  0.9398E+00  0.1050E+02
  8.994  0.9346E+00  0.1050E+02
  8.995  0.9309E+00  0.1050E+02
  8.996  0.9289E+00  0.1050E+02
  8.997  0.9282E+00  0.1050E+02
  8.998  0.9277E+00  0.1050E+02
  8.999  0.9271E+00  0.1050E+02
  9.000  0.9266E+00  0.1051E+02
  9.001  0.9261E+00  0.1051E+02
  9.002  0.9257E+00  0.1051E+02
  9.003  0.9252E+00  0.1051E+02
  9.004  0.9248E+00  0.1051E+02
  9.005  0.9244E+00  0.1051E+02
  9.006  0.9240E+00  0.1051E+02
  9.007  0.9237E+00  0.1051E+02
  9.008  0.9234E+00  0.1051E+02
  9.009  0.9231E+00  0.1051E+02
  9.010  0.9228E+00  0.1051E+02
  9.011  0.9225E+00  0.1052E+02
  9.012  0.9223E+00  0.1052E+02
  9.013  0.9221E+00  0.1052E+02
  9.014  0.9219E+00  0.1052E+02
  9.015  0.9217E+00  0.1052E+02
  9.016  0.9216E+00  0.1052E+02
  9.017  0.9214E+00  0.1052E+02
  9.018  0.9213E+00  0.1052E+02
  9.019  0.9212E+00  0.1052E+02
  9.020  0.9210E+00  0.1052E+02
  9.021  0.9209E+00  0.1052E+02
  9.022  0.9208E+00  0.1053E+02
  9.023  0.9206E+00  0.1053E+02
  9.024  0.9205E+00  0.1053E+02
  9.025  0.9203E+00  0.1053E+02
  9.026  0.9201E+00  0.1053E+02
  9.027  0.9199E+00  0.1053E+02
  9.028  0.9197E+00  0.1053E+02
  9.029  0.9194E+00  0.1053E+02
  9.030  0.9191E+00  0.1053E+02
  9.031  0.9188E+00  0.1053E+02
  9.032  0.9185E+00  0.1053E+02
  9.033  0.9181E+00  0.1054E+02
  9.034  0.9177E+00  0.1054E+02
  9.035  0.9174E+00  0.1054E+02
  9.036  0.9170E+00  0.1054E+02
  9.037  0.9166E+00  0.1054E+02
  9.038  0.9161E+00  0.1054E+02
  9.039  0.9157E+00  0.1054E+02
  9.040  0.9153E+00  0.1054E+02
  9.041  0.9148E+00  0.1054E+02
  9.042  0.9143E+00  0.1054E+02
  9.043  0.9139E+00  0.1055E+02
  9.044  0.9134E+00  0.1055E+02
  9.045  0.9128E+00  0.1055E+02
  9.046  0.9122E+00  0.1055E+02
  9.047  0.9138E+00  0.1055E+02
  9.048  0.9165E+00  0.1055E+02
  9.049  0.9150E+00  0.1055E+02
  9.050  0.9135E+00  0.1055E+02
  9.051  0.9121E+00  0.1055E+02
  9.052  0.9107E+00  0.1055E+02
  9.053  0.9094E+00  0.1055E+02
  9.054  0.9080E+00  0.1056E+02
  9.055  0.9067E+00  0.1056E+02
  9.056  0.9055E+00  0.1056E+02
  9.057  0.9042E+00  0.1056E+02
  9.058  0.9030E+00  0.1056E+02
  9.059  0.9018E+00  0.1056E+02
  9.060  0.9007E+00  0.1056E+02
  9.061  0.8995E+00  0.1056E+02
  9.062  0.8984E+00  0.1056E+02
  9.063  0.8974E+00  0.1056E+02
  9.064  0.8963E+00  0.1056E+02
  9.065  0.8953E+00  0.1057E+02
  9.066  0.8943E+00  0.1057E+02
  9.067  0.8933E+00  0.1057E+02
  9.068  0.8924E+00  0.1057E+02
  9.069  0.8914E+00  0.1057E+02
  9.070  0.8905E+00  0.1057E+02
  9.071  0.8896E+00  0.1057E+02
  9.072  0.8887E+00  0.1057E+02
  9.073  0.8879E+00  0.1057E+02
  9.074  0.8870E+00  0.1057E+02
  9.075  0.8862E+00  0.1057E+02
  9.076  0.8854E+00  0.1057E+02
  9.077  0.8846E+00  0.1058E+02
  9.078  0.8838E+00  0.1058E+02
  9.079  0.8831E+00  0.1058E+02
  9.080  0.8823E+00  0.1058E+02
  9.081  0.8816E+00  0.1058E+02
  9.082  0.8809E+00  0.1058E+02
  9.083  0.8803E+00  0.1058E+02
  9.084  0.8796E+00  0.1058E+02
  9.085  0.8790E+00  0.1058E+02
  9.086  0.8784E+00  0.1058E+02
  9.087  0.8778E+00  0.1058E+02
  9.088  0.8773E+00  0.1059E+02
  9.089  0.8768E+00  0.1059E+02
  9.090  0.8763E+00  0.1059E+02
  9.091  0.8757E+00  0.1059E+02
  9.092  0.8752E+00  0.1059E+02
  9.093  0.8747E+00  0.1059E+02
  9.094  0.8742E+00  0.1059E+02
  9.095  0.8737E+00  0.1059E+02
  9.096  0.8732E+00  0.1059E+02
  9.097  0.8727E+00  0.1059E+02
  9.098  0.8723E+00  0.1059E+02
  9.099  0.8718E+00  0.1059E+02
  9.100  0.8713E+00  0.1060E+02
  9.101  0.8709E+00  0.1060E+02
  9.102  0.8705E+00  0.1060E+02
  9.103  0.8701E+00  0.1060E+02
  9.104  0.8697E+00  0.1060E+02
  9.105  0.8693E+00  0.1060E+02
  9.106  0.8689E+00  0.1060E+02
  9.107  0.8685E+00  0.1060E+02
  9.108  0.8682E+00  0.1060E+02
  9.109  0.8678E+00  0.1060E+02
  9.110  0.8675E+00  0.1060E+02
  9.111  0.8672E+00  0.1061E+02
  9.112  0.8669E+00  0.1061E+02
  9.113  0.8666E+00  0.1061E+02
  9.114  0.8664E+00  0.1061E+02
  9.115  0.8661E+00  0.1061E+02
  9.116  0.8659E+00  0.1061E+02
  9.117  0.8656E+00  0.1061E+02
  9.118  0.8654E+00  0.1061E+02
  9.119  0.8653E+00  0.1061E+02
  9.120  0.8654E+00  0.1061E+02
  9.121  0.8655E+00  0.1061E+02
  9.122  0.8657E+00  0.1061E+02
  9.123  0.8658E+00  0.1062E+02
  9.124  0.8659E+00  0.1062E+02
  9.125  0.8661E+00  0.1062E+02
  9.126  0.8663E+00  0.1062E+02
  9.127  0.8667E+00  0.1062E+02
  9.128  0.8671E+00  0.1062E+02
  9.129  0.8674E+00  0.1062E+02
  9.130  0.8678E+00  0.1062E+02
  9.131  0.8682E+00  0.1062E+02
  9.132  0.8686E+00  0.1062E+02
  9.133  0.8690E+00  0.1062E+02
  9.134  0.8694E+00  0.1063E+02
  9.135  0.8699E+00  0.1063E+02
  9.136  0.8704E+00  0.1063E+02
  9.137  0.8710E+00  0.1063E+02
  9.138  0.8716E+00  0.1063E+02
  9.139  0.8723E+00  0.1063E+02
  9.140  0.8730E+00  0.1063E+02
  9.141  0.8737E+00  0.1063E+02
  9.142  0.8745E+00  0.1063E+02
  9.143  0.8753E+00  0.1063E+02
  9.144  0.8760E+00  0.1063E+02
  9.145  0.8768E+00  0.1063E+02
  9.146  0.8777E+00  0.1064E+02
  9.147  0.8785E+00  0.1064E+02
  9.148  0.8794E+00  0.1064E+02
  9.149  0.8803E+00  0.1064E+02
  9.150  0.8812E+00  0.1064E+02
  9.151  0.8821E+00  0.1064E+02
  9.152  0.8830E+00  0.1064E+02
  9.153  0.8839E+00  0.1064E+02
  9.154  0.8847E+00  0.1064E+02
  9.155  0.8855E+00  0.1064E+02
  9.156  0.8861E+00  0.1064E+02
  9.157  0.8867E+00  0.1065E+02
  9.158  0.8873E+00  0.1065E+02
  9.159  0.8880E+00  0.1065E+02
  9.160  0.8886E+00  0.1065E+02
  9.161  0.8892E+00  0.1065E+02
  9.162  0.8898E+00  0.1065E+02
  9.163  0.8904E+00  0.1065E+02
  9.164  0.8909E+00  0.1065E+02
  9.165  0.8914E+00  0.1065E+02
  9.166  0.8919E+00  0.1065E+02
  9.167  0.8924E+00  0.1065E+02
  9.168  0.8929E+00  0.1066E+02
  9.169  0.8934E+00  0.1066E+02
  9.170  0.8940E+00  0.1066E+02
  9.171  0.8945E+00  0.1066E+02
  9.172  0.8950E+00  0.1066E+02
  9.173  0.8955E+00  0.1066E+02
  9.174  0.8960E+00  0.1066E+02
  9.175  0.8966E+00  0.1066E+02
  9.176  0.8971E+00  0.1066E+02
  9.177  0.8976E+00  0.1066E+02
  9.178  0.8982E+00  0.1066E+02
  9.179  0.8987E+00  0.1067E+02
  9.180  0.8993E+00  0.1067E+02
  9.181  0.8998E+00  0.1067E+02
  9.182  0.9004E+00  0.1067E+02
  9.183  0.9009E+00  0.1067E+02
  9.184  0.9015E+00  0.1067E+02
  9.185  0.9021E+00  0.1067E+02
  9.186  0.9027E+00  0.1067E+02
  9.187  0.9032E+00  0.1067E+02
  9.188  0.9038E+00  0.1067E+02
  9.189  0.9041E+00  0.1067E+02
  9.190  0.9042E+00  0.1068E+02
  9.191  0.9043E+00  0.1068E+02
  9.192  0.9045E+00  0.1068E+02
  9.193  0.9047E+00  0.1068E+02
  9.194  0.9050E+00  0.1068E+02
  9.195  0.9054E+00  0.1068E+02
  9.196  0.9058E+00  0.1068E+02
  9.197  0.9063E+00  0.1068E+02
  9.198  0.9068E+00  0.1068E+02
  9.199  0.9074E+00  0.1068E+02
  9.200  0.9080E+00  0.1068E+02
  9.201  0.9086E+00  0.1069E+02
  9.202  0.9092E+00  0.1069E+02
  9.203  0.9098E+00  0.1069E+02
  9.204  0.9105E+00  0.1069E+02
  9.205  0.9111E+00  0.1069E+02
  9.206  0.9114E+00  0.1069E+02
  9.207  0.9117E+00  0.1069E+02
  9.208  0.9121E+00  0.1069E+02
  9.209  0.9126E+00  0.1069E+02
  9.210  0.9133E+00  0.1069E+02
  9.211  0.9141E+00  0.1069E+02
  9.212  0.9151E+00  0.1070E+02
  9.213  0.9162E+00  0.1070E+02
  9.214  0.9174E+00  0.1070E+02
  9.215  0.9185E+00  0.1070E+02
  9.216  0.9196E+00  0.1070E+02
  9.217  0.9206E+00  0.1070E+02
  9.218  0.9215E+00  0.1070E+02
  9.219  0.9223E+00  0.1070E+02
  9.220  0.9229E+00  0.1070E+02
  9.221  0.9235E+00  0.1070E+02
  9.222  0.9240E+00  0.1070E+02
  9.223  0.9244E+00  0.1071E+02
  9.224  0.9248E+00  0.1071E+02
  9.225  0.9252E+00  0.1071E+02
  9.226  0.9255E+00  0.1071E+02
  9.227  0.9259E+00  0.1071E+02
  9.228  0.9263E+00  0.1071E+02
  9.229  0.9267E+00  0.1071E+02
  9.230  0.9270E+00  0.1071E+02
  9.231  0.9274E+00  0.1071E+02
  9.232  0.9277E+00  0.1071E+02
  9.233  0.9281E+00  0.1071E+02
  9.234  0.9284E+00  0.1072E+02
  9.235  0.9288E+00  0.1072E+02
  9.236  0.9291E+00  0.1072E+02
  9.237  0.9295E+00  0.1072E+02
  9.238  0.9298E+00  0.1072E+02
  9.239  0.9301E+00  0.1072E+02
  9.240  0.9305E+00  0.1072E+02
  9.241  0.9308E+00  0.1072E+02
  9.242  0.9311E+00  0.1072E+02
  9.243  0.9314E+00  0.1072E+02
  9.244  0.9317E+00  0.1072E+02
  9.245  0.9320E+00  0.1073E+02
  9.246  0.9323E+00  0.1073E+02
  9.247  0.9326E+00  0.1073E+02
  9.248  0.9329E+00  0.1073E+02
  9.249  0.9331E+00  0.1073E+02
  9.250  0.9334E+00  0.1073E+02
  9.251  0.9336E+00  0.1073E+02
  9.252  0.9339E+00  0.1073E+02
  9.253  0.9341E+00  0.1073E+02
  9.254  0.9343E+00  0.1073E+02
  9.255  0.9346E+00  0.1073E+02
  9.256  0.9349E+00  0.1074E+02
  9.257  0.9352E+00  0.1074E+02
  9.258  0.9355E+00  0.1074E+02
  9.259  0.9359E+00  0.1074E+02
  9.260  0.9363E+00  0.1074E+02
  9.261  0.9368E+00  0.1074E+02
  9.262  0.9373E+00  0.1074E+02
  9.263  0.9378E+00  0.1074E+02
  9.264  0.9382E+00  0.1074E+02
  9.265  0.9387E+00  0.1074E+02
  9.266  0.9392E+00  0.1075E+02
  9.267  0.9397E+00  0.1075E+02
  9.268  0.9402E+00  0.1075E+02
  9.269  0.9407E+00  0.1075E+02
  9.270  0.9412E+00  0.1075E+02
  9.271  0.9417E+00  0.1075E+02
  9.272  0.9422E+00  0.1075E+02
  9.273  0.9427E+00  0.1075E+02
  9.274  0.9432E+00  0.1075E+02
  9.275  0.9437E+00  0.1075E+02
  9.276  0.9442E+00  0.1075E+02
  9.277  0.9447E+00  0.1076E+02
  9.278  0.9453E+00  0.1076E+02
  9.279  0.9458E+00  0.1076E+02
  9.280  0.9464E+00  0.1076E+02
  9.281  0.9470E+00  0.1076E+02
  9.282  0.9477E+00  0.1076E+02
  9.283  0.9484E+00  0.1076E+02
  9.284  0.9491E+00  0.1076E+02
  9.285  0.9498E+00  0.1076E+02
  9.286  0.9505E+00  0.1076E+02
  9.287  0.9512E+00  0.1077E+02
  9.288  0.9520E+00  0.1077E+02
  9.289  0.9527E+00  0.1077E+02
  9.290  0.9534E+00  0.1077E+02
  9.291  0.9542E+00  0.1077E+02
  9.292  0.9549E+00  0.1077E+02
  9.293  0.9557E+00  0.1077E+02
  9.294  0.9564E+00  0.1077E+02
  9.295  0.9572E+00  0.1077E+02
  9.296  0.9580E+00  0.1077E+02
  9.297  0.9587E+00  0.1077E+02
  9.298  0.9595E+00  0.1078E+02
  9.299  0.9603E+00  0.1078E+02
  9.300  0.9611E+00  0.1078E+02
  9.301  0.9619E+00  0.1078E+02
  9.302  0.9627E+00  0.1078E+02
  9.303  0.9636E+00  0.1078E+02
  9.304  0.9644E+00  0.1078E+02
  9.305  0.9652E+00  0.1078E+02
  9.306  0.9661E+00  0.1078E+02
  9.307  0.9672E+00  0.1078E+02
  9.308  0.9686E+00  0.1079E+02
  9.309  0.9699E+00  0.1079E+02
  9.310  0.9712E+00  0.1079E+02
  9.311  0.9729E+00  0.1079E+02
  9.312  0.9748E+00  0.1079E+02
  9.313  0.9766E+00  0.1079E+02
  9.314  0.9783E+00  0.1079E+02
  9.315  0.9800E+00  0.1079E+02
  9.316  0.9817E+00  0.1079E+02
  9.317  0.9833E+00  0.1079E+02
  9.318  0.9848E+00  0.1080E+02
  9.319  0.9864E+00  0.1080E+02
  9.320  0.9878E+00  0.1080E+02
  9.321  0.9891E+00  0.1080E+02
  9.322  0.9905E+00  0.1080E+02
  9.323  0.9919E+00  0.1080E+02
  9.324  0.9934E+00  0.1080E+02
  9.325  0.9948E+00  0.1080E+02
  9.326  0.9963E+00  0.1080E+02
  9.327  0.9978E+00  0.1080E+02
  9.328  0.9994E+00  0.1081E+02
  9.329  0.1001E+01  0.1081E+02
  9.330  0.1003E+01  0.1081E+02
  9.331  0.1004E+01  0.1081E+02
  9.332  0.1006E+01  0.1081E+02
  9.333  0.1008E+01  0.1081E+02
  9.334  0.1010E+01  0.1081E+02
  9.335  0.1011E+01  0.1081E+02
  9.336  0.1014E+01  0.1081E+02
  9.337  0.1016E+01  0.1081E+02
  9.338  0.1019E+01  0.1082E+02
  9.339  0.1023E+01  0.1082E+02
  9.340  0.1027E+01  0.1082E+02
  9.341  0.1031E+01  0.1082E+02
  9.342  0.1036E+01  0.1082E+02
  9.343  0.1041E+01  0.1082E+02
  9.344  0.1046E+01  0.1082E+02
  9.345  0.1051E+01  0.1082E+02
  9.346  0.1056E+01  0.1082E+02
  9.347  0.1061E+01  0.1082E+02
  9.348  0.1066E+01  0.1083E+02
  9.349  0.1070E+01  0.1083E+02
  9.350  0.1075E+01  0.1083E+02
  9.351  0.1079E+01  0.1083E+02
  9.352  0.1081E+01  0.1083E+02
  9.353  0.1082E+01  0.1083E+02
  9.354  0.1084E+01  0.1083E+02
  9.355  0.1086E+01  0.1083E+02
  9.356  0.1088E+01  0.1083E+02
  9.357  0.1091E+01  0.1084E+02
  9.358  0.1093E+01  0.1084E+02
  9.359  0.1095E+01  0.1084E+02
  9.360  0.1097E+01  0.1084E+02
  9.361  0.1098E+01  0.1084E+02
  9.362  0.1099E+01  0.1084E+02
  9.363  0.1100E+01  0.1084E+02
  9.364  0.1101E+01  0.1084E+02
  9.365  0.1103E+01  0.1084E+02
  9.366  0.1104E+01  0.1085E+02
  9.367  0.1106E+01  0.1085E+02
  9.368  0.1108E+01  0.1085E+02
  9.369  0.1110E+01  0.1085E+02
  9.370  0.1112E+01  0.1085E+02
  9.371  0.1114E+01  0.1085E+02
  9.372  0.1116E+01  0.1085E+02
  9.373  0.1117E+01  0.1085E+02
  9.374  0.1118E+01  0.1085E+02
  9.375  0.1118E+01  0.1086E+02
  9.376  0.1118E+01  0.1086E+02
  9.377  0.1119E+01  0.1086E+02
  9.378  0.1120E+01  0.1086E+02
  9.379  0.1120E+01  0.1086E+02
  9.380  0.1121E+01  0.1086E+02
  9.381  0.1122E+01  0.1086E+02
  9.382  0.1124E+01  0.1086E+02
  9.383  0.1125E+01  0.1086E+02
  9.384  0.1127E+01  0.1087E+02
  9.385  0.1128E+01  0.1087E+02
  9.386  0.1130E+01  0.1087E+02
  9.387  0.1132E+01  0.1087E+02
  9.388  0.1134E+01  0.1087E+02
  9.389  0.1136E+01  0.1087E+02
  9.390  0.1138E+01  0.1087E+02
  9.391  0.1141E+01  0.1087E+02
  9.392  0.1144E+01  0.1087E+02
  9.393  0.1147E+01  0.1088E+02
  9.394  0.1150E+01  0.1088E+02
  9.395  0.1154E+01  0.1088E+02
  9.396  0.1157E+01  0.1088E+02
  9.397  0.1161E+01  0.1088E+02
  9.398  0.1164E+01  0.1088E+02
  9.399  0.1168E+01  0.1088E+02
  9.400  0.1172E+01  0.1088E+02
  9.401  0.1177E+01  0.1088E+02
  9.402  0.1181E+01  0.1089E+02
  9.403  0.1186E+01  0.1089E+02
  9.404  0.1191E+01  0.1089E+02
  9.405  0.1196E+01  0.1089E+02
  9.406  0.1201E+01  0.1089E+02
  9.407  0.1207E+01  0.1089E+02
  9.408  0.1212E+01  0.1089E+02
  9.409  0.1218E+01  0.1089E+02
  9.410  0.1223E+01  0.1090E+02
  9.411  0.1229E+01  0.1090E+02
  9.412  0.1234E+01  0.1090E+02
  9.413  0.1239E+01  0.1090E+02
  9.414  0.1244E+01  0.1090E+02
  9.415  0.1252E+01  0.1090E+02
  9.416  0.1262E+01  0.1090E+02
  9.417  0.1276E+01  0.1090E+02
  9.418  0.1292E+01  0.1091E+02
  9.419  0.1306E+01  0.1091E+02
  9.420  0.1318E+01  0.1091E+02
  9.421  0.1329E+01  0.1091E+02
  9.422  0.1338E+01  0.1091E+02
  9.423  0.1348E+01  0.1091E+02
  9.424  0.1357E+01  0.1091E+02
  9.425  0.1366E+01  0.1092E+02
  9.426  0.1375E+01  0.1092E+02
  9.427  0.1386E+01  0.1092E+02
  9.428  0.1400E+01  0.1092E+02
  9.429  0.1413E+01  0.1092E+02
  9.430  0.1427E+01  0.1092E+02
  9.431  0.1442E+01  0.1092E+02
  9.432  0.1459E+01  0.1092E+02
  9.433  0.1474E+01  0.1093E+02
  9.434  0.1487E+01  0.1093E+02
  9.435  0.1500E+01  0.1093E+02
  9.436  0.1513E+01  0.1093E+02
  9.437  0.1525E+01  0.1093E+02
  9.438  0.1536E+01  0.1093E+02
  9.439  0.1547E+01  0.1094E+02
  9.440  0.1558E+01  0.1094E+02
  9.441  0.1569E+01  0.1094E+02
  9.442  0.1580E+01  0.1094E+02
  9.443  0.1590E+01  0.1094E+02
  9.444  0.1601E+01  0.1094E+02
  9.445  0.1611E+01  0.1095E+02
  9.446  0.1622E+01  0.1095E+02
  9.447  0.1632E+01  0.1095E+02
  9.448  0.1643E+01  0.1095E+02
  9.449  0.1654E+01  0.1095E+02
  9.450  0.1664E+01  0.1095E+02
  9.451  0.1675E+01  0.1095E+02
  9.452  0.1686E+01  0.1096E+02
  9.453  0.1696E+01  0.1096E+02
  9.454  0.1707E+01  0.1096E+02
  9.455  0.1717E+01  0.1096E+02
  9.456  0.1727E+01  0.1096E+02
  9.457  0.1737E+01  0.1097E+02
  9.458  0.1746E+01  0.1097E+02
  9.459  0.1755E+01  0.1097E+02
  9.460  0.1763E+01  0.1097E+02
  9.461  0.1772E+01  0.1097E+02
  9.462  0.1781E+01  0.1097E+02
  9.463  0.1790E+01  0.1098E+02
  9.464  0.1799E+01  0.1098E+02
  9.465  0.1807E+01  0.1098E+02
  9.466  0.1816E+01  0.1098E+02
  9.467  0.1825E+01  0.1098E+02
  9.468  0.1835E+01  0.1098E+02
  9.469  0.1844E+01  0.1099E+02
  9.470  0.1854E+01  0.1099E+02
  9.471  0.1863E+01  0.1099E+02
  9.472  0.1871E+01  0.1099E+02
  9.473  0.1881E+01  0.1099E+02
  9.474  0.1902E+01  0.1100E+02
  9.475  0.1920E+01  0.1100E+02
  9.476  0.1935E+01  0.1100E+02
  9.477  0.1948E+01  0.1100E+02
  9.478  0.1959E+01  0.1100E+02
  9.479  0.1968E+01  0.1101E+02
  9.480  0.1976E+01  0.1101E+02
  9.481  0.1983E+01  0.1101E+02
  9.482  0.1990E+01  0.1101E+02
  9.483  0.1997E+01  0.1101E+02
  9.484  0.2002E+01  0.1102E+02
  9.485  0.2008E+01  0.1102E+02
  9.486  0.2012E+01  0.1102E+02
  9.487  0.2016E+01  0.1102E+02
  9.488  0.2019E+01  0.1102E+02
  9.489  0.2022E+01  0.1103E+02
  9.490  0.2025E+01  0.1103E+02
  9.491  0.2028E+01  0.1103E+02
  9.492  0.2031E+01  0.1103E+02
  9.493  0.2034E+01  0.1103E+02
  9.494  0.2037E+01  0.1104E+02
  9.495  0.2038E+01  0.1104E+02
  9.496  0.2040E+01  0.1104E+02
  9.497  0.2042E+01  0.1104E+02
  9.498  0.2043E+01  0.1104E+02
  9.499  0.2043E+01  0.1105E+02
  9.500  0.2044E+01  0.1105E+02
  9.501  0.2044E+01  0.1105E+02
  9.502  0.2043E+01  0.1105E+02
  9.503  0.2041E+01  0.1105E+02
  9.504  0.2039E+01  0.1106E+02
  9.505  0.2038E+01  0.1106E+02
  9.506  0.2037E+01  0.1106E+02
  9.507  0.2037E+01  0.1106E+02
  9.508  0.2037E+01  0.1106E+02
  9.509  0.2038E+01  0.1107E+02
  9.510  0.2039E+01  0.1107E+02
  9.511  0.2040E+01  0.1107E+02
  9.512  0.2042E+01  0.1107E+02
  9.513  0.2043E+01  0.1107E+02
  9.514  0.2045E+01  0.1108E+02
  9.515  0.2046E+01  0.1108E+02
  9.516  0.2048E+01  0.1108E+02
  9.517  0.2049E+01  0.1108E+02
  9.518  0.2050E+01  0.1108E+02
  9.519  0.2052E+01  0.1109E+02
  9.520  0.2053E+01  0.1109E+02
  9.521  0.2054E+01  0.1109E+02
  9.522  0.2054E+01  0.1109E+02
  9.523  0.2053E+01  0.1110E+02
  9.524  0.2052E+01  0.1110E+02
  9.525  0.2051E+01  0.1110E+02
  9.526  0.2049E+01  0.1110E+02
  9.527  0.2048E+01  0.1110E+02
  9.528  0.2047E+01  0.1111E+02
  9.529  0.2046E+01  0.1111E+02
  9.530  0.2045E+01  0.1111E+02
  9.531  0.2043E+01  0.1111E+02
  9.532  0.2042E+01  0.1111E+02
  9.533  0.2040E+01  0.1112E+02
  9.534  0.2037E+01  0.1112E+02
  9.535  0.2035E+01  0.1112E+02
  9.536  0.2032E+01  0.1112E+02
  9.537  0.2030E+01  0.1112E+02
  9.538  0.2028E+01  0.1113E+02
  9.539  0.2026E+01  0.1113E+02
  9.540  0.2025E+01  0.1113E+02
  9.541  0.2024E+01  0.1113E+02
  9.542  0.2023E+01  0.1113E+02
  9.543  0.2022E+01  0.1114E+02
  9.544  0.2021E+01  0.1114E+02
  9.545  0.2021E+01  0.1114E+02
  9.546  0.2020E+01  0.1114E+02
  9.547  0.2020E+01  0.1114E+02
  9.548  0.2020E+01  0.1115E+02
  9.549  0.2020E+01  0.1115E+02
  9.550  0.2021E+01  0.1115E+02
  9.551  0.2022E+01  0.1115E+02
  9.552  0.2023E+01  0.1115E+02
  9.553  0.2024E+01  0.1116E+02
  9.554  0.2025E+01  0.1116E+02
  9.555  0.2027E+01  0.1116E+02
  9.556  0.2027E+01  0.1116E+02
  9.557  0.2028E+01  0.1116E+02
  9.558  0.2028E+01  0.1117E+02
  9.559  0.2029E+01  0.1117E+02
  9.560  0.2028E+01  0.1117E+02
  9.561  0.2028E+01  0.1117E+02
  9.562  0.2028E+01  0.1117E+02
  9.563  0.2029E+01  0.1118E+02
  9.564  0.2029E+01  0.1118E+02
  9.565  0.2030E+01  0.1118E+02
  9.566  0.2030E+01  0.1118E+02
  9.567  0.2029E+01  0.1118E+02
  9.568  0.2029E+01  0.1119E+02
  9.569  0.2028E+01  0.1119E+02
  9.570  0.2026E+01  0.1119E+02
  9.571  0.2025E+01  0.1119E+02
  9.572  0.2023E+01  0.1119E+02
  9.573  0.2021E+01  0.1120E+02
  9.574  0.2018E+01  0.1120E+02
  9.575  0.2015E+01  0.1120E+02
  9.576  0.2012E+01  0.1120E+02
  9.577  0.2009E+01  0.1120E+02
  9.578  0.2007E+01  0.1121E+02
  9.579  0.2005E+01  0.1121E+02
  9.580  0.2003E+01  0.1121E+02
  9.581  0.2001E+01  0.1121E+02
  9.582  0.1999E+01  0.1121E+02
  9.583  0.1998E+01  0.1122E+02
  9.584  0.1996E+01  0.1122E+02
  9.585  0.1995E+01  0.1122E+02
  9.586  0.1994E+01  0.1122E+02
  9.587  0.1993E+01  0.1122E+02
  9.588  0.1991E+01  0.1123E+02
  9.589  0.1991E+01  0.1123E+02
  9.590  0.1992E+01  0.1123E+02
  9.591  0.1990E+01  0.1123E+02
  9.592  0.1989E+01  0.1123E+02
  9.593  0.1988E+01  0.1124E+02
  9.594  0.1987E+01  0.1124E+02
  9.595  0.1986E+01  0.1124E+02
  9.596  0.1984E+01  0.1124E+02
  9.597  0.1983E+01  0.1124E+02
  9.598  0.1981E+01  0.1125E+02
  9.599  0.1980E+01  0.1125E+02
  9.600  0.1978E+01  0.1125E+02
  9.601  0.1976E+01  0.1125E+02
  9.602  0.1974E+01  0.1125E+02
  9.603  0.1971E+01  0.1126E+02
  9.604  0.1969E+01  0.1126E+02
  9.605  0.1967E+01  0.1126E+02
  9.606  0.1964E+01  0.1126E+02
  9.607  0.1962E+01  0.1126E+02
  9.608  0.1960E+01  0.1127E+02
  9.609  0.1959E+01  0.1127E+02
  9.610  0.1957E+01  0.1127E+02
  9.611  0.1955E+01  0.1127E+02
  9.612  0.1953E+01  0.1127E+02
  9.613  0.1951E+01  0.1128E+02
  9.614  0.1949E+01  0.1128E+02
  9.615  0.1947E+01  0.1128E+02
  9.616  0.1946E+01  0.1128E+02
  9.617  0.1945E+01  0.1128E+02
  9.618  0.1944E+01  0.1129E+02
  9.619  0.1943E+01  0.1129E+02
  9.620  0.1942E+01  0.1129E+02
  9.621  0.1940E+01  0.1129E+02
  9.622  0.1938E+01  0.1129E+02
  9.623  0.1936E+01  0.1130E+02
  9.624  0.1934E+01  0.1130E+02
  9.625  0.1932E+01  0.1130E+02
  9.626  0.1930E+01  0.1130E+02
  9.627  0.1927E+01  0.1130E+02
  9.628  0.1925E+01  0.1131E+02
  9.629  0.1923E+01  0.1131E+02
  9.630  0.1920E+01  0.1131E+02
  9.631  0.1918E+01  0.1131E+02
  9.632  0.1916E+01  0.1131E+02
  9.633  0.1913E+01  0.1131E+02
  9.634  0.1911E+01  0.1132E+02
  9.635  0.1908E+01  0.1132E+02
  9.636  0.1906E+01  0.1132E+02
  9.637  0.1903E+01  0.1132E+02
  9.638  0.1901E+01  0.1132E+02
  9.639  0.1898E+01  0.1133E+02
  9.640  0.1896E+01  0.1133E+02
  9.641  0.1894E+01  0.1133E+02
  9.642  0.1892E+01  0.1133E+02
  9.643  0.1890E+01  0.1133E+02
  9.644  0.1888E+01  0.1134E+02
  9.645  0.1886E+01  0.1134E+02
  9.646  0.1884E+01  0.1134E+02
  9.647  0.1882E+01  0.1134E+02
  9.648  0.1880E+01  0.1134E+02
  9.649  0.1878E+01  0.1135E+02
  9.650  0.1876E+01  0.1135E+02
  9.651  0.1874E+01  0.1135E+02
  9.652  0.1872E+01  0.1135E+02
  9.653  0.1870E+01  0.1135E+02
  9.654  0.1868E+01  0.1135E+02
  9.655  0.1865E+01  0.1136E+02
  9.656  0.1863E+01  0.1136E+02
  9.657  0.1861E+01  0.1136E+02
  9.658  0.1858E+01  0.1136E+02
  9.659  0.1855E+01  0.1136E+02
  9.660  0.1852E+01  0.1137E+02
  9.661  0.1850E+01  0.1137E+02
  9.662  0.1847E+01  0.1137E+02
  9.663  0.1845E+01  0.1137E+02
  9.664  0.1843E+01  0.1137E+02
  9.665  0.1842E+01  0.1137E+02
  9.666  0.1842E+01  0.1138E+02
  9.667  0.1842E+01  0.1138E+02
  9.668  0.1842E+01  0.1138E+02
  9.669  0.1843E+01  0.1138E+02
  9.670  0.1845E+01  0.1138E+02
  9.671  0.1847E+01  0.1139E+02
  9.672  0.1852E+01  0.1139E+02
  9.673  0.1857E+01  0.1139E+02
  9.674  0.1863E+01  0.1139E+02
  9.675  0.1871E+01  0.1139E+02
  9.676  0.1880E+01  0.1140E+02
  9.677  0.1890E+01  0.1140E+02
  9.678  0.1901E+01  0.1140E+02
  9.679  0.1912E+01  0.1140E+02
  9.680  0.1923E+01  0.1140E+02
  9.681  0.1935E+01  0.1140E+02
  9.682  0.1946E+01  0.1141E+02
  9.683  0.1955E+01  0.1141E+02
  9.684  0.1961E+01  0.1141E+02
  9.685  0.1963E+01  0.1141E+02
  9.686  0.1955E+01  0.1141E+02
  9.687  0.1942E+01  0.1142E+02
  9.688  0.1923E+01  0.1142E+02
  9.689  0.1901E+01  0.1142E+02
  9.690  0.1876E+01  0.1142E+02
  9.691  0.1847E+01  0.1142E+02
  9.692  0.1821E+01  0.1143E+02
  9.693  0.1802E+01  0.1143E+02
  9.694  0.1800E+01  0.1143E+02
  9.695  0.1770E+01  0.1143E+02
  9.696  0.1740E+01  0.1143E+02
  9.697  0.1710E+01  0.1143E+02
  9.698  0.1680E+01  0.1144E+02
  9.699  0.1650E+01  0.1144E+02
  9.700  0.1620E+01  0.1144E+02
  9.701  0.1591E+01  0.1144E+02
  9.702  0.1566E+01  0.1144E+02
  9.703  0.1545E+01  0.1144E+02
  9.704  0.1527E+01  0.1145E+02
  9.705  0.1512E+01  0.1145E+02
  9.706  0.1500E+01  0.1145E+02
  9.707  0.1488E+01  0.1145E+02
  9.708  0.1477E+01  0.1145E+02
  9.709  0.1466E+01  0.1145E+02
  9.710  0.1455E+01  0.1145E+02
  9.711  0.1444E+01  0.1146E+02
  9.712  0.1434E+01  0.1146E+02
  9.713  0.1424E+01  0.1146E+02
  9.714  0.1414E+01  0.1146E+02
  9.715  0.1405E+01  0.1146E+02
  9.716  0.1396E+01  0.1146E+02
  9.717  0.1387E+01  0.1146E+02
  9.718  0.1378E+01  0.1147E+02
  9.719  0.1369E+01  0.1147E+02
  9.720  0.1361E+01  0.1147E+02
  9.721  0.1353E+01  0.1147E+02
  9.722  0.1345E+01  0.1147E+02
  9.723  0.1337E+01  0.1147E+02
  9.724  0.1329E+01  0.1147E+02
  9.725  0.1321E+01  0.1148E+02
  9.726  0.1313E+01  0.1148E+02
  9.727  0.1305E+01  0.1148E+02
  9.728  0.1297E+01  0.1148E+02
  9.729  0.1290E+01  0.1148E+02
  9.730  0.1282E+01  0.1148E+02
  9.731  0.1275E+01  0.1148E+02
  9.732  0.1268E+01  0.1148E+02
  9.733  0.1261E+01  0.1149E+02
  9.734  0.1254E+01  0.1149E+02
  9.735  0.1249E+01  0.1149E+02
  9.736  0.1243E+01  0.1149E+02
  9.737  0.1238E+01  0.1149E+02
  9.738  0.1233E+01  0.1149E+02
  9.739  0.1226E+01  0.1149E+02
  9.740  0.1221E+01  0.1149E+02
  9.741  0.1217E+01  0.1150E+02
  9.742  0.1214E+01  0.1150E+02
  9.743  0.1211E+01  0.1150E+02
  9.744  0.1208E+01  0.1150E+02
  9.745  0.1206E+01  0.1150E+02
  9.746  0.1204E+01  0.1150E+02
  9.747  0.1202E+01  0.1150E+02
  9.748  0.1201E+01  0.1150E+02
  9.749  0.1199E+01  0.1151E+02
  9.750  0.1197E+01  0.1151E+02
  9.751  0.1195E+01  0.1151E+02
  9.752  0.1193E+01  0.1151E+02
  9.753  0.1191E+01  0.1151E+02
  9.754  0.1190E+01  0.1151E+02
  9.755  0.1188E+01  0.1151E+02
  9.756  0.1186E+01  0.1151E+02
  9.757  0.1185E+01  0.1151E+02
  9.758  0.1184E+01  0.1152E+02
  9.759  0.1183E+01  0.1152E+02
  9.760  0.1182E+01  0.1152E+02
  9.761  0.1181E+01  0.1152E+02
  9.762  0.1180E+01  0.1152E+02
  9.763  0.1180E+01  0.1152E+02
  9.764  0.1179E+01  0.1152E+02
  9.765  0.1179E+01  0.1152E+02
  9.766  0.1179E+01  0.1153E+02
  9.767  0.1179E+01  0.1153E+02
  9.768  0.1179E+01  0.1153E+02
  9.769  0.1180E+01  0.1153E+02
  9.770  0.1180E+01  0.1153E+02
  9.771  0.1180E+01  0.1153E+02
  9.772  0.1181E+01  0.1153E+02
  9.773  0.1182E+01  0.1153E+02
  9.774  0.1183E+01  0.1153E+02
  9.775  0.1183E+01  0.1154E+02
  9.776  0.1184E+01  0.1154E+02
  9.777  0.1185E+01  0.1154E+02
  9.778  0.1186E+01  0.1154E+02
  9.779  0.1187E+01  0.1154E+02
  9.780  0.1188E+01  0.1154E+02
  9.781  0.1189E+01  0.1154E+02
  9.782  0.1191E+01  0.1154E+02
  9.783  0.1193E+01  0.1155E+02
  9.784  0.1195E+01  0.1155E+02
  9.785  0.1197E+01  0.1155E+02
  9.786  0.1199E+01  0.1155E+02
  9.787  0.1201E+01  0.1155E+02
  9.788  0.1203E+01  0.1155E+02
  9.789  0.1205E+01  0.1155E+02
  9.790  0.1207E+01  0.1155E+02
  9.791  0.1209E+01  0.1156E+02
  9.792  0.1211E+01  0.1156E+02
  9.793  0.1213E+01  0.1156E+02
  9.794  0.1201E+01  0.1156E+02
  9.795  0.1201E+01  0.1156E+02
  9.796  0.1201E+01  0.1156E+02
  9.797  0.1202E+01  0.1156E+02
  9.798  0.1202E+01  0.1156E+02
  9.799  0.1202E+01  0.1156E+02
  9.800  0.1203E+01  0.1157E+02
  9.801  0.1203E+01  0.1157E+02
  9.802  0.1203E+01  0.1157E+02
  9.803  0.1201E+01  0.1157E+02
  9.804  0.1201E+01  0.1157E+02
  9.805  0.1202E+01  0.1157E+02
  9.806  0.1202E+01  0.1157E+02
  9.807  0.1202E+01  0.1157E+02
  9.808  0.1203E+01  0.1158E+02
  9.809  0.1203E+01  0.1158E+02
  9.810  0.1204E+01  0.1158E+02
  9.811  0.1204E+01  0.1158E+02
  9.812  0.1205E+01  0.1158E+02
  9.813  0.1205E+01  0.1158E+02
  9.814  0.1206E+01  0.1158E+02
  9.815  0.1207E+01  0.1158E+02
  9.816  0.1207E+01  0.1159E+02
  9.817  0.1208E+01  0.1159E+02
  9.818  0.1209E+01  0.1159E+02
  9.819  0.1210E+01  0.1159E+02
  9.820  0.1211E+01  0.1159E+02
  9.821  0.1213E+01  0.1159E+02
  9.822  0.1214E+01  0.1159E+02
  9.823  0.1216E+01  0.1159E+02
  9.824  0.1218E+01  0.1159E+02
  9.825  0.1220E+01  0.1160E+02
  9.826  0.1222E+01  0.1160E+02
  9.827  0.1223E+01  0.1160E+02
  9.828  0.1225E+01  0.1160E+02
  9.829  0.1227E+01  0.1160E+02
  9.830  0.1228E+01  0.1160E+02
  9.831  0.1230E+01  0.1160E+02
  9.832  0.1232E+01  0.1160E+02
  9.833  0.1234E+01  0.1161E+02
  9.834  0.1236E+01  0.1161E+02
  9.835  0.1238E+01  0.1161E+02
  9.836  0.1239E+01  0.1161E+02
  9.837  0.1241E+01  0.1161E+02
  9.838  0.1243E+01  0.1161E+02
  9.839  0.1245E+01  0.1161E+02
  9.840  0.1247E+01  0.1161E+02
  9.841  0.1249E+01  0.1162E+02
  9.842  0.1251E+01  0.1162E+02
  9.843  0.1253E+01  0.1162E+02
  9.844  0.1255E+01  0.1162E+02
  9.845  0.1257E+01  0.1162E+02
  9.846  0.1259E+01  0.1162E+02
  9.847  0.1262E+01  0.1162E+02
  9.848  0.1264E+01  0.1162E+02
  9.849  0.1266E+01  0.1163E+02
  9.850  0.1268E+01  0.1163E+02
  9.851  0.1270E+01  0.1163E+02
  9.852  0.1272E+01  0.1163E+02
  9.853  0.1275E+01  0.1163E+02
  9.854  0.1277E+01  0.1163E+02
  9.855  0.1280E+01  0.1163E+02
  9.856  0.1282E+01  0.1163E+02
  9.857  0.1285E+01  0.1164E+02
  9.858  0.1288E+01  0.1164E+02
  9.859  0.1291E+01  0.1164E+02
  9.860  0.1294E+01  0.1164E+02
  9.861  0.1298E+01  0.1164E+02
  9.862  0.1302E+01  0.1164E+02
  9.863  0.1306E+01  0.1164E+02
  9.864  0.1310E+01  0.1165E+02
  9.865  0.1314E+01  0.1165E+02
  9.866  0.1317E+01  0.1165E+02
  9.867  0.1321E+01  0.1165E+02
  9.868  0.1325E+01  0.1165E+02
  9.869  0.1328E+01  0.1165E+02
  9.870  0.1332E+01  0.1165E+02
  9.871  0.1335E+01  0.1165E+02
  9.872  0.1338E+01  0.1166E+02
  9.873  0.1337E+01  0.1166E+02
  9.874  0.1335E+01  0.1166E+02
  9.875  0.1334E+01  0.1166E+02
  9.876  0.1334E+01  0.1166E+02
  9.877  0.1334E+01  0.1166E+02
  9.878  0.1334E+01  0.1166E+02
  9.879  0.1334E+01  0.1167E+02
  9.880  0.1333E+01  0.1167E+02
  9.881  0.1333E+01  0.1167E+02
  9.882  0.1333E+01  0.1167E+02
  9.883  0.1332E+01  0.1167E+02
  9.884  0.1332E+01  0.1167E+02
  9.885  0.1331E+01  0.1167E+02
  9.886  0.1331E+01  0.1167E+02
  9.887  0.1330E+01  0.1168E+02
  9.888  0.1329E+01  0.1168E+02
  9.889  0.1328E+01  0.1168E+02
  9.890  0.1327E+01  0.1168E+02
  9.891  0.1326E+01  0.1168E+02
  9.892  0.1325E+01  0.1168E+02
  9.893  0.1324E+01  0.1168E+02
  9.894  0.1322E+01  0.1169E+02
  9.895  0.1321E+01  0.1169E+02
  9.896  0.1319E+01  0.1169E+02
  9.897  0.1317E+01  0.1169E+02
  9.898  0.1315E+01  0.1169E+02
  9.899  0.1312E+01  0.1169E+02
  9.900  0.1310E+01  0.1169E+02
  9.901  0.1308E+01  0.1169E+02
  9.902  0.1306E+01  0.1170E+02
  9.903  0.1304E+01  0.1170E+02
  9.904  0.1302E+01  0.1170E+02
  9.905  0.1301E+01  0.1170E+02
  9.906  0.1298E+01  0.1170E+02
  9.907  0.1295E+01  0.1170E+02
  9.908  0.1291E+01  0.1170E+02
  9.909  0.1288E+01  0.1170E+02
  9.910  0.1284E+01  0.1171E+02
  9.911  0.1281E+01  0.1171E+02
  9.912  0.1277E+01  0.1171E+02
  9.913  0.1273E+01  0.1171E+02
  9.914  0.1270E+01  0.1171E+02
  9.915  0.1266E+01  0.1171E+02
  9.916  0.1264E+01  0.1171E+02
  9.917  0.1261E+01  0.1171E+02
  9.918  0.1257E+01  0.1172E+02
  9.919  0.1253E+01  0.1172E+02
  9.920  0.1251E+01  0.1172E+02
  9.921  0.1250E+01  0.1172E+02
  9.922  0.1249E+01  0.1172E+02
  9.923  0.1248E+01  0.1172E+02
  9.924  0.1247E+01  0.1172E+02
  9.925  0.1246E+01  0.1172E+02
  9.926  0.1246E+01  0.1173E+02
  9.927  0.1245E+01  0.1173E+02
  9.928  0.1244E+01  0.1173E+02
  9.929  0.1243E+01  0.1173E+02
  9.930  0.1242E+01  0.1173E+02
  9.931  0.1241E+01  0.1173E+02
  9.932  0.1241E+01  0.1173E+02
  9.933  0.1240E+01  0.1173E+02
  9.934  0.1239E+01  0.1174E+02
  9.935  0.1239E+01  0.1174E+02
  9.936  0.1238E+01  0.1174E+02
  9.937  0.1237E+01  0.1174E+02
  9.938  0.1236E+01  0.1174E+02
  9.939  0.1235E+01  0.1174E+02
  9.940  0.1234E+01  0.1174E+02
  9.941  0.1233E+01  0.1174E+02
  9.942  0.1232E+01  0.1175E+02
  9.943  0.1231E+01  0.1175E+02
  9.944  0.1231E+01  0.1175E+02
  9.945  0.1230E+01  0.1175E+02
  9.946  0.1229E+01  0.1175E+02
  9.947  0.1229E+01  0.1175E+02
  9.948  0.1228E+01  0.1175E+02
  9.949  0.1227E+01  0.1175E+02
  9.950  0.1227E+01  0.1176E+02
  9.951  0.1226E+01  0.1176E+02
  9.952  0.1225E+01  0.1176E+02
  9.953  0.1225E+01  0.1176E+02
  9.954  0.1223E+01  0.1176E+02
  9.955  0.1221E+01  0.1176E+02
  9.956  0.1221E+01  0.1176E+02
  9.957  0.1220E+01  0.1176E+02
  9.958  0.1220E+01  0.1177E+02
  9.959  0.1219E+01  0.1177E+02
  9.960  0.1219E+01  0.1177E+02
  9.961  0.1218E+01  0.1177E+02
  9.962  0.1218E+01  0.1177E+02
  9.963  0.1217E+01  0.1177E+02
  9.964  0.1217E+01  0.1177E+02
  9.965  0.1216E+01  0.1177E+02
  9.966  0.1216E+01  0.1178E+02
  9.967  0.1216E+01  0.1178E+02
  9.968  0.1215E+01  0.1178E+02
  9.969  0.1215E+01  0.1178E+02
  9.970  0.1214E+01  0.1178E+02
  9.971  0.1214E+01  0.1178E+02
  9.972  0.1214E+01  0.1178E+02
  9.973  0.1213E+01  0.1178E+02
  9.974  0.1212E+01  0.1179E+02
  9.975  0.1211E+01  0.1179E+02
  9.976  0.1210E+01  0.1179E+02
  9.977  0.1210E+01  0.1179E+02
  9.978  0.1210E+01  0.1179E+02
  9.979  0.1209E+01  0.1179E+02
  9.980  0.1209E+01  0.1179E+02
  9.981  0.1208E+01  0.1179E+02
  9.982  0.1208E+01  0.1179E+02
  9.983  0.1207E+01  0.1180E+02
  9.984  0.1207E+01  0.1180E+02
  9.985  0.1206E+01  0.1180E+02
  9.986  0.1206E+01  0.1180E+02
  9.987  0.1205E+01  0.1180E+02
  9.988  0.1205E+01  0.1180E+02
  9.989  0.1204E+01  0.1180E+02
  9.990  0.1203E+01  0.1180E+02
  9.991  0.1203E+01  0.1181E+02
  9.992  0.1202E+01  0.1181E+02
  9.993  0.1202E+01  0.1181E+02
  9.994  0.1201E+01  0.1181E+02
  9.995  0.1200E+01  0.1181E+02
  9.996  0.1200E+01  0.1181E+02
  9.997  0.1199E+01  0.1181E+02
  9.998  0.1198E+01  0.1181E+02
  9.999  0.1198E+01  0.1182E+02
 10.000  0.1197E+01  0.1182E+02
 10.001  0.1197E+01  0.1182E+02
 10.002  0.1196E+01  0.1182E+02
 10.003  0.1196E+01  0.1182E+02
 10.004  0.1195E+01  0.1182E+02
 10.005  0.1195E+01  0.1182E+02
 10.006  0.1194E+01  0.1182E+02
 10.007  0.1194E+01  0.1182E+02
 10.008  0.1193E+01  0.1183E+02
 10.009  0.1193E+01  0.1183E+02
 10.010  0.1192E+01  0.1183E+02
 10.011  0.1192E+01  0.1183E+02
 10.012  0.1191E+01  0.1183E+02
 10.013  0.1191E+01  0.1183E+02
 10.014  0.1190E+01  0.1183E+02
 10.015  0.1190E+01  0.1183E+02
 10.016  0.1189E+01  0.1184E+02
 10.017  0.1189E+01  0.1184E+02
 10.018  0.1188E+01  0.1184E+02
 10.019  0.1188E+01  0.1184E+02
 10.020  0.1187E+01  0.1184E+02
 10.021  0.1187E+01  0.1184E+02
 10.022  0.1186E+01  0.1184E+02
 10.023  0.1186E+01  0.1184E+02
 10.024  0.1185E+01  0.1184E+02
 10.025  0.1185E+01  0.1185E+02
 10.026  0.1184E+01  0.1185E+02
 10.027  0.1183E+01  0.1185E+02
 10.028  0.1183E+01  0.1185E+02
 10.029  0.1182E+01  0.1185E+02
 10.030  0.1182E+01  0.1185E+02
 10.031  0.1181E+01  0.1185E+02
 10.032  0.1181E+01  0.1185E+02
 10.033  0.1180E+01  0.1186E+02
 10.034  0.1179E+01  0.1186E+02
 10.035  0.1179E+01  0.1186E+02
 10.036  0.1178E+01  0.1186E+02
 10.037  0.1177E+01  0.1186E+02
 10.038  0.1176E+01  0.1186E+02
 10.039  0.1176E+01  0.1186E+02
 10.040  0.1175E+01  0.1186E+02
 10.041  0.1174E+01  0.1187E+02
 10.042  0.1173E+01  0.1187E+02
 10.043  0.1172E+01  0.1187E+02
 10.044  0.1171E+01  0.1187E+02
 10.045  0.1170E+01  0.1187E+02
 10.046  0.1169E+01  0.1187E+02
 10.047  0.1168E+01  0.1187E+02
 10.048  0.1168E+01  0.1187E+02
 10.049  0.1167E+01  0.1187E+02
 10.050  0.1166E+01  0.1188E+02
 10.051  0.1164E+01  0.1188E+02
 10.052  0.1163E+01  0.1188E+02
 10.053  0.1162E+01  0.1188E+02
 10.054  0.1160E+01  0.1188E+02
 10.055  0.1159E+01  0.1188E+02
 10.056  0.1157E+01  0.1188E+02
 10.057  0.1156E+01  0.1188E+02
 10.058  0.1155E+01  0.1188E+02
 10.059  0.1154E+01  0.1189E+02
 10.060  0.1154E+01  0.1189E+02
 10.061  0.1153E+01  0.1189E+02
 10.062  0.1152E+01  0.1189E+02
 10.063  0.1152E+01  0.1189E+02
 10.064  0.1151E+01  0.1189E+02
 10.065  0.1150E+01  0.1189E+02
 10.066  0.1150E+01  0.1189E+02
 10.067  0.1149E+01  0.1190E+02
 10.068  0.1148E+01  0.1190E+02
 10.069  0.1148E+01  0.1190E+02
 10.070  0.1147E+01  0.1190E+02
 10.071  0.1146E+01  0.1190E+02
 10.072  0.1146E+01  0.1190E+02
 10.073  0.1145E+01  0.1190E+02
 10.074  0.1144E+01  0.1190E+02
 10.075  0.1144E+01  0.1190E+02
 10.076  0.1143E+01  0.1191E+02
 10.077  0.1143E+01  0.1191E+02
 10.078  0.1142E+01  0.1191E+02
 10.079  0.1141E+01  0.1191E+02
 10.080  0.1141E+01  0.1191E+02
 10.081  0.1140E+01  0.1191E+02
 10.082  0.1139E+01  0.1191E+02
 10.083  0.1139E+01  0.1191E+02
 10.084  0.1138E+01  0.1191E+02
 10.085  0.1138E+01  0.1192E+02
 10.086  0.1137E+01  0.1192E+02
 10.087  0.1137E+01  0.1192E+02
 10.088  0.1136E+01  0.1192E+02
 10.089  0.1135E+01  0.1192E+02
 10.090  0.1135E+01  0.1192E+02
 10.091  0.1134E+01  0.1192E+02
 10.092  0.1134E+01  0.1192E+02
 10.093  0.1133E+01  0.1192E+02
 10.094  0.1133E+01  0.1193E+02
 10.095  0.1134E+01  0.1193E+02
 10.096  0.1139E+01  0.1193E+02
 10.097  0.1147E+01  0.1193E+02
 10.098  0.1158E+01  0.1193E+02
 10.099  0.1160E+01  0.1193E+02
 10.100  0.1154E+01  0.1193E+02
 10.101  0.1149E+01  0.1193E+02
 10.102  0.1144E+01  0.1194E+02
 10.103  0.1139E+01  0.1194E+02
 10.104  0.1135E+01  0.1194E+02
 10.105  0.1131E+01  0.1194E+02
 10.106  0.1127E+01  0.1194E+02
 10.107  0.1124E+01  0.1194E+02
 10.108  0.1122E+01  0.1194E+02
 10.109  0.1119E+01  0.1194E+02
 10.110  0.1118E+01  0.1194E+02
 10.111  0.1117E+01  0.1195E+02
 10.112  0.1116E+01  0.1195E+02
 10.113  0.1115E+01  0.1195E+02
 10.114  0.1114E+01  0.1195E+02
 10.115  0.1113E+01  0.1195E+02
 10.116  0.1112E+01  0.1195E+02
 10.117  0.1111E+01  0.1195E+02
 10.118  0.1110E+01  0.1195E+02
 10.119  0.1109E+01  0.1195E+02
 10.120  0.1108E+01  0.1196E+02
 10.121  0.1107E+01  0.1196E+02
 10.122  0.1107E+01  0.1196E+02
 10.123  0.1106E+01  0.1196E+02
 10.124  0.1105E+01  0.1196E+02
 10.125  0.1104E+01  0.1196E+02
 10.126  0.1103E+01  0.1196E+02
 10.127  0.1103E+01  0.1196E+02
 10.128  0.1102E+01  0.1196E+02
 10.129  0.1101E+01  0.1197E+02
 10.130  0.1100E+01  0.1197E+02
 10.131  0.1100E+01  0.1197E+02
 10.132  0.1099E+01  0.1197E+02
 10.133  0.1098E+01  0.1197E+02
 10.134  0.1098E+01  0.1197E+02
 10.135  0.1097E+01  0.1197E+02
 10.136  0.1096E+01  0.1197E+02
 10.137  0.1096E+01  0.1197E+02
 10.138  0.1095E+01  0.1198E+02
 10.139  0.1094E+01  0.1198E+02
 10.140  0.1094E+01  0.1198E+02
 10.141  0.1093E+01  0.1198E+02
 10.142  0.1093E+01  0.1198E+02
 10.143  0.1092E+01  0.1198E+02
 10.144  0.1092E+01  0.1198E+02
 10.145  0.1091E+01  0.1198E+02
 10.146  0.1091E+01  0.1198E+02
 10.147  0.1090E+01  0.1198E+02
 10.148  0.1090E+01  0.1199E+02
 10.149  0.1089E+01  0.1199E+02
 10.150  0.1089E+01  0.1199E+02
 10.151  0.1088E+01  0.1199E+02
 10.152  0.1088E+01  0.1199E+02
 10.153  0.1087E+01  0.1199E+02
 10.154  0.1087E+01  0.1199E+02
 10.155  0.1087E+01  0.1199E+02
 10.156  0.1087E+01  0.1199E+02
 10.157  0.1087E+01  0.1200E+02
 10.158  0.1087E+01  0.1200E+02
 10.159  0.1086E+01  0.1200E+02
 10.160  0.1086E+01  0.1200E+02
 10.161  0.1086E+01  0.1200E+02
 10.162  0.1085E+01  0.1200E+02
 10.163  0.1084E+01  0.1200E+02
 10.164  0.1084E+01  0.1200E+02
 10.165  0.1083E+01  0.1200E+02
 10.166  0.1082E+01  0.1201E+02
 10.167  0.1082E+01  0.1201E+02
 10.168  0.1081E+01  0.1201E+02
 10.169  0.1081E+01  0.1201E+02
 10.170  0.1081E+01  0.1201E+02
 10.171  0.1083E+01  0.1201E+02
 10.172  0.1087E+01  0.1201E+02
 10.173  0.1092E+01  0.1201E+02
 10.174  0.1098E+01  0.1201E+02
 10.175  0.1105E+01  0.1202E+02
 10.176  0.1112E+01  0.1202E+02
 10.177  0.1120E+01  0.1202E+02
 10.178  0.1115E+01  0.1202E+02
 10.179  0.1084E+01  0.1202E+02
 10.180  0.1062E+01  0.1202E+02
 10.181  0.1059E+01  0.1202E+02
 10.182  0.1055E+01  0.1202E+02
 10.183  0.1054E+01  0.1202E+02
 10.184  0.1053E+01  0.1203E+02
 10.185  0.1052E+01  0.1203E+02
 10.186  0.1051E+01  0.1203E+02
 10.187  0.1050E+01  0.1203E+02
 10.188  0.1049E+01  0.1203E+02
 10.189  0.1048E+01  0.1203E+02
 10.190  0.1047E+01  0.1203E+02
 10.191  0.1047E+01  0.1203E+02
 10.192  0.1046E+01  0.1203E+02
 10.193  0.1045E+01  0.1203E+02
 10.194  0.1044E+01  0.1204E+02
 10.195  0.1043E+01  0.1204E+02
 10.196  0.1042E+01  0.1204E+02
 10.197  0.1041E+01  0.1204E+02
 10.198  0.1040E+01  0.1204E+02
 10.199  0.1040E+01  0.1204E+02
 10.200  0.1039E+01  0.1204E+02
 10.201  0.1038E+01  0.1204E+02
 10.202  0.1037E+01  0.1204E+02
 10.203  0.1036E+01  0.1204E+02
 10.204  0.1035E+01  0.1205E+02
 10.205  0.1034E+01  0.1205E+02
 10.206  0.1034E+01  0.1205E+02
 10.207  0.1033E+01  0.1205E+02
 10.208  0.1032E+01  0.1205E+02
 10.209  0.1031E+01  0.1205E+02
 10.210  0.1030E+01  0.1205E+02
 10.211  0.1030E+01  0.1205E+02
 10.212  0.1029E+01  0.1205E+02
 10.213  0.1028E+01  0.1206E+02
 10.214  0.1027E+01  0.1206E+02
 10.215  0.1026E+01  0.1206E+02
 10.216  0.1026E+01  0.1206E+02
 10.217  0.1025E+01  0.1206E+02
 10.218  0.1024E+01  0.1206E+02
 10.219  0.1023E+01  0.1206E+02
 10.220  0.1022E+01  0.1206E+02
 10.221  0.1022E+01  0.1206E+02
 10.222  0.1021E+01  0.1206E+02
 10.223  0.1020E+01  0.1207E+02
 10.224  0.1019E+01  0.1207E+02
 10.225  0.1019E+01  0.1207E+02
 10.226  0.1018E+01  0.1207E+02
 10.227  0.1017E+01  0.1207E+02
 10.228  0.1016E+01  0.1207E+02
 10.229  0.1016E+01  0.1207E+02
 10.230  0.1015E+01  0.1207E+02
 10.231  0.1014E+01  0.1207E+02
 10.232  0.1014E+01  0.1207E+02
 10.233  0.1013E+01  0.1208E+02
 10.234  0.1012E+01  0.1208E+02
 10.235  0.1012E+01  0.1208E+02
 10.236  0.1011E+01  0.1208E+02
 10.237  0.1011E+01  0.1208E+02
 10.238  0.1010E+01  0.1208E+02
 10.239  0.1010E+01  0.1208E+02
 10.240  0.1009E+01  0.1208E+02
 10.241  0.1009E+01  0.1208E+02
 10.242  0.1008E+01  0.1208E+02
 10.243  0.1008E+01  0.1209E+02
 10.244  0.1008E+01  0.1209E+02
 10.245  0.1007E+01  0.1209E+02
 10.246  0.1007E+01  0.1209E+02
 10.247  0.1007E+01  0.1209E+02
 10.248  0.1007E+01  0.1209E+02
 10.249  0.1019E+01  0.1209E+02
 10.250  0.1029E+01  0.1209E+02
 10.251  0.1027E+01  0.1209E+02
 10.252  0.1011E+01  0.1209E+02
 10.253  0.1011E+01  0.1210E+02
 10.254  0.1010E+01  0.1210E+02
 10.255  0.1010E+01  0.1210E+02
 10.256  0.1009E+01  0.1210E+02
 10.257  0.1009E+01  0.1210E+02
 10.258  0.1008E+01  0.1210E+02
 10.259  0.1008E+01  0.1210E+02
 10.260  0.1007E+01  0.1210E+02
 10.261  0.1007E+01  0.1210E+02
 10.262  0.1006E+01  0.1210E+02
 10.263  0.1006E+01  0.1211E+02
 10.264  0.1005E+01  0.1211E+02
 10.265  0.1005E+01  0.1211E+02
 10.266  0.1004E+01  0.1211E+02
 10.267  0.1004E+01  0.1211E+02
 10.268  0.1003E+01  0.1211E+02
 10.269  0.1003E+01  0.1211E+02
 10.270  0.1002E+01  0.1211E+02
 10.271  0.1002E+01  0.1211E+02
 10.272  0.1001E+01  0.1212E+02
 10.273  0.1001E+01  0.1212E+02
 10.274  0.1000E+01  0.1212E+02
 10.275  0.1000E+01  0.1212E+02
 10.276  0.9995E+00  0.1212E+02
 10.277  0.9990E+00  0.1212E+02
 10.278  0.9985E+00  0.1212E+02
 10.279  0.9980E+00  0.1212E+02
 10.280  0.9975E+00  0.1212E+02
 10.281  0.9971E+00  0.1212E+02
 10.282  0.9966E+00  0.1212E+02
 10.283  0.9961E+00  0.1213E+02
 10.284  0.9956E+00  0.1213E+02
 10.285  0.9951E+00  0.1213E+02
 10.286  0.9947E+00  0.1213E+02
 10.287  0.9942E+00  0.1213E+02
 10.288  0.9937E+00  0.1213E+02
 10.289  0.9932E+00  0.1213E+02
 10.290  0.9927E+00  0.1213E+02
 10.291  0.9922E+00  0.1213E+02
 10.292  0.9917E+00  0.1213E+02
 10.293  0.9912E+00  0.1214E+02
 10.294  0.9908E+00  0.1214E+02
 10.295  0.9903E+00  0.1214E+02
 10.296  0.9898E+00  0.1214E+02
 10.297  0.9893E+00  0.1214E+02
 10.298  0.9888E+00  0.1214E+02
 10.299  0.9883E+00  0.1214E+02
 10.300  0.9878E+00  0.1214E+02
 10.301  0.9874E+00  0.1214E+02
 10.302  0.9869E+00  0.1214E+02
 10.303  0.9864E+00  0.1215E+02
 10.304  0.9859E+00  0.1215E+02
 10.305  0.9855E+00  0.1215E+02
 10.306  0.9850E+00  0.1215E+02
 10.307  0.9845E+00  0.1215E+02
 10.308  0.9841E+00  0.1215E+02
 10.309  0.9836E+00  0.1215E+02
 10.310  0.9831E+00  0.1215E+02
 10.311  0.9825E+00  0.1215E+02
 10.312  0.9819E+00  0.1215E+02
 10.313  0.9813E+00  0.1216E+02
 10.314  0.9808E+00  0.1216E+02
 10.315  0.9802E+00  0.1216E+02
 10.316  0.9797E+00  0.1216E+02
 10.317  0.9792E+00  0.1216E+02
 10.318  0.9787E+00  0.1216E+02
 10.319  0.9782E+00  0.1216E+02
 10.320  0.9776E+00  0.1216E+02
 10.321  0.9770E+00  0.1216E+02
 10.322  0.9764E+00  0.1216E+02
 10.323  0.9758E+00  0.1217E+02
 10.324  0.9751E+00  0.1217E+02
 10.325  0.9744E+00  0.1217E+02
 10.326  0.9736E+00  0.1217E+02
 10.327  0.9729E+00  0.1217E+02
 10.328  0.9723E+00  0.1217E+02
 10.329  0.9716E+00  0.1217E+02
 10.330  0.9710E+00  0.1217E+02
 10.331  0.9703E+00  0.1217E+02
 10.332  0.9697E+00  0.1217E+02
 10.333  0.9691E+00  0.1218E+02
 10.334  0.9686E+00  0.1218E+02
 10.335  0.9680E+00  0.1218E+02
 10.336  0.9675E+00  0.1218E+02
 10.337  0.9670E+00  0.1218E+02
 10.338  0.9665E+00  0.1218E+02
 10.339  0.9660E+00  0.1218E+02
 10.340  0.9656E+00  0.1218E+02
 10.341  0.9652E+00  0.1218E+02
 10.342  0.9648E+00  0.1218E+02
 10.343  0.9644E+00  0.1218E+02
 10.344  0.9640E+00  0.1219E+02
 10.345  0.9637E+00  0.1219E+02
 10.346  0.9634E+00  0.1219E+02
 10.347  0.9631E+00  0.1219E+02
 10.348  0.9628E+00  0.1219E+02
 10.349  0.9625E+00  0.1219E+02
 10.350  0.9623E+00  0.1219E+02
 10.351  0.9620E+00  0.1219E+02
 10.352  0.9618E+00  0.1219E+02
 10.353  0.9615E+00  0.1219E+02
 10.354  0.9612E+00  0.1220E+02
 10.355  0.9610E+00  0.1220E+02
 10.356  0.9608E+00  0.1220E+02
 10.357  0.9606E+00  0.1220E+02
 10.358  0.9604E+00  0.1220E+02
 10.359  0.9601E+00  0.1220E+02
 10.360  0.9598E+00  0.1220E+02
 10.361  0.9596E+00  0.1220E+02
 10.362  0.9594E+00  0.1220E+02
 10.363  0.9593E+00  0.1220E+02
 10.364  0.9592E+00  0.1221E+02
 10.365  0.9591E+00  0.1221E+02
 10.366  0.9591E+00  0.1221E+02
 10.367  0.9591E+00  0.1221E+02
 10.368  0.9591E+00  0.1221E+02
 10.369  0.9592E+00  0.1221E+02
 10.370  0.9593E+00  0.1221E+02
 10.371  0.9595E+00  0.1221E+02
 10.372  0.9597E+00  0.1221E+02
 10.373  0.9599E+00  0.1221E+02
 10.374  0.9602E+00  0.1221E+02
 10.375  0.9605E+00  0.1222E+02
 10.376  0.9607E+00  0.1222E+02
 10.377  0.9610E+00  0.1222E+02
 10.378  0.9614E+00  0.1222E+02
 10.379  0.9617E+00  0.1222E+02
 10.380  0.9622E+00  0.1222E+02
 10.381  0.9627E+00  0.1222E+02
 10.382  0.9632E+00  0.1222E+02
 10.383  0.9637E+00  0.1222E+02
 10.384  0.9642E+00  0.1222E+02
 10.385  0.9648E+00  0.1223E+02
 10.386  0.9654E+00  0.1223E+02
 10.387  0.9661E+00  0.1223E+02
 10.388  0.9670E+00  0.1223E+02
 10.389  0.9680E+00  0.1223E+02
 10.390  0.9689E+00  0.1223E+02
 10.391  0.9698E+00  0.1223E+02
 10.392  0.9707E+00  0.1223E+02
 10.393  0.9715E+00  0.1223E+02
 10.394  0.9722E+00  0.1223E+02
 10.395  0.9729E+00  0.1223E+02
 10.396  0.9736E+00  0.1224E+02
 10.397  0.9742E+00  0.1224E+02
 10.398  0.9748E+00  0.1224E+02
 10.399  0.9753E+00  0.1224E+02
 10.400  0.9758E+00  0.1224E+02
 10.401  0.9763E+00  0.1224E+02
 10.402  0.9767E+00  0.1224E+02
 10.403  0.9770E+00  0.1224E+02
 10.404  0.9773E+00  0.1224E+02
 10.405  0.9776E+00  0.1224E+02
 10.406  0.9778E+00  0.1225E+02
 10.407  0.9780E+00  0.1225E+02
 10.408  0.9781E+00  0.1225E+02
 10.409  0.9782E+00  0.1225E+02
 10.410  0.9783E+00  0.1225E+02
 10.411  0.9783E+00  0.1225E+02
 10.412  0.9783E+00  0.1225E+02
 10.413  0.9782E+00  0.1225E+02
 10.414  0.9781E+00  0.1225E+02
 10.415  0.9780E+00  0.1225E+02
 10.416  0.9779E+00  0.1226E+02
 10.417  0.9780E+00  0.1226E+02
 10.418  0.9781E+00  0.1226E+02
 10.419  0.9783E+00  0.1226E+02
 10.420  0.9786E+00  0.1226E+02
 10.421  0.9790E+00  0.1226E+02
 10.422  0.9794E+00  0.1226E+02
 10.423  0.9799E+00  0.1226E+02
 10.424  0.9803E+00  0.1226E+02
 10.425  0.9808E+00  0.1226E+02
 10.426  0.9813E+00  0.1227E+02
 10.427  0.9817E+00  0.1227E+02
 10.428  0.9822E+00  0.1227E+02
 10.429  0.9828E+00  0.1227E+02
 10.430  0.9833E+00  0.1227E+02
 10.431  0.9838E+00  0.1227E+02
 10.432  0.9844E+00  0.1227E+02
 10.433  0.9849E+00  0.1227E+02
 10.434  0.9855E+00  0.1227E+02
 10.435  0.9860E+00  0.1227E+02
 10.436  0.9866E+00  0.1228E+02
 10.437  0.9872E+00  0.1228E+02
 10.438  0.9877E+00  0.1228E+02
 10.439  0.9883E+00  0.1228E+02
 10.440  0.9889E+00  0.1228E+02
 10.441  0.9895E+00  0.1228E+02
 10.442  0.9902E+00  0.1228E+02
 10.443  0.9908E+00  0.1228E+02
 10.444  0.9915E+00  0.1228E+02
 10.445  0.9922E+00  0.1228E+02
 10.446  0.9931E+00  0.1228E+02
 10.447  0.9943E+00  0.1229E+02
 10.448  0.9958E+00  0.1229E+02
 10.449  0.9974E+00  0.1229E+02
 10.450  0.9990E+00  0.1229E+02
 10.451  0.1001E+01  0.1229E+02
 10.452  0.1002E+01  0.1229E+02
 10.453  0.1003E+01  0.1229E+02
 10.454  0.1005E+01  0.1229E+02
 10.455  0.1006E+01  0.1229E+02
 10.456  0.1007E+01  0.1229E+02
 10.457  0.1008E+01  0.1230E+02
 10.458  0.1009E+01  0.1230E+02
 10.459  0.1010E+01  0.1230E+02
 10.460  0.1011E+01  0.1230E+02
 10.461  0.1012E+01  0.1230E+02
 10.462  0.1013E+01  0.1230E+02
 10.463  0.1014E+01  0.1230E+02
 10.464  0.1015E+01  0.1230E+02
 10.465  0.1016E+01  0.1230E+02
 10.466  0.1017E+01  0.1231E+02
 10.467  0.1017E+01  0.1231E+02
 10.468  0.1018E+01  0.1231E+02
 10.469  0.1019E+01  0.1231E+02
 10.470  0.1020E+01  0.1231E+02
 10.471  0.1021E+01  0.1231E+02
 10.472  0.1022E+01  0.1231E+02
 10.473  0.1022E+01  0.1231E+02
 10.474  0.1023E+01  0.1231E+02
 10.475  0.1024E+01  0.1231E+02
 10.476  0.1025E+01  0.1232E+02
 10.477  0.1026E+01  0.1232E+02
 10.478  0.1026E+01  0.1232E+02
 10.479  0.1027E+01  0.1232E+02
 10.480  0.1028E+01  0.1232E+02
 10.481  0.1029E+01  0.1232E+02
 10.482  0.1029E+01  0.1232E+02
 10.483  0.1030E+01  0.1232E+02
 10.484  0.1031E+01  0.1232E+02
 10.485  0.1031E+01  0.1232E+02
 10.486  0.1032E+01  0.1233E+02
 10.487  0.1033E+01  0.1233E+02
 10.488  0.1034E+01  0.1233E+02
 10.489  0.1034E+01  0.1233E+02
 10.490  0.1035E+01  0.1233E+02
 10.491  0.1036E+01  0.1233E+02
 10.492  0.1037E+01  0.1233E+02
 10.493  0.1037E+01  0.1233E+02
 10.494  0.1038E+01  0.1233E+02
 10.495  0.1039E+01  0.1233E+02
 10.496  0.1040E+01  0.1234E+02
 10.497  0.1040E+01  0.1234E+02
 10.498  0.1041E+01  0.1234E+02
 10.499  0.1042E+01  0.1234E+02
 10.500  0.1043E+01  0.1234E+02
 10.501  0.1043E+01  0.1234E+02
 10.502  0.1044E+01  0.1234E+02
 10.503  0.1045E+01  0.1234E+02
 10.504  0.1046E+01  0.1234E+02
 10.505  0.1047E+01  0.1235E+02
 10.506  0.1047E+01  0.1235E+02
 10.507  0.1048E+01  0.1235E+02
 10.508  0.1049E+01  0.1235E+02
 10.509  0.1050E+01  0.1235E+02
 10.510  0.1051E+01  0.1235E+02
 10.511  0.1052E+01  0.1235E+02
 10.512  0.1053E+01  0.1235E+02
 10.513  0.1054E+01  0.1235E+02
 10.514  0.1055E+01  0.1235E+02
 10.515  0.1056E+01  0.1236E+02
 10.516  0.1057E+01  0.1236E+02
 10.517  0.1058E+01  0.1236E+02
 10.518  0.1059E+01  0.1236E+02
 10.519  0.1060E+01  0.1236E+02
 10.520  0.1061E+01  0.1236E+02
 10.521  0.1062E+01  0.1236E+02
 10.522  0.1064E+01  0.1236E+02
 10.523  0.1065E+01  0.1236E+02
 10.524  0.1066E+01  0.1237E+02
 10.525  0.1067E+01  0.1237E+02
 10.526  0.1068E+01  0.1237E+02
 10.527  0.1070E+01  0.1237E+02
 10.528  0.1071E+01  0.1237E+02
 10.529  0.1072E+01  0.1237E+02
 10.530  0.1074E+01  0.1237E+02
 10.531  0.1075E+01  0.1237E+02
 10.532  0.1076E+01  0.1237E+02
 10.533  0.1077E+01  0.1238E+02
 10.534  0.1079E+01  0.1238E+02
 10.535  0.1080E+01  0.1238E+02
 10.536  0.1081E+01  0.1238E+02
 10.537  0.1082E+01  0.1238E+02
 10.538  0.1084E+01  0.1238E+02
 10.539  0.1085E+01  0.1238E+02
 10.540  0.1086E+01  0.1238E+02
 10.541  0.1087E+01  0.1238E+02
 10.542  0.1089E+01  0.1238E+02
 10.543  0.1090E+01  0.1239E+02
 10.544  0.1091E+01  0.1239E+02
 10.545  0.1093E+01  0.1239E+02
 10.546  0.1094E+01  0.1239E+02
 10.547  0.1096E+01  0.1239E+02
 10.548  0.1097E+01  0.1239E+02
 10.549  0.1099E+01  0.1239E+02
 10.550  0.1101E+01  0.1239E+02
 10.551  0.1102E+01  0.1239E+02
 10.552  0.1104E+01  0.1240E+02
 10.553  0.1106E+01  0.1240E+02
 10.554  0.1107E+01  0.1240E+02
 10.555  0.1109E+01  0.1240E+02
 10.556  0.1110E+01  0.1240E+02
 10.557  0.1112E+01  0.1240E+02
 10.558  0.1114E+01  0.1240E+02
 10.559  0.1115E+01  0.1240E+02
 10.560  0.1117E+01  0.1240E+02
 10.561  0.1118E+01  0.1241E+02
 10.562  0.1120E+01  0.1241E+02
 10.563  0.1121E+01  0.1241E+02
 10.564  0.1123E+01  0.1241E+02
 10.565  0.1125E+01  0.1241E+02
 10.566  0.1126E+01  0.1241E+02
 10.567  0.1128E+01  0.1241E+02
 10.568  0.1129E+01  0.1241E+02
 10.569  0.1131E+01  0.1241E+02
 10.570  0.1132E+01  0.1242E+02
 10.571  0.1134E+01  0.1242E+02
 10.572  0.1135E+01  0.1242E+02
 10.573  0.1137E+01  0.1242E+02
 10.574  0.1138E+01  0.1242E+02
 10.575  0.1140E+01  0.1242E+02
 10.576  0.1141E+01  0.1242E+02
 10.577  0.1143E+01  0.1242E+02
 10.578  0.1144E+01  0.1243E+02
 10.579  0.1145E+01  0.1243E+02
 10.580  0.1146E+01  0.1243E+02
 10.581  0.1147E+01  0.1243E+02
 10.582  0.1148E+01  0.1243E+02
 10.583  0.1149E+01  0.1243E+02
 10.584  0.1149E+01  0.1243E+02
 10.585  0.1149E+01  0.1243E+02
 10.586  0.1150E+01  0.1243E+02
 10.587  0.1150E+01  0.1244E+02
 10.588  0.1149E+01  0.1244E+02
 10.589  0.1147E+01  0.1244E+02
 10.590  0.1148E+01  0.1244E+02
 10.591  0.1148E+01  0.1244E+02
 10.592  0.1149E+01  0.1244E+02
 10.593  0.1149E+01  0.1244E+02
 10.594  0.1150E+01  0.1244E+02
 10.595  0.1151E+01  0.1244E+02
 10.596  0.1152E+01  0.1245E+02
 10.597  0.1153E+01  0.1245E+02
 10.598  0.1154E+01  0.1245E+02
 10.599  0.1155E+01  0.1245E+02
 10.600  0.1157E+01  0.1245E+02
 10.601  0.1158E+01  0.1245E+02
 10.602  0.1159E+01  0.1245E+02
 10.603  0.1161E+01  0.1245E+02
 10.604  0.1162E+01  0.1245E+02
 10.605  0.1165E+01  0.1246E+02
 10.606  0.1167E+01  0.1246E+02
 10.607  0.1169E+01  0.1246E+02
 10.608  0.1171E+01  0.1246E+02
 10.609  0.1173E+01  0.1246E+02
 10.610  0.1175E+01  0.1246E+02
 10.611  0.1177E+01  0.1246E+02
 10.612  0.1180E+01  0.1246E+02
 10.613  0.1182E+01  0.1247E+02
 10.614  0.1184E+01  0.1247E+02
 10.615  0.1186E+01  0.1247E+02
 10.616  0.1188E+01  0.1247E+02
 10.617  0.1190E+01  0.1247E+02
 10.618  0.1192E+01  0.1247E+02
 10.619  0.1194E+01  0.1247E+02
 10.620  0.1196E+01  0.1247E+02
 10.621  0.1197E+01  0.1248E+02
 10.622  0.1199E+01  0.1248E+02
 10.623  0.1201E+01  0.1248E+02
 10.624  0.1203E+01  0.1248E+02
 10.625  0.1205E+01  0.1248E+02
 10.626  0.1206E+01  0.1248E+02
 10.627  0.1208E+01  0.1248E+02
 10.628  0.1210E+01  0.1248E+02
 10.629  0.1212E+01  0.1248E+02
 10.630  0.1213E+01  0.1249E+02
 10.631  0.1215E+01  0.1249E+02
 10.632  0.1217E+01  0.1249E+02
 10.633  0.1219E+01  0.1249E+02
 10.634  0.1221E+01  0.1249E+02
 10.635  0.1223E+01  0.1249E+02
 10.636  0.1225E+01  0.1249E+02
 10.637  0.1228E+01  0.1249E+02
 10.638  0.1230E+01  0.1250E+02
 10.639  0.1232E+01  0.1250E+02
 10.640  0.1234E+01  0.1250E+02
 10.641  0.1235E+01  0.1250E+02
 10.642  0.1237E+01  0.1250E+02
 10.643  0.1239E+01  0.1250E+02
 10.644  0.1241E+01  0.1250E+02
 10.645  0.1242E+01  0.1250E+02
 10.646  0.1244E+01  0.1251E+02
 10.647  0.1246E+01  0.1251E+02
 10.648  0.1247E+01  0.1251E+02
 10.649  0.1249E+01  0.1251E+02
 10.650  0.1251E+01  0.1251E+02
 10.651  0.1253E+01  0.1251E+02
 10.652  0.1254E+01  0.1251E+02
 10.653  0.1256E+01  0.1251E+02
 10.654  0.1258E+01  0.1252E+02
 10.655  0.1259E+01  0.1252E+02
 10.656  0.1261E+01  0.1252E+02
 10.657  0.1263E+01  0.1252E+02
 10.658  0.1265E+01  0.1252E+02
 10.659  0.1267E+01  0.1252E+02
 10.660  0.1269E+01  0.1252E+02
 10.661  0.1271E+01  0.1252E+02
 10.662  0.1273E+01  0.1253E+02
 10.663  0.1275E+01  0.1253E+02
 10.664  0.1277E+01  0.1253E+02
 10.665  0.1279E+01  0.1253E+02
 10.666  0.1281E+01  0.1253E+02
 10.667  0.1283E+01  0.1253E+02
 10.668  0.1285E+01  0.1253E+02
 10.669  0.1287E+01  0.1253E+02
 10.670  0.1289E+01  0.1254E+02
 10.671  0.1291E+01  0.1254E+02
 10.672  0.1293E+01  0.1254E+02
 10.673  0.1295E+01  0.1254E+02
 10.674  0.1297E+01  0.1254E+02
 10.675  0.1299E+01  0.1254E+02
 10.676  0.1302E+01  0.1254E+02
 10.677  0.1304E+01  0.1255E+02
 10.678  0.1306E+01  0.1255E+02
 10.679  0.1308E+01  0.1255E+02
 10.680  0.1310E+01  0.1255E+02
 10.681  0.1312E+01  0.1255E+02
 10.682  0.1315E+01  0.1255E+02
 10.683  0.1317E+01  0.1255E+02
 10.684  0.1319E+01  0.1255E+02
 10.685  0.1321E+01  0.1256E+02
 10.686  0.1323E+01  0.1256E+02
 10.687  0.1326E+01  0.1256E+02
 10.688  0.1328E+01  0.1256E+02
 10.689  0.1330E+01  0.1256E+02
 10.690  0.1332E+01  0.1256E+02
 10.691  0.1334E+01  0.1256E+02
 10.692  0.1337E+01  0.1256E+02
 10.693  0.1339E+01  0.1257E+02
 10.694  0.1341E+01  0.1257E+02
 10.695  0.1343E+01  0.1257E+02
 10.696  0.1345E+01  0.1257E+02
 10.697  0.1347E+01  0.1257E+02
 10.698  0.1350E+01  0.1257E+02
 10.699  0.1352E+01  0.1257E+02
 10.700  0.1354E+01  0.1258E+02
 10.701  0.1356E+01  0.1258E+02
 10.702  0.1359E+01  0.1258E+02
 10.703  0.1361E+01  0.1258E+02
 10.704  0.1363E+01  0.1258E+02
 10.705  0.1365E+01  0.1258E+02
 10.706  0.1368E+01  0.1258E+02
 10.707  0.1370E+01  0.1259E+02
 10.708  0.1372E+01  0.1259E+02
 10.709  0.1374E+01  0.1259E+02
 10.710  0.1377E+01  0.1259E+02
 10.711  0.1379E+01  0.1259E+02
 10.712  0.1381E+01  0.1259E+02
 10.713  0.1384E+01  0.1259E+02
 10.714  0.1386E+01  0.1259E+02
 10.715  0.1388E+01  0.1260E+02
 10.716  0.1390E+01  0.1260E+02
 10.717  0.1393E+01  0.1260E+02
 10.718  0.1395E+01  0.1260E+02
 10.719  0.1397E+01  0.1260E+02
 10.720  0.1400E+01  0.1260E+02
 10.721  0.1402E+01  0.1260E+02
 10.722  0.1404E+01  0.1261E+02
 10.723  0.1407E+01  0.1261E+02
 10.724  0.1409E+01  0.1261E+02
 10.725  0.1412E+01  0.1261E+02
 10.726  0.1414E+01  0.1261E+02
 10.727  0.1416E+01  0.1261E+02
 10.728  0.1419E+01  0.1261E+02
 10.729  0.1421E+01  0.1262E+02
 10.730  0.1424E+01  0.1262E+02
 10.731  0.1426E+01  0.1262E+02
 10.732  0.1429E+01  0.1262E+02
 10.733  0.1432E+01  0.1262E+02
 10.734  0.1435E+01  0.1262E+02
 10.735  0.1438E+01  0.1262E+02
 10.736  0.1441E+01  0.1263E+02
 10.737  0.1444E+01  0.1263E+02
 10.738  0.1447E+01  0.1263E+02
 10.739  0.1450E+01  0.1263E+02
 10.740  0.1453E+01  0.1263E+02
 10.741  0.1456E+01  0.1263E+02
 10.742  0.1458E+01  0.1263E+02
 10.743  0.1461E+01  0.1264E+02
 10.744  0.1464E+01  0.1264E+02
 10.745  0.1467E+01  0.1264E+02
 10.746  0.1470E+01  0.1264E+02
 10.747  0.1473E+01  0.1264E+02
 10.748  0.1476E+01  0.1264E+02
 10.749  0.1478E+01  0.1264E+02
 10.750  0.1481E+01  0.1265E+02
 10.751  0.1483E+01  0.1265E+02
 10.752  0.1486E+01  0.1265E+02
 10.753  0.1488E+01  0.1265E+02
 10.754  0.1490E+01  0.1265E+02
 10.755  0.1493E+01  0.1265E+02
 10.756  0.1495E+01  0.1266E+02
 10.757  0.1498E+01  0.1266E+02
 10.758  0.1500E+01  0.1266E+02
 10.759  0.1503E+01  0.1266E+02
 10.760  0.1505E+01  0.1266E+02
 10.761  0.1508E+01  0.1266E+02
 10.762  0.1510E+01  0.1266E+02
 10.763  0.1513E+01  0.1267E+02
 10.764  0.1515E+01  0.1267E+02
 10.765  0.1517E+01  0.1267E+02
 10.766  0.1519E+01  0.1267E+02
 10.767  0.1521E+01  0.1267E+02
 10.768  0.1523E+01  0.1267E+02
 10.769  0.1525E+01  0.1267E+02
 10.770  0.1526E+01  0.1268E+02
 10.771  0.1528E+01  0.1268E+02
 10.772  0.1530E+01  0.1268E+02
 10.773  0.1531E+01  0.1268E+02
 10.774  0.1533E+01  0.1268E+02
 10.775  0.1534E+01  0.1268E+02
 10.776  0.1536E+01  0.1269E+02
 10.777  0.1537E+01  0.1269E+02
 10.778  0.1538E+01  0.1269E+02
 10.779  0.1540E+01  0.1269E+02
 10.780  0.1541E+01  0.1269E+02
 10.781  0.1543E+01  0.1269E+02
 10.782  0.1544E+01  0.1269E+02
 10.783  0.1546E+01  0.1270E+02
 10.784  0.1547E+01  0.1270E+02
 10.785  0.1548E+01  0.1270E+02
 10.786  0.1549E+01  0.1270E+02
 10.787  0.1551E+01  0.1270E+02
 10.788  0.1552E+01  0.1270E+02
 10.789  0.1553E+01  0.1271E+02
 10.790  0.1554E+01  0.1271E+02
 10.791  0.1555E+01  0.1271E+02
 10.792  0.1555E+01  0.1271E+02
 10.793  0.1556E+01  0.1271E+02
 10.794  0.1556E+01  0.1271E+02
 10.795  0.1557E+01  0.1272E+02
 10.796  0.1557E+01  0.1272E+02
 10.797  0.1558E+01  0.1272E+02
 10.798  0.1558E+01  0.1272E+02
 10.799  0.1558E+01  0.1272E+02
 10.800  0.1558E+01  0.1272E+02
 10.801  0.1558E+01  0.1272E+02
 10.802  0.1558E+01  0.1273E+02
 10.803  0.1559E+01  0.1273E+02
 10.804  0.1559E+01  0.1273E+02
 10.805  0.1560E+01  0.1273E+02
 10.806  0.1560E+01  0.1273E+02
 10.807  0.1560E+01  0.1273E+02
 10.808  0.1561E+01  0.1274E+02
 10.809  0.1561E+01  0.1274E+02
 10.810  0.1562E+01  0.1274E+02
 10.811  0.1562E+01  0.1274E+02
 10.812  0.1562E+01  0.1274E+02
 10.813  0.1562E+01  0.1274E+02
 10.814  0.1563E+01  0.1274E+02
 10.815  0.1563E+01  0.1275E+02
 10.816  0.1563E+01  0.1275E+02
 10.817  0.1563E+01  0.1275E+02
 10.818  0.1563E+01  0.1275E+02
 10.819  0.1563E+01  0.1275E+02
 10.820  0.1563E+01  0.1275E+02
 10.821  0.1563E+01  0.1276E+02
 10.822  0.1564E+01  0.1276E+02
 10.823  0.1564E+01  0.1276E+02
 10.824  0.1564E+01  0.1276E+02
 10.825  0.1564E+01  0.1276E+02
 10.826  0.1563E+01  0.1276E+02
 10.827  0.1563E+01  0.1277E+02
 10.828  0.1563E+01  0.1277E+02
 10.829  0.1563E+01  0.1277E+02
 10.830  0.1563E+01  0.1277E+02
 10.831  0.1563E+01  0.1277E+02
 10.832  0.1563E+01  0.1277E+02
 10.833  0.1563E+01  0.1277E+02
 10.834  0.1562E+01  0.1278E+02
 10.835  0.1562E+01  0.1278E+02
 10.836  0.1561E+01  0.1278E+02
 10.837  0.1561E+01  0.1278E+02
 10.838  0.1560E+01  0.1278E+02
 10.839  0.1560E+01  0.1278E+02
 10.840  0.1559E+01  0.1279E+02
 10.841  0.1559E+01  0.1279E+02
 10.842  0.1558E+01  0.1279E+02
 10.843  0.1558E+01  0.1279E+02
 10.844  0.1557E+01  0.1279E+02
 10.845  0.1557E+01  0.1279E+02
 10.846  0.1556E+01  0.1279E+02
 10.847  0.1556E+01  0.1280E+02
 10.848  0.1555E+01  0.1280E+02
 10.849  0.1555E+01  0.1280E+02
 10.850  0.1554E+01  0.1280E+02
 10.851  0.1554E+01  0.1280E+02
 10.852  0.1553E+01  0.1280E+02
 10.853  0.1553E+01  0.1281E+02
 10.854  0.1552E+01  0.1281E+02
 10.855  0.1552E+01  0.1281E+02
 10.856  0.1551E+01  0.1281E+02
 10.857  0.1551E+01  0.1281E+02
 10.858  0.1550E+01  0.1281E+02
 10.859  0.1549E+01  0.1281E+02
 10.860  0.1549E+01  0.1282E+02
 10.861  0.1548E+01  0.1282E+02
 10.862  0.1547E+01  0.1282E+02
 10.863  0.1546E+01  0.1282E+02
 10.864  0.1546E+01  0.1282E+02
 10.865  0.1545E+01  0.1282E+02
 10.866  0.1544E+01  0.1283E+02
 10.867  0.1543E+01  0.1283E+02
 10.868  0.1543E+01  0.1283E+02
 10.869  0.1542E+01  0.1283E+02
 10.870  0.1541E+01  0.1283E+02
 10.871  0.1541E+01  0.1283E+02
 10.872  0.1540E+01  0.1283E+02
 10.873  0.1539E+01  0.1284E+02
 10.874  0.1539E+01  0.1284E+02
 10.875  0.1538E+01  0.1284E+02
 10.876  0.1537E+01  0.1284E+02
 10.877  0.1537E+01  0.1284E+02
 10.878  0.1536E+01  0.1284E+02
 10.879  0.1536E+01  0.1285E+02
 10.880  0.1535E+01  0.1285E+02
 10.881  0.1535E+01  0.1285E+02
 10.882  0.1534E+01  0.1285E+02
 10.883  0.1533E+01  0.1285E+02
 10.884  0.1533E+01  0.1285E+02
 10.885  0.1532E+01  0.1285E+02
 10.886  0.1532E+01  0.1286E+02
 10.887  0.1531E+01  0.1286E+02
 10.888  0.1530E+01  0.1286E+02
 10.889  0.1530E+01  0.1286E+02
 10.890  0.1529E+01  0.1286E+02
 10.891  0.1529E+01  0.1286E+02
 10.892  0.1528E+01  0.1287E+02
 10.893  0.1528E+01  0.1287E+02
 10.894  0.1528E+01  0.1287E+02
 10.895  0.1527E+01  0.1287E+02
 10.896  0.1527E+01  0.1287E+02
 10.897  0.1527E+01  0.1287E+02
 10.898  0.1526E+01  0.1287E+02
 10.899  0.1526E+01  0.1288E+02
 10.900  0.1526E+01  0.1288E+02
 10.901  0.1525E+01  0.1288E+02
 10.902  0.1525E+01  0.1288E+02
 10.903  0.1525E+01  0.1288E+02
 10.904  0.1524E+01  0.1288E+02
 10.905  0.1527E+01  0.1289E+02
 10.906  0.1529E+01  0.1289E+02
 10.907  0.1531E+01  0.1289E+02
 10.908  0.1533E+01  0.1289E+02
 10.909  0.1533E+01  0.1289E+02
 10.910  0.1532E+01  0.1289E+02
 10.911  0.1530E+01  0.1289E+02
 10.912  0.1529E+01  0.1290E+02
 10.913  0.1527E+01  0.1290E+02
 10.914  0.1525E+01  0.1290E+02
 10.915  0.1524E+01  0.1290E+02
 10.916  0.1524E+01  0.1290E+02
 10.917  0.1524E+01  0.1290E+02
 10.918  0.1524E+01  0.1291E+02
 10.919  0.1524E+01  0.1291E+02
 10.920  0.1524E+01  0.1291E+02
 10.921  0.1524E+01  0.1291E+02
 10.922  0.1523E+01  0.1291E+02
 10.923  0.1523E+01  0.1291E+02
 10.924  0.1523E+01  0.1291E+02
 10.925  0.1523E+01  0.1292E+02
 10.926  0.1523E+01  0.1292E+02
 10.927  0.1522E+01  0.1292E+02
 10.928  0.1522E+01  0.1292E+02
 10.929  0.1522E+01  0.1292E+02
 10.930  0.1522E+01  0.1292E+02
 10.931  0.1521E+01  0.1293E+02
 10.932  0.1521E+01  0.1293E+02
 10.933  0.1521E+01  0.1293E+02
 10.934  0.1521E+01  0.1293E+02
 10.935  0.1520E+01  0.1293E+02
 10.936  0.1520E+01  0.1293E+02
 10.937  0.1520E+01  0.1293E+02
 10.938  0.1520E+01  0.1294E+02
 10.939  0.1519E+01  0.1294E+02
 10.940  0.1520E+01  0.1294E+02
 10.941  0.1522E+01  0.1294E+02
 10.942  0.1523E+01  0.1294E+02
 10.943  0.1524E+01  0.1294E+02
 10.944  0.1524E+01  0.1294E+02
 10.945  0.1524E+01  0.1295E+02
 10.946  0.1523E+01  0.1295E+02
 10.947  0.1523E+01  0.1295E+02
 10.948  0.1521E+01  0.1295E+02
 10.949  0.1519E+01  0.1295E+02
 10.950  0.1517E+01  0.1295E+02
 10.951  0.1515E+01  0.1296E+02
 10.952  0.1513E+01  0.1296E+02
 10.953  0.1512E+01  0.1296E+02
 10.954  0.1510E+01  0.1296E+02
 10.955  0.1509E+01  0.1296E+02
 10.956  0.1508E+01  0.1296E+02
 10.957  0.1507E+01  0.1296E+02
 10.958  0.1506E+01  0.1297E+02
 10.959  0.1505E+01  0.1297E+02
 10.960  0.1504E+01  0.1297E+02
 10.961  0.1503E+01  0.1297E+02
 10.962  0.1502E+01  0.1297E+02
 10.963  0.1501E+01  0.1297E+02
 10.964  0.1500E+01  0.1298E+02
 10.965  0.1499E+01  0.1298E+02
 10.966  0.1499E+01  0.1298E+02
 10.967  0.1500E+01  0.1298E+02
 10.968  0.1501E+01  0.1298E+02
 10.969  0.1502E+01  0.1298E+02
 10.970  0.1503E+01  0.1298E+02
 10.971  0.1504E+01  0.1299E+02
 10.972  0.1505E+01  0.1299E+02
 10.973  0.1505E+01  0.1299E+02
 10.974  0.1506E+01  0.1299E+02
 10.975  0.1506E+01  0.1299E+02
 10.976  0.1507E+01  0.1299E+02
 10.977  0.1507E+01  0.1299E+02
 10.978  0.1506E+01  0.1300E+02
 10.979  0.1506E+01  0.1300E+02
 10.980  0.1506E+01  0.1300E+02
 10.981  0.1505E+01  0.1300E+02
 10.982  0.1505E+01  0.1300E+02
 10.983  0.1505E+01  0.1300E+02
 10.984  0.1504E+01  0.1301E+02
 10.985  0.1504E+01  0.1301E+02
 10.986  0.1504E+01  0.1301E+02
 10.987  0.1504E+01  0.1301E+02
 10.988  0.1504E+01  0.1301E+02
 10.989  0.1504E+01  0.1301E+02
 10.990  0.1504E+01  0.1301E+02
 10.991  0.1505E+01  0.1302E+02
 10.992  0.1505E+01  0.1302E+02
 10.993  0.1505E+01  0.1302E+02
 10.994  0.1505E+01  0.1302E+02
 10.995  0.1506E+01  0.1302E+02
 10.996  0.1508E+01  0.1302E+02
 10.997  0.1510E+01  0.1302E+02
 10.998  0.1512E+01  0.1303E+02
 10.999  0.1514E+01  0.1303E+02
 11.000  0.1517E+01  0.1303E+02
 11.001  0.1519E+01  0.1303E+02
 11.002  0.1521E+01  0.1303E+02
 11.003  0.1523E+01  0.1303E+02
 11.004  0.1524E+01  0.1304E+02
 11.005  0.1525E+01  0.1304E+02
 11.006  0.1526E+01  0.1304E+02
 11.007  0.1526E+01  0.1304E+02
 11.008  0.1527E+01  0.1304E+02
 11.009  0.1527E+01  0.1304E+02
 11.010  0.1527E+01  0.1304E+02
 11.011  0.1526E+01  0.1305E+02
 11.012  0.1525E+01  0.1305E+02
 11.013  0.1524E+01  0.1305E+02
 11.014  0.1522E+01  0.1305E+02
 11.015  0.1521E+01  0.1305E+02
 11.016  0.1519E+01  0.1305E+02
 11.017  0.1518E+01  0.1306E+02
 11.018  0.1516E+01  0.1306E+02
 11.019  0.1515E+01  0.1306E+02
 11.020  0.1513E+01  0.1306E+02
 11.021  0.1511E+01  0.1306E+02
 11.022  0.1510E+01  0.1306E+02
 11.023  0.1508E+01  0.1306E+02
 11.024  0.1506E+01  0.1307E+02
 11.025  0.1504E+01  0.1307E+02
 11.026  0.1502E+01  0.1307E+02
 11.027  0.1500E+01  0.1307E+02
 11.028  0.1498E+01  0.1307E+02
 11.029  0.1496E+01  0.1307E+02
 11.030  0.1494E+01  0.1307E+02
 11.031  0.1492E+01  0.1308E+02
 11.032  0.1490E+01  0.1308E+02
 11.033  0.1489E+01  0.1308E+02
 11.034  0.1487E+01  0.1308E+02
 11.035  0.1485E+01  0.1308E+02
 11.036  0.1483E+01  0.1308E+02
 11.037  0.1481E+01  0.1309E+02
 11.038  0.1479E+01  0.1309E+02
 11.039  0.1477E+01  0.1309E+02
 11.040  0.1475E+01  0.1309E+02
 11.041  0.1473E+01  0.1309E+02
 11.042  0.1471E+01  0.1309E+02
 11.043  0.1470E+01  0.1309E+02
 11.044  0.1468E+01  0.1310E+02
 11.045  0.1466E+01  0.1310E+02
 11.046  0.1464E+01  0.1310E+02
 11.047  0.1462E+01  0.1310E+02
 11.048  0.1460E+01  0.1310E+02
 11.049  0.1459E+01  0.1310E+02
 11.050  0.1457E+01  0.1310E+02
 11.051  0.1455E+01  0.1311E+02
 11.052  0.1453E+01  0.1311E+02
 11.053  0.1452E+01  0.1311E+02
 11.054  0.1450E+01  0.1311E+02
 11.055  0.1448E+01  0.1311E+02
 11.056  0.1447E+01  0.1311E+02
 11.057  0.1445E+01  0.1311E+02
 11.058  0.1443E+01  0.1312E+02
 11.059  0.1442E+01  0.1312E+02
 11.060  0.1440E+01  0.1312E+02
 11.061  0.1438E+01  0.1312E+02
 11.062  0.1436E+01  0.1312E+02
 11.063  0.1434E+01  0.1312E+02
 11.064  0.1432E+01  0.1312E+02
 11.065  0.1430E+01  0.1313E+02
 11.066  0.1428E+01  0.1313E+02
 11.067  0.1426E+01  0.1313E+02
 11.068  0.1424E+01  0.1313E+02
 11.069  0.1423E+01  0.1313E+02
 11.070  0.1421E+01  0.1313E+02
 11.071  0.1419E+01  0.1313E+02
 11.072  0.1417E+01  0.1314E+02
 11.073  0.1416E+01  0.1314E+02
 11.074  0.1414E+01  0.1314E+02
 11.075  0.1413E+01  0.1314E+02
 11.076  0.1411E+01  0.1314E+02
 11.077  0.1410E+01  0.1314E+02
 11.078  0.1408E+01  0.1314E+02
 11.079  0.1407E+01  0.1315E+02
 11.080  0.1405E+01  0.1315E+02
 11.081  0.1404E+01  0.1315E+02
 11.082  0.1403E+01  0.1315E+02
 11.083  0.1401E+01  0.1315E+02
 11.084  0.1400E+01  0.1315E+02
 11.085  0.1399E+01  0.1315E+02
 11.086  0.1398E+01  0.1316E+02
 11.087  0.1397E+01  0.1316E+02
 11.088  0.1396E+01  0.1316E+02
 11.089  0.1396E+01  0.1316E+02
 11.090  0.1395E+01  0.1316E+02
 11.091  0.1394E+01  0.1316E+02
 11.092  0.1393E+01  0.1316E+02
 11.093  0.1392E+01  0.1317E+02
 11.094  0.1391E+01  0.1317E+02
 11.095  0.1390E+01  0.1317E+02
 11.096  0.1389E+01  0.1317E+02
 11.097  0.1388E+01  0.1317E+02
 11.098  0.1387E+01  0.1317E+02
 11.099  0.1386E+01  0.1317E+02
 11.100  0.1386E+01  0.1318E+02
 11.101  0.1385E+01  0.1318E+02
 11.102  0.1384E+01  0.1318E+02
 11.103  0.1383E+01  0.1318E+02
 11.104  0.1382E+01  0.1318E+02
 11.105  0.1381E+01  0.1318E+02
 11.106  0.1380E+01  0.1318E+02
 11.107  0.1380E+01  0.1318E+02
 11.108  0.1379E+01  0.1319E+02
 11.109  0.1378E+01  0.1319E+02
 11.110  0.1377E+01  0.1319E+02
 11.111  0.1377E+01  0.1319E+02
 11.112  0.1376E+01  0.1319E+02
 11.113  0.1375E+01  0.1319E+02
 11.114  0.1375E+01  0.1319E+02
 11.115  0.1374E+01  0.1320E+02
 11.116  0.1373E+01  0.1320E+02
 11.117  0.1373E+01  0.1320E+02
 11.118  0.1372E+01  0.1320E+02
 11.119  0.1372E+01  0.1320E+02
 11.120  0.1371E+01  0.1320E+02
 11.121  0.1371E+01  0.1320E+02
 11.122  0.1370E+01  0.1321E+02
 11.123  0.1369E+01  0.1321E+02
 11.124  0.1369E+01  0.1321E+02
 11.125  0.1368E+01  0.1321E+02
 11.126  0.1368E+01  0.1321E+02
 11.127  0.1367E+01  0.1321E+02
 11.128  0.1367E+01  0.1321E+02
 11.129  0.1366E+01  0.1321E+02
 11.130  0.1366E+01  0.1322E+02
 11.131  0.1366E+01  0.1322E+02
 11.132  0.1365E+01  0.1322E+02
 11.133  0.1365E+01  0.1322E+02
 11.134  0.1364E+01  0.1322E+02
 11.135  0.1364E+01  0.1322E+02
 11.136  0.1364E+01  0.1322E+02
 11.137  0.1363E+01  0.1323E+02
 11.138  0.1363E+01  0.1323E+02
 11.139  0.1362E+01  0.1323E+02
 11.140  0.1362E+01  0.1323E+02
 11.141  0.1362E+01  0.1323E+02
 11.142  0.1361E+01  0.1323E+02
 11.143  0.1361E+01  0.1323E+02
 11.144  0.1360E+01  0.1324E+02
 11.145  0.1360E+01  0.1324E+02
 11.146  0.1360E+01  0.1324E+02
 11.147  0.1360E+01  0.1324E+02
 11.148  0.1360E+01  0.1324E+02
 11.149  0.1360E+01  0.1324E+02
 11.150  0.1360E+01  0.1324E+02
 11.151  0.1360E+01  0.1324E+02
 11.152  0.1361E+01  0.1325E+02
 11.153  0.1361E+01  0.1325E+02
 11.154  0.1361E+01  0.1325E+02
 11.155  0.1362E+01  0.1325E+02
 11.156  0.1362E+01  0.1325E+02
 11.157  0.1362E+01  0.1325E+02
 11.158  0.1363E+01  0.1325E+02
 11.159  0.1363E+01  0.1326E+02
 11.160  0.1363E+01  0.1326E+02
 11.161  0.1364E+01  0.1326E+02
 11.162  0.1364E+01  0.1326E+02
 11.163  0.1364E+01  0.1326E+02
 11.164  0.1365E+01  0.1326E+02
 11.165  0.1365E+01  0.1326E+02
 11.166  0.1365E+01  0.1327E+02
 11.167  0.1364E+01  0.1327E+02
 11.168  0.1364E+01  0.1327E+02
 11.169  0.1363E+01  0.1327E+02
 11.170  0.1362E+01  0.1327E+02
 11.171  0.1361E+01  0.1327E+02
 11.172  0.1360E+01  0.1327E+02
 11.173  0.1358E+01  0.1327E+02
 11.174  0.1357E+01  0.1328E+02
 11.175  0.1356E+01  0.1328E+02
 11.176  0.1356E+01  0.1328E+02
 11.177  0.1355E+01  0.1328E+02
 11.178  0.1355E+01  0.1328E+02
 11.179  0.1354E+01  0.1328E+02
 11.180  0.1354E+01  0.1328E+02
 11.181  0.1353E+01  0.1329E+02
 11.182  0.1352E+01  0.1329E+02
 11.183  0.1352E+01  0.1329E+02
 11.184  0.1352E+01  0.1329E+02
 11.185  0.1352E+01  0.1329E+02
 11.186  0.1352E+01  0.1329E+02
 11.187  0.1353E+01  0.1329E+02
 11.188  0.1354E+01  0.1330E+02
 11.189  0.1355E+01  0.1330E+02
 11.190  0.1356E+01  0.1330E+02
 11.191  0.1356E+01  0.1330E+02
 11.192  0.1357E+01  0.1330E+02
 11.193  0.1357E+01  0.1330E+02
 11.194  0.1358E+01  0.1330E+02
 11.195  0.1358E+01  0.1330E+02
 11.196  0.1358E+01  0.1331E+02
 11.197  0.1358E+01  0.1331E+02
 11.198  0.1358E+01  0.1331E+02
 11.199  0.1358E+01  0.1331E+02
 11.200  0.1357E+01  0.1331E+02
 11.201  0.1357E+01  0.1331E+02
 11.202  0.1356E+01  0.1331E+02
 11.203  0.1356E+01  0.1332E+02
 11.204  0.1355E+01  0.1332E+02
 11.205  0.1354E+01  0.1332E+02
 11.206  0.1354E+01  0.1332E+02
 11.207  0.1353E+01  0.1332E+02
 11.208  0.1352E+01  0.1332E+02
 11.209  0.1352E+01  0.1332E+02
 11.210  0.1351E+01  0.1333E+02
 11.211  0.1350E+01  0.1333E+02
 11.212  0.1350E+01  0.1333E+02
 11.213  0.1349E+01  0.1333E+02
 11.214  0.1348E+01  0.1333E+02
 11.215  0.1348E+01  0.1333E+02
 11.216  0.1347E+01  0.1333E+02
 11.217  0.1347E+01  0.1333E+02
 11.218  0.1346E+01  0.1334E+02
 11.219  0.1345E+01  0.1334E+02
 11.220  0.1345E+01  0.1334E+02
 11.221  0.1344E+01  0.1334E+02
 11.222  0.1344E+01  0.1334E+02
 11.223  0.1343E+01  0.1334E+02
 11.224  0.1342E+01  0.1334E+02
 11.225  0.1341E+01  0.1335E+02
 11.226  0.1339E+01  0.1335E+02
 11.227  0.1338E+01  0.1335E+02
 11.228  0.1337E+01  0.1335E+02
 11.229  0.1336E+01  0.1335E+02
 11.230  0.1334E+01  0.1335E+02
 11.231  0.1333E+01  0.1335E+02
 11.232  0.1332E+01  0.1335E+02
 11.233  0.1331E+01  0.1336E+02
 11.234  0.1329E+01  0.1336E+02
 11.235  0.1328E+01  0.1336E+02
 11.236  0.1326E+01  0.1336E+02
 11.237  0.1325E+01  0.1336E+02
 11.238  0.1324E+01  0.1336E+02
 11.239  0.1322E+01  0.1336E+02
 11.240  0.1321E+01  0.1337E+02
 11.241  0.1319E+01  0.1337E+02
 11.242  0.1318E+01  0.1337E+02
 11.243  0.1317E+01  0.1337E+02
 11.244  0.1315E+01  0.1337E+02
 11.245  0.1314E+01  0.1337E+02
 11.246  0.1313E+01  0.1337E+02
 11.247  0.1311E+01  0.1337E+02
 11.248  0.1310E+01  0.1338E+02
 11.249  0.1309E+01  0.1338E+02
 11.250  0.1308E+01  0.1338E+02
 11.251  0.1307E+01  0.1338E+02
 11.252  0.1305E+01  0.1338E+02
 11.253  0.1304E+01  0.1338E+02
 11.254  0.1303E+01  0.1338E+02
 11.255  0.1302E+01  0.1338E+02
 11.256  0.1301E+01  0.1339E+02
 11.257  0.1299E+01  0.1339E+02
 11.258  0.1298E+01  0.1339E+02
 11.259  0.1297E+01  0.1339E+02
 11.260  0.1296E+01  0.1339E+02
 11.261  0.1295E+01  0.1339E+02
 11.262  0.1294E+01  0.1339E+02
 11.263  0.1293E+01  0.1340E+02
 11.264  0.1292E+01  0.1340E+02
 11.265  0.1291E+01  0.1340E+02
 11.266  0.1290E+01  0.1340E+02
 11.267  0.1289E+01  0.1340E+02
 11.268  0.1288E+01  0.1340E+02
 11.269  0.1288E+01  0.1340E+02
 11.270  0.1287E+01  0.1340E+02
 11.271  0.1286E+01  0.1341E+02
 11.272  0.1286E+01  0.1341E+02
 11.273  0.1285E+01  0.1341E+02
 11.274  0.1285E+01  0.1341E+02
 11.275  0.1285E+01  0.1341E+02
 11.276  0.1284E+01  0.1341E+02
 11.277  0.1284E+01  0.1341E+02
 11.278  0.1284E+01  0.1341E+02
 11.279  0.1284E+01  0.1342E+02
 11.280  0.1284E+01  0.1342E+02
 11.281  0.1284E+01  0.1342E+02
 11.282  0.1284E+01  0.1342E+02
 11.283  0.1284E+01  0.1342E+02
 11.284  0.1284E+01  0.1342E+02
 11.285  0.1284E+01  0.1342E+02
 11.286  0.1284E+01  0.1342E+02
 11.287  0.1285E+01  0.1343E+02
 11.288  0.1285E+01  0.1343E+02
 11.289  0.1285E+01  0.1343E+02
 11.290  0.1285E+01  0.1343E+02
 11.291  0.1282E+01  0.1343E+02
 11.292  0.1280E+01  0.1343E+02
 11.293  0.1278E+01  0.1343E+02
 11.294  0.1276E+01  0.1344E+02
 11.295  0.1275E+01  0.1344E+02
 11.296  0.1274E+01  0.1344E+02
 11.297  0.1274E+01  0.1344E+02
 11.298  0.1273E+01  0.1344E+02
 11.299  0.1272E+01  0.1344E+02
 11.300  0.1271E+01  0.1344E+02
 11.301  0.1270E+01  0.1344E+02
 11.302  0.1269E+01  0.1345E+02
 11.303  0.1268E+01  0.1345E+02
 11.304  0.1267E+01  0.1345E+02
 11.305  0.1266E+01  0.1345E+02
 11.306  0.1265E+01  0.1345E+02
 11.307  0.1264E+01  0.1345E+02
 11.308  0.1263E+01  0.1345E+02
 11.309  0.1262E+01  0.1345E+02
 11.310  0.1261E+01  0.1346E+02
 11.311  0.1260E+01  0.1346E+02
 11.312  0.1260E+01  0.1346E+02
 11.313  0.1259E+01  0.1346E+02
 11.314  0.1259E+01  0.1346E+02
 11.315  0.1258E+01  0.1346E+02
 11.316  0.1258E+01  0.1346E+02
 11.317  0.1257E+01  0.1346E+02
 11.318  0.1256E+01  0.1347E+02
 11.319  0.1256E+01  0.1347E+02
 11.320  0.1255E+01  0.1347E+02
 11.321  0.1254E+01  0.1347E+02
 11.322  0.1253E+01  0.1347E+02
 11.323  0.1252E+01  0.1347E+02
 11.324  0.1251E+01  0.1347E+02
 11.325  0.1250E+01  0.1347E+02
 11.326  0.1249E+01  0.1348E+02
 11.327  0.1248E+01  0.1348E+02
 11.328  0.1247E+01  0.1348E+02
 11.329  0.1245E+01  0.1348E+02
 11.330  0.1244E+01  0.1348E+02
 11.331  0.1243E+01  0.1348E+02
 11.332  0.1241E+01  0.1348E+02
 11.333  0.1240E+01  0.1348E+02
 11.334  0.1238E+01  0.1349E+02
 11.335  0.1237E+01  0.1349E+02
 11.336  0.1235E+01  0.1349E+02
 11.337  0.1234E+01  0.1349E+02
 11.338  0.1233E+01  0.1349E+02
 11.339  0.1232E+01  0.1349E+02
 11.340  0.1231E+01  0.1349E+02
 11.341  0.1230E+01  0.1349E+02
 11.342  0.1229E+01  0.1350E+02
 11.343  0.1228E+01  0.1350E+02
 11.344  0.1227E+01  0.1350E+02
 11.345  0.1226E+01  0.1350E+02
 11.346  0.1225E+01  0.1350E+02
 11.347  0.1224E+01  0.1350E+02
 11.348  0.1224E+01  0.1350E+02
 11.349  0.1223E+01  0.1350E+02
 11.350  0.1222E+01  0.1351E+02
 11.351  0.1221E+01  0.1351E+02
 11.352  0.1220E+01  0.1351E+02
 11.353  0.1219E+01  0.1351E+02
 11.354  0.1218E+01  0.1351E+02
 11.355  0.1217E+01  0.1351E+02
 11.356  0.1217E+01  0.1351E+02
 11.357  0.1216E+01  0.1351E+02
 11.358  0.1215E+01  0.1351E+02
 11.359  0.1214E+01  0.1352E+02
 11.360  0.1213E+01  0.1352E+02
 11.361  0.1212E+01  0.1352E+02
 11.362  0.1211E+01  0.1352E+02
 11.363  0.1211E+01  0.1352E+02
 11.364  0.1210E+01  0.1352E+02
 11.365  0.1209E+01  0.1352E+02
 11.366  0.1208E+01  0.1352E+02
 11.367  0.1207E+01  0.1353E+02
 11.368  0.1207E+01  0.1353E+02
 11.369  0.1206E+01  0.1353E+02
 11.370  0.1205E+01  0.1353E+02
 11.371  0.1204E+01  0.1353E+02
 11.372  0.1204E+01  0.1353E+02
 11.373  0.1203E+01  0.1353E+02
 11.374  0.1202E+01  0.1353E+02
 11.375  0.1202E+01  0.1354E+02
 11.376  0.1201E+01  0.1354E+02
 11.377  0.1200E+01  0.1354E+02
 11.378  0.1200E+01  0.1354E+02
 11.379  0.1199E+01  0.1354E+02
 11.380  0.1199E+01  0.1354E+02
 11.381  0.1198E+01  0.1354E+02
 11.382  0.1198E+01  0.1354E+02
 11.383  0.1197E+01  0.1354E+02
 11.384  0.1197E+01  0.1355E+02
 11.385  0.1196E+01  0.1355E+02
 11.386  0.1195E+01  0.1355E+02
 11.387  0.1195E+01  0.1355E+02
 11.388  0.1194E+01  0.1355E+02
 11.389  0.1194E+01  0.1355E+02
 11.390  0.1193E+01  0.1355E+02
 11.391  0.1192E+01  0.1355E+02
 11.392  0.1192E+01  0.1356E+02
 11.393  0.1191E+01  0.1356E+02
 11.394  0.1190E+01  0.1356E+02
 11.395  0.1190E+01  0.1356E+02
 11.396  0.1189E+01  0.1356E+02
 11.397  0.1188E+01  0.1356E+02
 11.398  0.1187E+01  0.1356E+02
 11.399  0.1186E+01  0.1356E+02
 11.400  0.1186E+01  0.1357E+02
 11.401  0.1185E+01  0.1357E+02
 11.402  0.1184E+01  0.1357E+02
 11.403  0.1183E+01  0.1357E+02
 11.404  0.1183E+01  0.1357E+02
 11.405  0.1182E+01  0.1357E+02
 11.406  0.1182E+01  0.1357E+02
 11.407  0.1181E+01  0.1357E+02
 11.408  0.1181E+01  0.1357E+02
 11.409  0.1181E+01  0.1358E+02
 11.410  0.1180E+01  0.1358E+02
 11.411  0.1180E+01  0.1358E+02
 11.412  0.1179E+01  0.1358E+02
 11.413  0.1179E+01  0.1358E+02
 11.414  0.1178E+01  0.1358E+02
 11.415  0.1178E+01  0.1358E+02
 11.416  0.1177E+01  0.1358E+02
 11.417  0.1177E+01  0.1359E+02
 11.418  0.1176E+01  0.1359E+02
 11.419  0.1176E+01  0.1359E+02
 11.420  0.1175E+01  0.1359E+02
 11.421  0.1175E+01  0.1359E+02
 11.422  0.1174E+01  0.1359E+02
 11.423  0.1174E+01  0.1359E+02
 11.424  0.1173E+01  0.1359E+02
 11.425  0.1172E+01  0.1359E+02
 11.426  0.1172E+01  0.1360E+02
 11.427  0.1171E+01  0.1360E+02
 11.428  0.1171E+01  0.1360E+02
 11.429  0.1170E+01  0.1360E+02
 11.430  0.1169E+01  0.1360E+02
 11.431  0.1168E+01  0.1360E+02
 11.432  0.1168E+01  0.1360E+02
 11.433  0.1167E+01  0.1360E+02
 11.434  0.1166E+01  0.1361E+02
 11.435  0.1165E+01  0.1361E+02
 11.436  0.1164E+01  0.1361E+02
 11.437  0.1164E+01  0.1361E+02
 11.438  0.1163E+01  0.1361E+02
 11.439  0.1162E+01  0.1361E+02
 11.440  0.1162E+01  0.1361E+02
 11.441  0.1161E+01  0.1361E+02
 11.442  0.1160E+01  0.1361E+02
 11.443  0.1160E+01  0.1362E+02
 11.444  0.1159E+01  0.1362E+02
 11.445  0.1159E+01  0.1362E+02
 11.446  0.1158E+01  0.1362E+02
 11.447  0.1158E+01  0.1362E+02
 11.448  0.1157E+01  0.1362E+02
 11.449  0.1156E+01  0.1362E+02
 11.450  0.1156E+01  0.1362E+02
 11.451  0.1155E+01  0.1362E+02
 11.452  0.1155E+01  0.1363E+02
 11.453  0.1154E+01  0.1363E+02
 11.454  0.1153E+01  0.1363E+02
 11.455  0.1153E+01  0.1363E+02
 11.456  0.1152E+01  0.1363E+02
 11.457  0.1152E+01  0.1363E+02
 11.458  0.1151E+01  0.1363E+02
 11.459  0.1150E+01  0.1363E+02
 11.460  0.1150E+01  0.1364E+02
 11.461  0.1149E+01  0.1364E+02
 11.462  0.1149E+01  0.1364E+02
 11.463  0.1148E+01  0.1364E+02
 11.464  0.1147E+01  0.1364E+02
 11.465  0.1147E+01  0.1364E+02
 11.466  0.1146E+01  0.1364E+02
 11.467  0.1146E+01  0.1364E+02
 11.468  0.1146E+01  0.1364E+02
 11.469  0.1145E+01  0.1365E+02
 11.470  0.1145E+01  0.1365E+02
 11.471  0.1145E+01  0.1365E+02
 11.472  0.1145E+01  0.1365E+02
 11.473  0.1145E+01  0.1365E+02
 11.474  0.1144E+01  0.1365E+02
 11.475  0.1144E+01  0.1365E+02
 11.476  0.1144E+01  0.1365E+02
 11.477  0.1144E+01  0.1365E+02
 11.478  0.1144E+01  0.1366E+02
 11.479  0.1143E+01  0.1366E+02
 11.480  0.1143E+01  0.1366E+02
 11.481  0.1143E+01  0.1366E+02
 11.482  0.1143E+01  0.1366E+02
 11.483  0.1143E+01  0.1366E+02
 11.484  0.1142E+01  0.1366E+02
 11.485  0.1142E+01  0.1366E+02
 11.486  0.1142E+01  0.1366E+02
 11.487  0.1142E+01  0.1367E+02
 11.488  0.1142E+01  0.1367E+02
 11.489  0.1141E+01  0.1367E+02
 11.490  0.1141E+01  0.1367E+02
 11.491  0.1140E+01  0.1367E+02
 11.492  0.1140E+01  0.1367E+02
 11.493  0.1140E+01  0.1367E+02
 11.494  0.1139E+01  0.1367E+02
 11.495  0.1139E+01  0.1368E+02
 11.496  0.1138E+01  0.1368E+02
 11.497  0.1138E+01  0.1368E+02
 11.498  0.1138E+01  0.1368E+02
 11.499  0.1138E+01  0.1368E+02
 11.500  0.1137E+01  0.1368E+02
 11.501  0.1137E+01  0.1368E+02
 11.502  0.1137E+01  0.1368E+02
 11.503  0.1137E+01  0.1368E+02
 11.504  0.1136E+01  0.1369E+02
 11.505  0.1136E+01  0.1369E+02
 11.506  0.1136E+01  0.1369E+02
 11.507  0.1135E+01  0.1369E+02
 11.508  0.1135E+01  0.1369E+02
 11.509  0.1135E+01  0.1369E+02
 11.510  0.1134E+01  0.1369E+02
 11.511  0.1134E+01  0.1369E+02
 11.512  0.1133E+01  0.1369E+02
 11.513  0.1133E+01  0.1370E+02
 11.514  0.1132E+01  0.1370E+02
 11.515  0.1132E+01  0.1370E+02
 11.516  0.1132E+01  0.1370E+02
 11.517  0.1131E+01  0.1370E+02
 11.518  0.1131E+01  0.1370E+02
 11.519  0.1130E+01  0.1370E+02
 11.520  0.1130E+01  0.1370E+02
 11.521  0.1129E+01  0.1370E+02
 11.522  0.1128E+01  0.1371E+02
 11.523  0.1128E+01  0.1371E+02
 11.524  0.1127E+01  0.1371E+02
 11.525  0.1126E+01  0.1371E+02
 11.526  0.1125E+01  0.1371E+02
 11.527  0.1125E+01  0.1371E+02
 11.528  0.1124E+01  0.1371E+02
 11.529  0.1124E+01  0.1371E+02
 11.530  0.1124E+01  0.1371E+02
 11.531  0.1123E+01  0.1372E+02
 11.532  0.1123E+01  0.1372E+02
 11.533  0.1122E+01  0.1372E+02
 11.534  0.1122E+01  0.1372E+02
 11.535  0.1121E+01  0.1372E+02
 11.536  0.1121E+01  0.1372E+02
 11.537  0.1120E+01  0.1372E+02
 11.538  0.1120E+01  0.1372E+02
 11.539  0.1119E+01  0.1372E+02
 11.540  0.1119E+01  0.1373E+02
 11.541  0.1118E+01  0.1373E+02
 11.542  0.1118E+01  0.1373E+02
 11.543  0.1117E+01  0.1373E+02
 11.544  0.1117E+01  0.1373E+02
 11.545  0.1117E+01  0.1373E+02
 11.546  0.1116E+01  0.1373E+02
 11.547  0.1116E+01  0.1373E+02
 11.548  0.1115E+01  0.1374E+02
 11.549  0.1115E+01  0.1374E+02
 11.550  0.1114E+01  0.1374E+02
 11.551  0.1114E+01  0.1374E+02
 11.552  0.1113E+01  0.1374E+02
 11.553  0.1113E+01  0.1374E+02
 11.554  0.1112E+01  0.1374E+02
 11.555  0.1112E+01  0.1374E+02
 11.556  0.1111E+01  0.1374E+02
 11.557  0.1111E+01  0.1375E+02
 11.558  0.1110E+01  0.1375E+02
 11.559  0.1110E+01  0.1375E+02
 11.560  0.1109E+01  0.1375E+02
 11.561  0.1108E+01  0.1375E+02
 11.562  0.1108E+01  0.1375E+02
 11.563  0.1108E+01  0.1375E+02
 11.564  0.1107E+01  0.1375E+02
 11.565  0.1107E+01  0.1375E+02
 11.566  0.1106E+01  0.1376E+02
 11.567  0.1106E+01  0.1376E+02
 11.568  0.1105E+01  0.1376E+02
 11.569  0.1105E+01  0.1376E+02
 11.570  0.1105E+01  0.1376E+02
 11.571  0.1104E+01  0.1376E+02
 11.572  0.1104E+01  0.1376E+02
 11.573  0.1103E+01  0.1376E+02
 11.574  0.1103E+01  0.1376E+02
 11.575  0.1102E+01  0.1376E+02
 11.576  0.1102E+01  0.1377E+02
 11.577  0.1101E+01  0.1377E+02
 11.578  0.1101E+01  0.1377E+02
 11.579  0.1100E+01  0.1377E+02
 11.580  0.1100E+01  0.1377E+02
 11.581  0.1099E+01  0.1377E+02
 11.582  0.1099E+01  0.1377E+02
 11.583  0.1098E+01  0.1377E+02
 11.584  0.1098E+01  0.1377E+02
 11.585  0.1097E+01  0.1378E+02
 11.586  0.1097E+01  0.1378E+02
 11.587  0.1096E+01  0.1378E+02
 11.588  0.1096E+01  0.1378E+02
 11.589  0.1095E+01  0.1378E+02
 11.590  0.1095E+01  0.1378E+02
 11.591  0.1094E+01  0.1378E+02
 11.592  0.1094E+01  0.1378E+02
 11.593  0.1093E+01  0.1378E+02
 11.594  0.1093E+01  0.1379E+02
 11.595  0.1092E+01  0.1379E+02
 11.596  0.1092E+01  0.1379E+02
 11.597  0.1091E+01  0.1379E+02
 11.598  0.1090E+01  0.1379E+02
 11.599  0.1090E+01  0.1379E+02
 11.600  0.1090E+01  0.1379E+02
 11.601  0.1089E+01  0.1379E+02
 11.602  0.1089E+01  0.1379E+02
 11.603  0.1088E+01  0.1380E+02
 11.604  0.1088E+01  0.1380E+02
 11.605  0.1087E+01  0.1380E+02
 11.606  0.1087E+01  0.1380E+02
 11.607  0.1086E+01  0.1380E+02
 11.608  0.1086E+01  0.1380E+02
 11.609  0.1086E+01  0.1380E+02
 11.610  0.1086E+01  0.1380E+02
 11.611  0.1085E+01  0.1380E+02
 11.612  0.1085E+01  0.1381E+02
 11.613  0.1085E+01  0.1381E+02
 11.614  0.1086E+01  0.1381E+02
 11.615  0.1086E+01  0.1381E+02
 11.616  0.1086E+01  0.1381E+02
 11.617  0.1086E+01  0.1381E+02
 11.618  0.1086E+01  0.1381E+02
 11.619  0.1086E+01  0.1381E+02
 11.620  0.1086E+01  0.1381E+02
 11.621  0.1086E+01  0.1382E+02
 11.622  0.1086E+01  0.1382E+02
 11.623  0.1086E+01  0.1382E+02
 11.624  0.1086E+01  0.1382E+02
 11.625  0.1086E+01  0.1382E+02
 11.626  0.1086E+01  0.1382E+02
 11.627  0.1086E+01  0.1382E+02
 11.628  0.1086E+01  0.1382E+02
 11.629  0.1086E+01  0.1382E+02
 11.630  0.1085E+01  0.1382E+02
 11.631  0.1085E+01  0.1383E+02
 11.632  0.1085E+01  0.1383E+02
 11.633  0.1085E+01  0.1383E+02
 11.634  0.1085E+01  0.1383E+02
 11.635  0.1085E+01  0.1383E+02
 11.636  0.1085E+01  0.1383E+02
 11.637  0.1085E+01  0.1383E+02
 11.638  0.1085E+01  0.1383E+02
 11.639  0.1085E+01  0.1383E+02
 11.640  0.1085E+01  0.1384E+02
 11.641  0.1085E+01  0.1384E+02
 11.642  0.1085E+01  0.1384E+02
 11.643  0.1085E+01  0.1384E+02
 11.644  0.1085E+01  0.1384E+02
 11.645  0.1085E+01  0.1384E+02
 11.646  0.1086E+01  0.1384E+02
 11.647  0.1086E+01  0.1384E+02
 11.648  0.1086E+01  0.1384E+02
 11.649  0.1088E+01  0.1385E+02
 11.650  0.1089E+01  0.1385E+02
 11.651  0.1091E+01  0.1385E+02
 11.652  0.1092E+01  0.1385E+02
 11.653  0.1092E+01  0.1385E+02
 11.654  0.1093E+01  0.1385E+02
 11.655  0.1093E+01  0.1385E+02
 11.656  0.1092E+01  0.1385E+02
 11.657  0.1092E+01  0.1385E+02
 11.658  0.1091E+01  0.1386E+02
 11.659  0.1089E+01  0.1386E+02
 11.660  0.1088E+01  0.1386E+02
 11.661  0.1086E+01  0.1386E+02
 11.662  0.1085E+01  0.1386E+02
 11.663  0.1085E+01  0.1386E+02
 11.664  0.1085E+01  0.1386E+02
 11.665  0.1084E+01  0.1386E+02
 11.666  0.1084E+01  0.1386E+02
 11.667  0.1083E+01  0.1387E+02
 11.668  0.1083E+01  0.1387E+02
 11.669  0.1083E+01  0.1387E+02
 11.670  0.1082E+01  0.1387E+02
 11.671  0.1082E+01  0.1387E+02
 11.672  0.1082E+01  0.1387E+02
 11.673  0.1081E+01  0.1387E+02
 11.674  0.1081E+01  0.1387E+02
 11.675  0.1081E+01  0.1387E+02
 11.676  0.1080E+01  0.1387E+02
 11.677  0.1080E+01  0.1388E+02
 11.678  0.1080E+01  0.1388E+02
 11.679  0.1080E+01  0.1388E+02
 11.680  0.1079E+01  0.1388E+02
 11.681  0.1079E+01  0.1388E+02
 11.682  0.1079E+01  0.1388E+02
 11.683  0.1079E+01  0.1388E+02
 11.684  0.1078E+01  0.1388E+02
 11.685  0.1078E+01  0.1388E+02
 11.686  0.1078E+01  0.1389E+02
 11.687  0.1078E+01  0.1389E+02
 11.688  0.1078E+01  0.1389E+02
 11.689  0.1077E+01  0.1389E+02
 11.690  0.1077E+01  0.1389E+02
 11.691  0.1077E+01  0.1389E+02
 11.692  0.1077E+01  0.1389E+02
 11.693  0.1077E+01  0.1389E+02
 11.694  0.1077E+01  0.1389E+02
 11.695  0.1077E+01  0.1390E+02
 11.696  0.1076E+01  0.1390E+02
 11.697  0.1076E+01  0.1390E+02
 11.698  0.1076E+01  0.1390E+02
 11.699  0.1076E+01  0.1390E+02
 11.700  0.1076E+01  0.1390E+02
 11.701  0.1076E+01  0.1390E+02
 11.702  0.1076E+01  0.1390E+02
 11.703  0.1076E+01  0.1390E+02
 11.704  0.1076E+01  0.1391E+02
 11.705  0.1076E+01  0.1391E+02
 11.706  0.1076E+01  0.1391E+02
 11.707  0.1075E+01  0.1391E+02
 11.708  0.1075E+01  0.1391E+02
 11.709  0.1075E+01  0.1391E+02
 11.710  0.1075E+01  0.1391E+02
 11.711  0.1075E+01  0.1391E+02
 11.712  0.1075E+01  0.1391E+02
 11.713  0.1075E+01  0.1391E+02
 11.714  0.1075E+01  0.1392E+02
 11.715  0.1075E+01  0.1392E+02
 11.716  0.1075E+01  0.1392E+02
 11.717  0.1075E+01  0.1392E+02
 11.718  0.1075E+01  0.1392E+02
 11.719  0.1074E+01  0.1392E+02
 11.720  0.1074E+01  0.1392E+02
 11.721  0.1074E+01  0.1392E+02
 11.722  0.1074E+01  0.1392E+02
 11.723  0.1074E+01  0.1393E+02
 11.724  0.1074E+01  0.1393E+02
 11.725  0.1074E+01  0.1393E+02
 11.726  0.1074E+01  0.1393E+02
 11.727  0.1074E+01  0.1393E+02
 11.728  0.1074E+01  0.1393E+02
 11.729  0.1074E+01  0.1393E+02
 11.730  0.1074E+01  0.1393E+02
 11.731  0.1074E+01  0.1393E+02
 11.732  0.1074E+01  0.1394E+02
 11.733  0.1074E+01  0.1394E+02
 11.734  0.1074E+01  0.1394E+02
 11.735  0.1073E+01  0.1394E+02
 11.736  0.1073E+01  0.1394E+02
 11.737  0.1073E+01  0.1394E+02
 11.738  0.1073E+01  0.1394E+02
 11.739  0.1073E+01  0.1394E+02
 11.740  0.1073E+01  0.1394E+02
 11.741  0.1073E+01  0.1394E+02
 11.742  0.1073E+01  0.1395E+02
 11.743  0.1073E+01  0.1395E+02
 11.744  0.1073E+01  0.1395E+02
 11.745  0.1073E+01  0.1395E+02
 11.746  0.1073E+01  0.1395E+02
 11.747  0.1073E+01  0.1395E+02
 11.748  0.1073E+01  0.1395E+02
 11.749  0.1073E+01  0.1395E+02
 11.750  0.1073E+01  0.1395E+02
 11.751  0.1073E+01  0.1396E+02
 11.752  0.1073E+01  0.1396E+02
 11.753  0.1073E+01  0.1396E+02
 11.754  0.1073E+01  0.1396E+02
 11.755  0.1073E+01  0.1396E+02
 11.756  0.1073E+01  0.1396E+02
 11.757  0.1073E+01  0.1396E+02
 11.758  0.1072E+01  0.1396E+02
 11.759  0.1072E+01  0.1396E+02
 11.760  0.1072E+01  0.1397E+02
 11.761  0.1071E+01  0.1397E+02
 11.762  0.1071E+01  0.1397E+02
 11.763  0.1069E+01  0.1397E+02
 11.764  0.1069E+01  0.1397E+02
 11.765  0.1069E+01  0.1397E+02
 11.766  0.1069E+01  0.1397E+02
 11.767  0.1069E+01  0.1397E+02
 11.768  0.1068E+01  0.1397E+02
 11.769  0.1068E+01  0.1397E+02
 11.770  0.1068E+01  0.1398E+02
 11.771  0.1068E+01  0.1398E+02
 11.772  0.1068E+01  0.1398E+02
 11.773  0.1068E+01  0.1398E+02
 11.774  0.1068E+01  0.1398E+02
 11.775  0.1069E+01  0.1398E+02
 11.776  0.1069E+01  0.1398E+02
 11.777  0.1069E+01  0.1398E+02
 11.778  0.1069E+01  0.1398E+02
 11.779  0.1069E+01  0.1399E+02
 11.780  0.1070E+01  0.1399E+02
 11.781  0.1070E+01  0.1399E+02
 11.782  0.1070E+01  0.1399E+02
 11.783  0.1069E+01  0.1399E+02
 11.784  0.1068E+01  0.1399E+02
 11.785  0.1067E+01  0.1399E+02
 11.786  0.1066E+01  0.1399E+02
 11.787  0.1065E+01  0.1399E+02
 11.788  0.1064E+01  0.1400E+02
 11.789  0.1063E+01  0.1400E+02
 11.790  0.1062E+01  0.1400E+02
 11.791  0.1062E+01  0.1400E+02
 11.792  0.1061E+01  0.1400E+02
 11.793  0.1060E+01  0.1400E+02
 11.794  0.1059E+01  0.1400E+02
 11.795  0.1059E+01  0.1400E+02
 11.796  0.1058E+01  0.1400E+02
 11.797  0.1057E+01  0.1400E+02
 11.798  0.1057E+01  0.1401E+02
 11.799  0.1056E+01  0.1401E+02
 11.800  0.1055E+01  0.1401E+02
 11.801  0.1055E+01  0.1401E+02
 11.802  0.1054E+01  0.1401E+02
 11.803  0.1054E+01  0.1401E+02
 11.804  0.1053E+01  0.1401E+02
 11.805  0.1054E+01  0.1401E+02
 11.806  0.1054E+01  0.1401E+02
 11.807  0.1055E+01  0.1402E+02
 11.808  0.1055E+01  0.1402E+02
 11.809  0.1054E+01  0.1402E+02
 11.810  0.1054E+01  0.1402E+02
 11.811  0.1053E+01  0.1402E+02
 11.812  0.1052E+01  0.1402E+02
 11.813  0.1051E+01  0.1402E+02
 11.814  0.1049E+01  0.1402E+02
 11.815  0.1047E+01  0.1402E+02
 11.816  0.1045E+01  0.1402E+02
 11.817  0.1043E+01  0.1403E+02
 11.818  0.1041E+01  0.1403E+02
 11.819  0.1040E+01  0.1403E+02
 11.820  0.1040E+01  0.1403E+02
 11.821  0.1039E+01  0.1403E+02
 11.822  0.1038E+01  0.1403E+02
 11.823  0.1037E+01  0.1403E+02
 11.824  0.1037E+01  0.1403E+02
 11.825  0.1036E+01  0.1403E+02
 11.826  0.1035E+01  0.1404E+02
 11.827  0.1034E+01  0.1404E+02
 11.828  0.1034E+01  0.1404E+02
 11.829  0.1033E+01  0.1404E+02
 11.830  0.1032E+01  0.1404E+02
 11.831  0.1030E+01  0.1404E+02
 11.832  0.1028E+01  0.1404E+02
 11.833  0.1027E+01  0.1404E+02
 11.834  0.1026E+01  0.1404E+02
 11.835  0.1026E+01  0.1404E+02
 11.836  0.1025E+01  0.1405E+02
 11.837  0.1025E+01  0.1405E+02
 11.838  0.1024E+01  0.1405E+02
 11.839  0.1023E+01  0.1405E+02
 11.840  0.1023E+01  0.1405E+02
 11.841  0.1022E+01  0.1405E+02
 11.842  0.1021E+01  0.1405E+02
 11.843  0.1021E+01  0.1405E+02
 11.844  0.1020E+01  0.1405E+02
 11.845  0.1020E+01  0.1405E+02
 11.846  0.1019E+01  0.1406E+02
 11.847  0.1019E+01  0.1406E+02
 11.848  0.1018E+01  0.1406E+02
 11.849  0.1018E+01  0.1406E+02
 11.850  0.1017E+01  0.1406E+02
 11.851  0.1017E+01  0.1406E+02
 11.852  0.1017E+01  0.1406E+02
 11.853  0.1016E+01  0.1406E+02
 11.854  0.1016E+01  0.1406E+02
 11.855  0.1016E+01  0.1406E+02
 11.856  0.1015E+01  0.1407E+02
 11.857  0.1015E+01  0.1407E+02
 11.858  0.1014E+01  0.1407E+02
 11.859  0.1014E+01  0.1407E+02
 11.860  0.1014E+01  0.1407E+02
 11.861  0.1013E+01  0.1407E+02
 11.862  0.1013E+01  0.1407E+02
 11.863  0.1013E+01  0.1407E+02
 11.864  0.1012E+01  0.1407E+02
 11.865  0.1012E+01  0.1407E+02
 11.866  0.1012E+01  0.1408E+02
 11.867  0.1011E+01  0.1408E+02
 11.868  0.1011E+01  0.1408E+02
 11.869  0.1011E+01  0.1408E+02
 11.870  0.1010E+01  0.1408E+02
 11.871  0.1010E+01  0.1408E+02
 11.872  0.1010E+01  0.1408E+02
 11.873  0.1009E+01  0.1408E+02
 11.874  0.1009E+01  0.1408E+02
 11.875  0.1009E+01  0.1408E+02
 11.876  0.1008E+01  0.1409E+02
 11.877  0.1008E+01  0.1409E+02
 11.878  0.1008E+01  0.1409E+02
 11.879  0.1007E+01  0.1409E+02
 11.880  0.1007E+01  0.1409E+02
 11.881  0.1007E+01  0.1409E+02
 11.882  0.1006E+01  0.1409E+02
 11.883  0.1006E+01  0.1409E+02
 11.884  0.1006E+01  0.1409E+02
 11.885  0.1005E+01  0.1410E+02
 11.886  0.1005E+01  0.1410E+02
 11.887  0.1005E+01  0.1410E+02
 11.888  0.1005E+01  0.1410E+02
 11.889  0.1004E+01  0.1410E+02
 11.890  0.1004E+01  0.1410E+02
 11.891  0.1004E+01  0.1410E+02
 11.892  0.1003E+01  0.1410E+02
 11.893  0.1003E+01  0.1410E+02
 11.894  0.1003E+01  0.1410E+02
 11.895  0.1002E+01  0.1411E+02
 11.896  0.1002E+01  0.1411E+02
 11.897  0.1002E+01  0.1411E+02
 11.898  0.1002E+01  0.1411E+02
 11.899  0.1001E+01  0.1411E+02
 11.900  0.1001E+01  0.1411E+02
 11.901  0.1001E+01  0.1411E+02
 11.902  0.1000E+01  0.1411E+02
 11.903  0.1000E+01  0.1411E+02
 11.904  0.9999E+00  0.1411E+02
 11.905  0.9997E+00  0.1412E+02
 11.906  0.9994E+00  0.1412E+02
 11.907  0.9992E+00  0.1412E+02
 11.908  0.9989E+00  0.1412E+02
 11.909  0.9988E+00  0.1412E+02
 11.910  0.9990E+00  0.1412E+02
 11.911  0.9991E+00  0.1412E+02
 11.912  0.9992E+00  0.1412E+02
 11.913  0.9993E+00  0.1412E+02
 11.914  0.9994E+00  0.1412E+02
 11.915  0.9995E+00  0.1413E+02
 11.916  0.9995E+00  0.1413E+02
 11.917  0.9996E+00  0.1413E+02
 11.918  0.9996E+00  0.1413E+02
 11.919  0.9996E+00  0.1413E+02
 11.920  0.9996E+00  0.1413E+02
 11.921  0.9996E+00  0.1413E+02
 11.922  0.9995E+00  0.1413E+02
 11.923  0.9995E+00  0.1413E+02
 11.924  0.9995E+00  0.1413E+02
 11.925  0.9995E+00  0.1414E+02
 11.926  0.9995E+00  0.1414E+02
 11.927  0.9995E+00  0.1414E+02
 11.928  0.9995E+00  0.1414E+02
 11.929  0.9994E+00  0.1414E+02
 11.930  0.9994E+00  0.1414E+02
 11.931  0.9993E+00  0.1414E+02
 11.932  0.9993E+00  0.1414E+02
 11.933  0.9992E+00  0.1414E+02
 11.934  0.9991E+00  0.1414E+02
 11.935  0.9989E+00  0.1415E+02
 11.936  0.9988E+00  0.1415E+02
 11.937  0.9987E+00  0.1415E+02
 11.938  0.9985E+00  0.1415E+02
 11.939  0.9984E+00  0.1415E+02
 11.940  0.9983E+00  0.1415E+02
 11.941  0.9983E+00  0.1415E+02
 11.942  0.9983E+00  0.1415E+02
 11.943  0.9983E+00  0.1415E+02
 11.944  0.9983E+00  0.1415E+02
 11.945  0.9982E+00  0.1416E+02
 11.946  0.9982E+00  0.1416E+02
 11.947  0.9982E+00  0.1416E+02
 11.948  0.9982E+00  0.1416E+02
 11.949  0.9981E+00  0.1416E+02
 11.950  0.9981E+00  0.1416E+02
 11.951  0.9980E+00  0.1416E+02
 11.952  0.9979E+00  0.1416E+02
 11.953  0.9977E+00  0.1416E+02
 11.954  0.9975E+00  0.1416E+02
 11.955  0.9972E+00  0.1416E+02
 11.956  0.9970E+00  0.1417E+02
 11.957  0.9968E+00  0.1417E+02
 11.958  0.9967E+00  0.1417E+02
 11.959  0.9965E+00  0.1417E+02
 11.960  0.9964E+00  0.1417E+02
 11.961  0.9961E+00  0.1417E+02
 11.962  0.9959E+00  0.1417E+02
 11.963  0.9956E+00  0.1417E+02
 11.964  0.9952E+00  0.1417E+02
 11.965  0.9949E+00  0.1417E+02
 11.966  0.9950E+00  0.1418E+02
 11.967  0.9948E+00  0.1418E+02
 11.968  0.9945E+00  0.1418E+02
 11.969  0.9942E+00  0.1418E+02
 11.970  0.9939E+00  0.1418E+02
 11.971  0.9935E+00  0.1418E+02
 11.972  0.9932E+00  0.1418E+02
 11.973  0.9929E+00  0.1418E+02
 11.974  0.9926E+00  0.1418E+02
 11.975  0.9922E+00  0.1418E+02
 11.976  0.9919E+00  0.1419E+02
 11.977  0.9916E+00  0.1419E+02
 11.978  0.9912E+00  0.1419E+02
 11.979  0.9909E+00  0.1419E+02
 11.980  0.9905E+00  0.1419E+02
 11.981  0.9902E+00  0.1419E+02
 11.982  0.9899E+00  0.1419E+02
 11.983  0.9896E+00  0.1419E+02
 11.984  0.9894E+00  0.1419E+02
 11.985  0.9892E+00  0.1419E+02
 11.986  0.9890E+00  0.1420E+02
 11.987  0.9888E+00  0.1420E+02
 11.988  0.9886E+00  0.1420E+02
 11.989  0.9885E+00  0.1420E+02
 11.990  0.9884E+00  0.1420E+02
 11.991  0.9883E+00  0.1420E+02
 11.992  0.9882E+00  0.1420E+02
 11.993  0.9882E+00  0.1420E+02
 11.994  0.9882E+00  0.1420E+02
 11.995  0.9881E+00  0.1420E+02
 11.996  0.9880E+00  0.1421E+02
 11.997  0.9879E+00  0.1421E+02
 11.998  0.9878E+00  0.1421E+02
 11.999  0.9877E+00  0.1421E+02
 12.000  0.9875E+00  0.1421E+02
 12.001  0.9873E+00  0.1421E+02
 12.002  0.9870E+00  0.1421E+02
 12.003  0.9868E+00  0.1421E+02
 12.004  0.9865E+00  0.1421E+02
 12.005  0.9861E+00  0.1421E+02
 12.006  0.9857E+00  0.1422E+02
 12.007  0.9852E+00  0.1422E+02
 12.008  0.9847E+00  0.1422E+02
 12.009  0.9842E+00  0.1422E+02
 12.010  0.9835E+00  0.1422E+02
 12.011  0.9826E+00  0.1422E+02
 12.012  0.9816E+00  0.1422E+02
 12.013  0.9804E+00  0.1422E+02
 12.014  0.9791E+00  0.1422E+02
 12.015  0.9776E+00  0.1422E+02
 12.016  0.9760E+00  0.1423E+02
 12.017  0.9742E+00  0.1423E+02
 12.018  0.9723E+00  0.1423E+02
 12.019  0.9702E+00  0.1423E+02
 12.020  0.9679E+00  0.1423E+02
 12.021  0.9655E+00  0.1423E+02
 12.022  0.9628E+00  0.1423E+02
 12.023  0.9599E+00  0.1423E+02
 12.024  0.9569E+00  0.1423E+02
 12.025  0.9538E+00  0.1423E+02
 12.026  0.9505E+00  0.1423E+02
 12.027  0.9483E+00  0.1424E+02
 12.028  0.9466E+00  0.1424E+02
 12.029  0.9450E+00  0.1424E+02
 12.030  0.9433E+00  0.1424E+02
 12.031  0.9417E+00  0.1424E+02
 12.032  0.9403E+00  0.1424E+02
 12.033  0.9388E+00  0.1424E+02
 12.034  0.9374E+00  0.1424E+02
 12.035  0.9360E+00  0.1424E+02
 12.036  0.9347E+00  0.1424E+02
 12.037  0.9334E+00  0.1425E+02
 12.038  0.9320E+00  0.1425E+02
 12.039  0.9307E+00  0.1425E+02
 12.040  0.9295E+00  0.1425E+02
 12.041  0.9282E+00  0.1425E+02
 12.042  0.9270E+00  0.1425E+02
 12.043  0.9258E+00  0.1425E+02
 12.044  0.9246E+00  0.1425E+02
 12.045  0.9234E+00  0.1425E+02
 12.046  0.9223E+00  0.1425E+02
 12.047  0.9211E+00  0.1425E+02
 12.048  0.9200E+00  0.1426E+02
 12.049  0.9188E+00  0.1426E+02
 12.050  0.9177E+00  0.1426E+02
 12.051  0.9165E+00  0.1426E+02
 12.052  0.9153E+00  0.1426E+02
 12.053  0.9141E+00  0.1426E+02
 12.054  0.9129E+00  0.1426E+02
 12.055  0.9117E+00  0.1426E+02
 12.056  0.9104E+00  0.1426E+02
 12.057  0.9092E+00  0.1426E+02
 12.058  0.9079E+00  0.1426E+02
 12.059  0.9066E+00  0.1427E+02
 12.060  0.9055E+00  0.1427E+02
 12.061  0.9044E+00  0.1427E+02
 12.062  0.9033E+00  0.1427E+02
 12.063  0.9022E+00  0.1427E+02
 12.064  0.9010E+00  0.1427E+02
 12.065  0.8999E+00  0.1427E+02
 12.066  0.8987E+00  0.1427E+02
 12.067  0.8976E+00  0.1427E+02
 12.068  0.8965E+00  0.1427E+02
 12.069  0.8954E+00  0.1427E+02
 12.070  0.8944E+00  0.1428E+02
 12.071  0.8933E+00  0.1428E+02
 12.072  0.8922E+00  0.1428E+02
 12.073  0.8912E+00  0.1428E+02
 12.074  0.8902E+00  0.1428E+02
 12.075  0.8892E+00  0.1428E+02
 12.076  0.8882E+00  0.1428E+02
 12.077  0.8872E+00  0.1428E+02
 12.078  0.8862E+00  0.1428E+02
 12.079  0.8853E+00  0.1428E+02
 12.080  0.8844E+00  0.1428E+02
 12.081  0.8835E+00  0.1429E+02
 12.082  0.8826E+00  0.1429E+02
 12.083  0.8818E+00  0.1429E+02
 12.084  0.8809E+00  0.1429E+02
 12.085  0.8801E+00  0.1429E+02
 12.086  0.8794E+00  0.1429E+02
 12.087  0.8786E+00  0.1429E+02
 12.088  0.8779E+00  0.1429E+02
 12.089  0.8772E+00  0.1429E+02
 12.090  0.8765E+00  0.1429E+02
 12.091  0.8758E+00  0.1429E+02
 12.092  0.8752E+00  0.1429E+02
 12.093  0.8746E+00  0.1430E+02
 12.094  0.8740E+00  0.1430E+02
 12.095  0.8734E+00  0.1430E+02
 12.096  0.8729E+00  0.1430E+02
 12.097  0.8724E+00  0.1430E+02
 12.098  0.8719E+00  0.1430E+02
 12.099  0.8714E+00  0.1430E+02
 12.100  0.8709E+00  0.1430E+02
 12.101  0.8705E+00  0.1430E+02
 12.102  0.8700E+00  0.1430E+02
 12.103  0.8696E+00  0.1430E+02
 12.104  0.8691E+00  0.1431E+02
 12.105  0.8687E+00  0.1431E+02
 12.106  0.8684E+00  0.1431E+02
 12.107  0.8681E+00  0.1431E+02
 12.108  0.8678E+00  0.1431E+02
 12.109  0.8675E+00  0.1431E+02
 12.110  0.8672E+00  0.1431E+02
 12.111  0.8670E+00  0.1431E+02
 12.112  0.8667E+00  0.1431E+02
 12.113  0.8664E+00  0.1431E+02
 12.114  0.8662E+00  0.1431E+02
 12.115  0.8659E+00  0.1431E+02
 12.116  0.8657E+00  0.1432E+02
 12.117  0.8654E+00  0.1432E+02
 12.118  0.8652E+00  0.1432E+02
 12.119  0.8649E+00  0.1432E+02
 12.120  0.8647E+00  0.1432E+02
 12.121  0.8645E+00  0.1432E+02
 12.122  0.8643E+00  0.1432E+02
 12.123  0.8640E+00  0.1432E+02
 12.124  0.8638E+00  0.1432E+02
 12.125  0.8636E+00  0.1432E+02
 12.126  0.8634E+00  0.1432E+02
 12.127  0.8632E+00  0.1433E+02
 12.128  0.8630E+00  0.1433E+02
 12.129  0.8628E+00  0.1433E+02
 12.130  0.8626E+00  0.1433E+02
 12.131  0.8624E+00  0.1433E+02
 12.132  0.8622E+00  0.1433E+02
 12.133  0.8621E+00  0.1433E+02
 12.134  0.8619E+00  0.1433E+02
 12.135  0.8617E+00  0.1433E+02
 12.136  0.8615E+00  0.1433E+02
 12.137  0.8613E+00  0.1433E+02
 12.138  0.8612E+00  0.1433E+02
 12.139  0.8610E+00  0.1434E+02
 12.140  0.8609E+00  0.1434E+02
 12.141  0.8607E+00  0.1434E+02
 12.142  0.8606E+00  0.1434E+02
 12.143  0.8605E+00  0.1434E+02
 12.144  0.8604E+00  0.1434E+02
 12.145  0.8603E+00  0.1434E+02
 12.146  0.8603E+00  0.1434E+02
 12.147  0.8603E+00  0.1434E+02
 12.148  0.8602E+00  0.1434E+02
 12.149  0.8602E+00  0.1434E+02
 12.150  0.8602E+00  0.1435E+02
 12.151  0.8602E+00  0.1435E+02
 12.152  0.8602E+00  0.1435E+02
 12.153  0.8602E+00  0.1435E+02
 12.154  0.8601E+00  0.1435E+02
 12.155  0.8601E+00  0.1435E+02
 12.156  0.8601E+00  0.1435E+02
 12.157  0.8602E+00  0.1435E+02
 12.158  0.8603E+00  0.1435E+02
 12.159  0.8603E+00  0.1435E+02
 12.160  0.8604E+00  0.1435E+02
 12.161  0.8605E+00  0.1435E+02
 12.162  0.8605E+00  0.1436E+02
 12.163  0.8606E+00  0.1436E+02
 12.164  0.8606E+00  0.1436E+02
 12.165  0.8601E+00  0.1436E+02
 12.166  0.8596E+00  0.1436E+02
 12.167  0.8592E+00  0.1436E+02
 12.168  0.8587E+00  0.1436E+02
 12.169  0.8583E+00  0.1436E+02
 12.170  0.8578E+00  0.1436E+02
 12.171  0.8574E+00  0.1436E+02
 12.172  0.8570E+00  0.1436E+02
 12.173  0.8566E+00  0.1436E+02
 12.174  0.8562E+00  0.1437E+02
 12.175  0.8559E+00  0.1437E+02
 12.176  0.8552E+00  0.1437E+02
 12.177  0.8546E+00  0.1437E+02
 12.178  0.8541E+00  0.1437E+02
 12.179  0.8536E+00  0.1437E+02
 12.180  0.8532E+00  0.1437E+02
 12.181  0.8528E+00  0.1437E+02
 12.182  0.8525E+00  0.1437E+02
 12.183  0.8523E+00  0.1437E+02
 12.184  0.8521E+00  0.1437E+02
 12.185  0.8519E+00  0.1438E+02
 12.186  0.8517E+00  0.1438E+02
 12.187  0.8516E+00  0.1438E+02
 12.188  0.8514E+00  0.1438E+02
 12.189  0.8512E+00  0.1438E+02
 12.190  0.8510E+00  0.1438E+02
 12.191  0.8508E+00  0.1438E+02
 12.192  0.8507E+00  0.1438E+02
 12.193  0.8505E+00  0.1438E+02
 12.194  0.8503E+00  0.1438E+02
 12.195  0.8502E+00  0.1438E+02
 12.196  0.8500E+00  0.1438E+02
 12.197  0.8498E+00  0.1439E+02
 12.198  0.8497E+00  0.1439E+02
 12.199  0.8495E+00  0.1439E+02
 12.200  0.8493E+00  0.1439E+02
 12.201  0.8491E+00  0.1439E+02
 12.202  0.8489E+00  0.1439E+02
 12.203  0.8488E+00  0.1439E+02
 12.204  0.8486E+00  0.1439E+02
 12.205  0.8484E+00  0.1439E+02
 12.206  0.8483E+00  0.1439E+02
 12.207  0.8481E+00  0.1439E+02
 12.208  0.8480E+00  0.1439E+02
 12.209  0.8478E+00  0.1440E+02
 12.210  0.8477E+00  0.1440E+02
 12.211  0.8476E+00  0.1440E+02
 12.212  0.8475E+00  0.1440E+02
 12.213  0.8474E+00  0.1440E+02
 12.214  0.8473E+00  0.1440E+02
 12.215  0.8472E+00  0.1440E+02
 12.216  0.8471E+00  0.1440E+02
 12.217  0.8470E+00  0.1440E+02
 12.218  0.8470E+00  0.1440E+02
 12.219  0.8469E+00  0.1440E+02
 12.220  0.8468E+00  0.1440E+02
 12.221  0.8468E+00  0.1441E+02
 12.222  0.8467E+00  0.1441E+02
 12.223  0.8467E+00  0.1441E+02
 12.224  0.8466E+00  0.1441E+02
 12.225  0.8466E+00  0.1441E+02
 12.226  0.8466E+00  0.1441E+02
 12.227  0.8466E+00  0.1441E+02
 12.228  0.8466E+00  0.1441E+02
 12.229  0.8466E+00  0.1441E+02
 12.230  0.8466E+00  0.1441E+02
 12.231  0.8466E+00  0.1441E+02
 12.232  0.8466E+00  0.1441E+02
 12.233  0.8466E+00  0.1442E+02
 12.234  0.8467E+00  0.1442E+02
 12.235  0.8467E+00  0.1442E+02
 12.236  0.8468E+00  0.1442E+02
 12.237  0.8469E+00  0.1442E+02
 12.238  0.8470E+00  0.1442E+02
 12.239  0.8470E+00  0.1442E+02
 12.240  0.8471E+00  0.1442E+02
 12.241  0.8472E+00  0.1442E+02
 12.242  0.8474E+00  0.1442E+02
 12.243  0.8475E+00  0.1442E+02
 12.244  0.8476E+00  0.1443E+02
 12.245  0.8477E+00  0.1443E+02
 12.246  0.8479E+00  0.1443E+02
 12.247  0.8480E+00  0.1443E+02
 12.248  0.8482E+00  0.1443E+02
 12.249  0.8484E+00  0.1443E+02
 12.250  0.8486E+00  0.1443E+02
 12.251  0.8488E+00  0.1443E+02
 12.252  0.8490E+00  0.1443E+02
 12.253  0.8492E+00  0.1443E+02
 12.254  0.8494E+00  0.1443E+02
 12.255  0.8496E+00  0.1443E+02
 12.256  0.8498E+00  0.1444E+02
 12.257  0.8501E+00  0.1444E+02
 12.258  0.8504E+00  0.1444E+02
 12.259  0.8506E+00  0.1444E+02
 12.260  0.8509E+00  0.1444E+02
 12.261  0.8513E+00  0.1444E+02
 12.262  0.8516E+00  0.1444E+02
 12.263  0.8519E+00  0.1444E+02
 12.264  0.8523E+00  0.1444E+02
 12.265  0.8526E+00  0.1444E+02
 12.266  0.8530E+00  0.1444E+02
 12.267  0.8534E+00  0.1444E+02
 12.268  0.8535E+00  0.1445E+02
 12.269  0.8536E+00  0.1445E+02
 12.270  0.8538E+00  0.1445E+02
 12.271  0.8542E+00  0.1445E+02
 12.272  0.8547E+00  0.1445E+02
 12.273  0.8553E+00  0.1445E+02
 12.274  0.8559E+00  0.1445E+02
 12.275  0.8565E+00  0.1445E+02
 12.276  0.8571E+00  0.1445E+02
 12.277  0.8578E+00  0.1445E+02
 12.278  0.8585E+00  0.1445E+02
 12.279  0.8592E+00  0.1445E+02
 12.280  0.8599E+00  0.1446E+02
 12.281  0.8606E+00  0.1446E+02
 12.282  0.8612E+00  0.1446E+02
 12.283  0.8619E+00  0.1446E+02
 12.284  0.8626E+00  0.1446E+02
 12.285  0.8633E+00  0.1446E+02
 12.286  0.8640E+00  0.1446E+02
 12.287  0.8647E+00  0.1446E+02
 12.288  0.8654E+00  0.1446E+02
 12.289  0.8661E+00  0.1446E+02
 12.290  0.8669E+00  0.1446E+02
 12.291  0.8676E+00  0.1447E+02
 12.292  0.8683E+00  0.1447E+02
 12.293  0.8690E+00  0.1447E+02
 12.294  0.8697E+00  0.1447E+02
 12.295  0.8705E+00  0.1447E+02
 12.296  0.8712E+00  0.1447E+02
 12.297  0.8719E+00  0.1447E+02
 12.298  0.8726E+00  0.1447E+02
 12.299  0.8734E+00  0.1447E+02
 12.300  0.8741E+00  0.1447E+02
 12.301  0.8748E+00  0.1447E+02
 12.302  0.8756E+00  0.1447E+02
 12.303  0.8763E+00  0.1448E+02
 12.304  0.8770E+00  0.1448E+02
 12.305  0.8778E+00  0.1448E+02
 12.306  0.8785E+00  0.1448E+02
 12.307  0.8793E+00  0.1448E+02
 12.308  0.8800E+00  0.1448E+02
 12.309  0.8808E+00  0.1448E+02
 12.310  0.8815E+00  0.1448E+02
 12.311  0.8823E+00  0.1448E+02
 12.312  0.8830E+00  0.1448E+02
 12.313  0.8838E+00  0.1448E+02
 12.314  0.8846E+00  0.1449E+02
 12.315  0.8854E+00  0.1449E+02
 12.316  0.8862E+00  0.1449E+02
 12.317  0.8870E+00  0.1449E+02
 12.318  0.8878E+00  0.1449E+02
 12.319  0.8886E+00  0.1449E+02
 12.320  0.8894E+00  0.1449E+02
 12.321  0.8902E+00  0.1449E+02
 12.322  0.8911E+00  0.1449E+02
 12.323  0.8920E+00  0.1449E+02
 12.324  0.8929E+00  0.1449E+02
 12.325  0.8939E+00  0.1450E+02
 12.326  0.8949E+00  0.1450E+02
 12.327  0.8959E+00  0.1450E+02
 12.328  0.8970E+00  0.1450E+02
 12.329  0.8980E+00  0.1450E+02
 12.330  0.8991E+00  0.1450E+02
 12.331  0.9002E+00  0.1450E+02
 12.332  0.9013E+00  0.1450E+02
 12.333  0.9025E+00  0.1450E+02
 12.334  0.9036E+00  0.1450E+02
 12.335  0.9048E+00  0.1450E+02
 12.336  0.9060E+00  0.1451E+02
 12.337  0.9072E+00  0.1451E+02
 12.338  0.9085E+00  0.1451E+02
 12.339  0.9096E+00  0.1451E+02
 12.340  0.9107E+00  0.1451E+02
 12.341  0.9118E+00  0.1451E+02
 12.342  0.9129E+00  0.1451E+02
 12.343  0.9140E+00  0.1451E+02
 12.344  0.9152E+00  0.1451E+02
 12.345  0.9163E+00  0.1451E+02
 12.346  0.9175E+00  0.1451E+02
 12.347  0.9187E+00  0.1452E+02
 12.348  0.9198E+00  0.1452E+02
 12.349  0.9210E+00  0.1452E+02
 12.350  0.9222E+00  0.1452E+02
 12.351  0.9235E+00  0.1452E+02
 12.352  0.9247E+00  0.1452E+02
 12.353  0.9259E+00  0.1452E+02
 12.354  0.9272E+00  0.1452E+02
 12.355  0.9284E+00  0.1452E+02
 12.356  0.9297E+00  0.1452E+02
 12.357  0.9310E+00  0.1452E+02
 12.358  0.9323E+00  0.1453E+02
 12.359  0.9336E+00  0.1453E+02
 12.360  0.9349E+00  0.1453E+02
 12.361  0.9362E+00  0.1453E+02
 12.362  0.9376E+00  0.1453E+02
 12.363  0.9389E+00  0.1453E+02
 12.364  0.9403E+00  0.1453E+02
 12.365  0.9416E+00  0.1453E+02
 12.366  0.9430E+00  0.1453E+02
 12.367  0.9444E+00  0.1453E+02
 12.368  0.9458E+00  0.1453E+02
 12.369  0.9472E+00  0.1454E+02
 12.370  0.9486E+00  0.1454E+02
 12.371  0.9500E+00  0.1454E+02
 12.372  0.9515E+00  0.1454E+02
 12.373  0.9529E+00  0.1454E+02
 12.374  0.9542E+00  0.1454E+02
 12.375  0.9556E+00  0.1454E+02
 12.376  0.9570E+00  0.1454E+02
 12.377  0.9583E+00  0.1454E+02
 12.378  0.9596E+00  0.1454E+02
 12.379  0.9610E+00  0.1455E+02
 12.380  0.9623E+00  0.1455E+02
 12.381  0.9636E+00  0.1455E+02
 12.382  0.9648E+00  0.1455E+02
 12.383  0.9661E+00  0.1455E+02
 12.384  0.9673E+00  0.1455E+02
 12.385  0.9686E+00  0.1455E+02
 12.386  0.9697E+00  0.1455E+02
 12.387  0.9709E+00  0.1455E+02
 12.388  0.9720E+00  0.1455E+02
 12.389  0.9731E+00  0.1455E+02
 12.390  0.9742E+00  0.1456E+02
 12.391  0.9753E+00  0.1456E+02
 12.392  0.9763E+00  0.1456E+02
 12.393  0.9773E+00  0.1456E+02
 12.394  0.9784E+00  0.1456E+02
 12.395  0.9795E+00  0.1456E+02
 12.396  0.9805E+00  0.1456E+02
 12.397  0.9816E+00  0.1456E+02
 12.398  0.9826E+00  0.1456E+02
 12.399  0.9836E+00  0.1456E+02
 12.400  0.9846E+00  0.1457E+02
 12.401  0.9856E+00  0.1457E+02
 12.402  0.9866E+00  0.1457E+02
 12.403  0.9875E+00  0.1457E+02
 12.404  0.9885E+00  0.1457E+02
 12.405  0.9895E+00  0.1457E+02
 12.406  0.9904E+00  0.1457E+02
 12.407  0.9914E+00  0.1457E+02
 12.408  0.9923E+00  0.1457E+02
 12.409  0.9933E+00  0.1457E+02
 12.410  0.9942E+00  0.1458E+02
 12.411  0.9952E+00  0.1458E+02
 12.412  0.9961E+00  0.1458E+02
 12.413  0.9970E+00  0.1458E+02
 12.414  0.9979E+00  0.1458E+02
 12.415  0.9988E+00  0.1458E+02
 12.416  0.9997E+00  0.1458E+02
 12.417  0.1001E+01  0.1458E+02
 12.418  0.1001E+01  0.1458E+02
 12.419  0.1002E+01  0.1458E+02
 12.420  0.1003E+01  0.1459E+02
 12.421  0.1004E+01  0.1459E+02
 12.422  0.1005E+01  0.1459E+02
 12.423  0.1006E+01  0.1459E+02
 12.424  0.1007E+01  0.1459E+02
 12.425  0.1007E+01  0.1459E+02
 12.426  0.1008E+01  0.1459E+02
 12.427  0.1009E+01  0.1459E+02
 12.428  0.1010E+01  0.1459E+02
 12.429  0.1011E+01  0.1459E+02
 12.430  0.1013E+01  0.1460E+02
 12.431  0.1014E+01  0.1460E+02
 12.432  0.1016E+01  0.1460E+02
 12.433  0.1017E+01  0.1460E+02
 12.434  0.1018E+01  0.1460E+02
 12.435  0.1020E+01  0.1460E+02
 12.436  0.1021E+01  0.1460E+02
 12.437  0.1022E+01  0.1460E+02
 12.438  0.1024E+01  0.1460E+02
 12.439  0.1025E+01  0.1460E+02
 12.440  0.1027E+01  0.1461E+02
 12.441  0.1028E+01  0.1461E+02
 12.442  0.1029E+01  0.1461E+02
 12.443  0.1031E+01  0.1461E+02
 12.444  0.1032E+01  0.1461E+02
 12.445  0.1033E+01  0.1461E+02
 12.446  0.1035E+01  0.1461E+02
 12.447  0.1036E+01  0.1461E+02
 12.448  0.1037E+01  0.1461E+02
 12.449  0.1038E+01  0.1462E+02
 12.450  0.1039E+01  0.1462E+02
 12.451  0.1041E+01  0.1462E+02
 12.452  0.1042E+01  0.1462E+02
 12.453  0.1043E+01  0.1462E+02
 12.454  0.1044E+01  0.1462E+02
 12.455  0.1045E+01  0.1462E+02
 12.456  0.1046E+01  0.1462E+02
 12.457  0.1047E+01  0.1462E+02
 12.458  0.1048E+01  0.1462E+02
 12.459  0.1049E+01  0.1463E+02
 12.460  0.1050E+01  0.1463E+02
 12.461  0.1051E+01  0.1463E+02
 12.462  0.1051E+01  0.1463E+02
 12.463  0.1052E+01  0.1463E+02
 12.464  0.1053E+01  0.1463E+02
 12.465  0.1054E+01  0.1463E+02
 12.466  0.1055E+01  0.1463E+02
 12.467  0.1056E+01  0.1463E+02
 12.468  0.1057E+01  0.1464E+02
 12.469  0.1057E+01  0.1464E+02
 12.470  0.1058E+01  0.1464E+02
 12.471  0.1059E+01  0.1464E+02
 12.472  0.1060E+01  0.1464E+02
 12.473  0.1061E+01  0.1464E+02
 12.474  0.1061E+01  0.1464E+02
 12.475  0.1060E+01  0.1464E+02
 12.476  0.1053E+01  0.1464E+02
 12.477  0.1053E+01  0.1464E+02
 12.478  0.1054E+01  0.1465E+02
 12.479  0.1054E+01  0.1465E+02
 12.480  0.1055E+01  0.1465E+02
 12.481  0.1055E+01  0.1465E+02
 12.482  0.1056E+01  0.1465E+02
 12.483  0.1057E+01  0.1465E+02
 12.484  0.1058E+01  0.1465E+02
 12.485  0.1058E+01  0.1465E+02
 12.486  0.1059E+01  0.1465E+02
 12.487  0.1060E+01  0.1466E+02
 12.488  0.1061E+01  0.1466E+02
 12.489  0.1061E+01  0.1466E+02
 12.490  0.1062E+01  0.1466E+02
 12.491  0.1062E+01  0.1466E+02
 12.492  0.1063E+01  0.1466E+02
 12.493  0.1064E+01  0.1466E+02
 12.494  0.1064E+01  0.1466E+02
 12.495  0.1065E+01  0.1466E+02
 12.496  0.1066E+01  0.1466E+02
 12.497  0.1066E+01  0.1467E+02
 12.498  0.1067E+01  0.1467E+02
 12.499  0.1068E+01  0.1467E+02
 12.500  0.1068E+01  0.1467E+02
 12.501  0.1069E+01  0.1467E+02
 12.502  0.1070E+01  0.1467E+02
 12.503  0.1070E+01  0.1467E+02
 12.504  0.1071E+01  0.1467E+02
 12.505  0.1072E+01  0.1467E+02
 12.506  0.1073E+01  0.1468E+02
 12.507  0.1073E+01  0.1468E+02
 12.508  0.1074E+01  0.1468E+02
 12.509  0.1075E+01  0.1468E+02
 12.510  0.1076E+01  0.1468E+02
 12.511  0.1076E+01  0.1468E+02
 12.512  0.1077E+01  0.1468E+02
 12.513  0.1078E+01  0.1468E+02
 12.514  0.1079E+01  0.1468E+02
 12.515  0.1080E+01  0.1469E+02
 12.516  0.1081E+01  0.1469E+02
 12.517  0.1081E+01  0.1469E+02
 12.518  0.1082E+01  0.1469E+02
 12.519  0.1083E+01  0.1469E+02
 12.520  0.1084E+01  0.1469E+02
 12.521  0.1085E+01  0.1469E+02
 12.522  0.1086E+01  0.1469E+02
 12.523  0.1087E+01  0.1469E+02
 12.524  0.1088E+01  0.1469E+02
 12.525  0.1089E+01  0.1470E+02
 12.526  0.1090E+01  0.1470E+02
 12.527  0.1090E+01  0.1470E+02
 12.528  0.1091E+01  0.1470E+02
 12.529  0.1092E+01  0.1470E+02
 12.530  0.1093E+01  0.1470E+02
 12.531  0.1094E+01  0.1470E+02
 12.532  0.1095E+01  0.1470E+02
 12.533  0.1096E+01  0.1470E+02
 12.534  0.1097E+01  0.1471E+02
 12.535  0.1099E+01  0.1471E+02
 12.536  0.1100E+01  0.1471E+02
 12.537  0.1101E+01  0.1471E+02
 12.538  0.1102E+01  0.1471E+02
 12.539  0.1103E+01  0.1471E+02
 12.540  0.1104E+01  0.1471E+02
 12.541  0.1106E+01  0.1471E+02
 12.542  0.1107E+01  0.1471E+02
 12.543  0.1108E+01  0.1472E+02
 12.544  0.1109E+01  0.1472E+02
 12.545  0.1111E+01  0.1472E+02
 12.546  0.1112E+01  0.1472E+02
 12.547  0.1113E+01  0.1472E+02
 12.548  0.1114E+01  0.1472E+02
 12.549  0.1116E+01  0.1472E+02
 12.550  0.1117E+01  0.1472E+02
 12.551  0.1118E+01  0.1472E+02
 12.552  0.1120E+01  0.1473E+02
 12.553  0.1121E+01  0.1473E+02
 12.554  0.1122E+01  0.1473E+02
 12.555  0.1124E+01  0.1473E+02
 12.556  0.1125E+01  0.1473E+02
 12.557  0.1126E+01  0.1473E+02
 12.558  0.1127E+01  0.1473E+02
 12.559  0.1129E+01  0.1473E+02
 12.560  0.1130E+01  0.1473E+02
 12.561  0.1131E+01  0.1474E+02
 12.562  0.1132E+01  0.1474E+02
 12.563  0.1134E+01  0.1474E+02
 12.564  0.1135E+01  0.1474E+02
 12.565  0.1136E+01  0.1474E+02
 12.566  0.1137E+01  0.1474E+02
 12.567  0.1138E+01  0.1474E+02
 12.568  0.1139E+01  0.1474E+02
 12.569  0.1141E+01  0.1475E+02
 12.570  0.1142E+01  0.1475E+02
 12.571  0.1143E+01  0.1475E+02
 12.572  0.1144E+01  0.1475E+02
 12.573  0.1145E+01  0.1475E+02
 12.574  0.1146E+01  0.1475E+02
 12.575  0.1147E+01  0.1475E+02
 12.576  0.1148E+01  0.1475E+02
 12.577  0.1149E+01  0.1475E+02
 12.578  0.1150E+01  0.1476E+02
 12.579  0.1151E+01  0.1476E+02
 12.580  0.1152E+01  0.1476E+02
 12.581  0.1154E+01  0.1476E+02
 12.582  0.1155E+01  0.1476E+02
 12.583  0.1157E+01  0.1476E+02
 12.584  0.1158E+01  0.1476E+02
 12.585  0.1158E+01  0.1476E+02
 12.586  0.1159E+01  0.1476E+02
 12.587  0.1160E+01  0.1477E+02
 12.588  0.1161E+01  0.1477E+02
 12.589  0.1162E+01  0.1477E+02
 12.590  0.1163E+01  0.1477E+02
 12.591  0.1164E+01  0.1477E+02
 12.592  0.1165E+01  0.1477E+02
 12.593  0.1165E+01  0.1477E+02
 12.594  0.1166E+01  0.1477E+02
 12.595  0.1166E+01  0.1478E+02
 12.596  0.1167E+01  0.1478E+02
 12.597  0.1167E+01  0.1478E+02
 12.598  0.1167E+01  0.1478E+02
 12.599  0.1168E+01  0.1478E+02
 12.600  0.1168E+01  0.1478E+02
 12.601  0.1168E+01  0.1478E+02
 12.602  0.1168E+01  0.1478E+02
 12.603  0.1168E+01  0.1478E+02
 12.604  0.1167E+01  0.1479E+02
 12.605  0.1167E+01  0.1479E+02
 12.606  0.1167E+01  0.1479E+02
 12.607  0.1166E+01  0.1479E+02
 12.608  0.1166E+01  0.1479E+02
 12.609  0.1166E+01  0.1479E+02
 12.610  0.1165E+01  0.1479E+02
 12.611  0.1165E+01  0.1479E+02
 12.612  0.1165E+01  0.1479E+02
 12.613  0.1165E+01  0.1480E+02
 12.614  0.1164E+01  0.1480E+02
 12.615  0.1164E+01  0.1480E+02
 12.616  0.1164E+01  0.1480E+02
 12.617  0.1164E+01  0.1480E+02
 12.618  0.1164E+01  0.1480E+02
 12.619  0.1163E+01  0.1480E+02
 12.620  0.1163E+01  0.1480E+02
 12.621  0.1164E+01  0.1481E+02
 12.622  0.1164E+01  0.1481E+02
 12.623  0.1164E+01  0.1481E+02
 12.624  0.1164E+01  0.1481E+02
 12.625  0.1164E+01  0.1481E+02
 12.626  0.1164E+01  0.1481E+02
 12.627  0.1164E+01  0.1481E+02
 12.628  0.1164E+01  0.1481E+02
 12.629  0.1164E+01  0.1481E+02
 12.630  0.1164E+01  0.1482E+02
 12.631  0.1164E+01  0.1482E+02
 12.632  0.1164E+01  0.1482E+02
 12.633  0.1163E+01  0.1482E+02
 12.634  0.1163E+01  0.1482E+02
 12.635  0.1163E+01  0.1482E+02
 12.636  0.1163E+01  0.1482E+02
 12.637  0.1163E+01  0.1482E+02
 12.638  0.1162E+01  0.1483E+02
 12.639  0.1162E+01  0.1483E+02
 12.640  0.1162E+01  0.1483E+02
 12.641  0.1162E+01  0.1483E+02
 12.642  0.1161E+01  0.1483E+02
 12.643  0.1161E+01  0.1483E+02
 12.644  0.1160E+01  0.1483E+02
 12.645  0.1160E+01  0.1483E+02
 12.646  0.1160E+01  0.1483E+02
 12.647  0.1159E+01  0.1484E+02
 12.648  0.1159E+01  0.1484E+02
 12.649  0.1158E+01  0.1484E+02
 12.650  0.1158E+01  0.1484E+02
 12.651  0.1158E+01  0.1484E+02
 12.652  0.1157E+01  0.1484E+02
 12.653  0.1157E+01  0.1484E+02
 12.654  0.1157E+01  0.1484E+02
 12.655  0.1156E+01  0.1484E+02
 12.656  0.1156E+01  0.1485E+02
 12.657  0.1156E+01  0.1485E+02
 12.658  0.1155E+01  0.1485E+02
 12.659  0.1155E+01  0.1485E+02
 12.660  0.1155E+01  0.1485E+02
 12.661  0.1154E+01  0.1485E+02
 12.662  0.1154E+01  0.1485E+02
 12.663  0.1153E+01  0.1485E+02
 12.664  0.1153E+01  0.1486E+02
 12.665  0.1152E+01  0.1486E+02
 12.666  0.1151E+01  0.1486E+02
 12.667  0.1151E+01  0.1486E+02
 12.668  0.1150E+01  0.1486E+02
 12.669  0.1149E+01  0.1486E+02
 12.670  0.1149E+01  0.1486E+02
 12.671  0.1148E+01  0.1486E+02
 12.672  0.1147E+01  0.1486E+02
 12.673  0.1146E+01  0.1487E+02
 12.674  0.1145E+01  0.1487E+02
 12.675  0.1144E+01  0.1487E+02
 12.676  0.1144E+01  0.1487E+02
 12.677  0.1143E+01  0.1487E+02
 12.678  0.1142E+01  0.1487E+02
 12.679  0.1141E+01  0.1487E+02
 12.680  0.1140E+01  0.1487E+02
 12.681  0.1139E+01  0.1487E+02
 12.682  0.1138E+01  0.1488E+02
 12.683  0.1137E+01  0.1488E+02
 12.684  0.1136E+01  0.1488E+02
 12.685  0.1135E+01  0.1488E+02
 12.686  0.1134E+01  0.1488E+02
 12.687  0.1133E+01  0.1488E+02
 12.688  0.1132E+01  0.1488E+02
 12.689  0.1131E+01  0.1488E+02
 12.690  0.1130E+01  0.1488E+02
 12.691  0.1129E+01  0.1489E+02
 12.692  0.1128E+01  0.1489E+02
 12.693  0.1127E+01  0.1489E+02
 12.694  0.1126E+01  0.1489E+02
 12.695  0.1125E+01  0.1489E+02
 12.696  0.1124E+01  0.1489E+02
 12.697  0.1123E+01  0.1489E+02
 12.698  0.1122E+01  0.1489E+02
 12.699  0.1121E+01  0.1490E+02
 12.700  0.1120E+01  0.1490E+02
 12.701  0.1119E+01  0.1490E+02
 12.702  0.1118E+01  0.1490E+02
 12.703  0.1117E+01  0.1490E+02
 12.704  0.1116E+01  0.1490E+02
 12.705  0.1116E+01  0.1490E+02
 12.706  0.1115E+01  0.1490E+02
 12.707  0.1114E+01  0.1490E+02
 12.708  0.1113E+01  0.1491E+02
 12.709  0.1112E+01  0.1491E+02
 12.710  0.1111E+01  0.1491E+02
 12.711  0.1110E+01  0.1491E+02
 12.712  0.1109E+01  0.1491E+02
 12.713  0.1108E+01  0.1491E+02
 12.714  0.1107E+01  0.1491E+02
 12.715  0.1106E+01  0.1491E+02
 12.716  0.1105E+01  0.1491E+02
 12.717  0.1105E+01  0.1492E+02
 12.718  0.1104E+01  0.1492E+02
 12.719  0.1103E+01  0.1492E+02
 12.720  0.1102E+01  0.1492E+02
 12.721  0.1101E+01  0.1492E+02
 12.722  0.1100E+01  0.1492E+02
 12.723  0.1099E+01  0.1492E+02
 12.724  0.1098E+01  0.1492E+02
 12.725  0.1097E+01  0.1492E+02
 12.726  0.1096E+01  0.1492E+02
 12.727  0.1096E+01  0.1493E+02
 12.728  0.1095E+01  0.1493E+02
 12.729  0.1094E+01  0.1493E+02
 12.730  0.1093E+01  0.1493E+02
 12.731  0.1092E+01  0.1493E+02
 12.732  0.1091E+01  0.1493E+02
 12.733  0.1090E+01  0.1493E+02
 12.734  0.1089E+01  0.1493E+02
 12.735  0.1088E+01  0.1493E+02
 12.736  0.1087E+01  0.1494E+02
 12.737  0.1086E+01  0.1494E+02
 12.738  0.1085E+01  0.1494E+02
 12.739  0.1084E+01  0.1494E+02
 12.740  0.1083E+01  0.1494E+02
 12.741  0.1082E+01  0.1494E+02
 12.742  0.1081E+01  0.1494E+02
 12.743  0.1080E+01  0.1494E+02
 12.744  0.1079E+01  0.1494E+02
 12.745  0.1078E+01  0.1495E+02
 12.746  0.1077E+01  0.1495E+02
 12.747  0.1076E+01  0.1495E+02
 12.748  0.1075E+01  0.1495E+02
 12.749  0.1074E+01  0.1495E+02
 12.750  0.1073E+01  0.1495E+02
 12.751  0.1072E+01  0.1495E+02
 12.752  0.1071E+01  0.1495E+02
 12.753  0.1070E+01  0.1495E+02
 12.754  0.1069E+01  0.1496E+02
 12.755  0.1068E+01  0.1496E+02
 12.756  0.1067E+01  0.1496E+02
 12.757  0.1066E+01  0.1496E+02
 12.758  0.1065E+01  0.1496E+02
 12.759  0.1064E+01  0.1496E+02
 12.760  0.1063E+01  0.1496E+02
 12.761  0.1062E+01  0.1496E+02
 12.762  0.1061E+01  0.1496E+02
 12.763  0.1060E+01  0.1496E+02
 12.764  0.1059E+01  0.1497E+02
 12.765  0.1058E+01  0.1497E+02
 12.766  0.1057E+01  0.1497E+02
 12.767  0.1056E+01  0.1497E+02
 12.768  0.1055E+01  0.1497E+02
 12.769  0.1054E+01  0.1497E+02
 12.770  0.1053E+01  0.1497E+02
 12.771  0.1052E+01  0.1497E+02
 12.772  0.1051E+01  0.1497E+02
 12.773  0.1051E+01  0.1498E+02
 12.774  0.1050E+01  0.1498E+02
 12.775  0.1049E+01  0.1498E+02
 12.776  0.1048E+01  0.1498E+02
 12.777  0.1048E+01  0.1498E+02
 12.778  0.1047E+01  0.1498E+02
 12.779  0.1046E+01  0.1498E+02
 12.780  0.1046E+01  0.1498E+02
 12.781  0.1045E+01  0.1498E+02
 12.782  0.1044E+01  0.1498E+02
 12.783  0.1043E+01  0.1499E+02
 12.784  0.1042E+01  0.1499E+02
 12.785  0.1042E+01  0.1499E+02
 12.786  0.1041E+01  0.1499E+02
 12.787  0.1040E+01  0.1499E+02
 12.788  0.1039E+01  0.1499E+02
 12.789  0.1038E+01  0.1499E+02
 12.790  0.1037E+01  0.1499E+02
 12.791  0.1036E+01  0.1499E+02
 12.792  0.1035E+01  0.1500E+02
 12.793  0.1034E+01  0.1500E+02
 12.794  0.1033E+01  0.1500E+02
 12.795  0.1032E+01  0.1500E+02
 12.796  0.1031E+01  0.1500E+02
 12.797  0.1030E+01  0.1500E+02
 12.798  0.1029E+01  0.1500E+02
 12.799  0.1028E+01  0.1500E+02
 12.800  0.1027E+01  0.1500E+02
 12.801  0.1026E+01  0.1500E+02
 12.802  0.1025E+01  0.1501E+02
 12.803  0.1024E+01  0.1501E+02
 12.804  0.1023E+01  0.1501E+02
 12.805  0.1022E+01  0.1501E+02
 12.806  0.1021E+01  0.1501E+02
 12.807  0.1020E+01  0.1501E+02
 12.808  0.1019E+01  0.1501E+02
 12.809  0.1018E+01  0.1501E+02
 12.810  0.1017E+01  0.1501E+02
 12.811  0.1016E+01  0.1501E+02
 12.812  0.1014E+01  0.1502E+02
 12.813  0.1013E+01  0.1502E+02
 12.814  0.1012E+01  0.1502E+02
 12.815  0.1011E+01  0.1502E+02
 12.816  0.1010E+01  0.1502E+02
 12.817  0.1009E+01  0.1502E+02
 12.818  0.1008E+01  0.1502E+02
 12.819  0.1006E+01  0.1502E+02
 12.820  0.1005E+01  0.1502E+02
 12.821  0.1004E+01  0.1502E+02
 12.822  0.1003E+01  0.1503E+02
 12.823  0.1002E+01  0.1503E+02
 12.824  0.1000E+01  0.1503E+02
 12.825  0.9993E+00  0.1503E+02
 12.826  0.9980E+00  0.1503E+02
 12.827  0.9968E+00  0.1503E+02
 12.828  0.9956E+00  0.1503E+02
 12.829  0.9944E+00  0.1503E+02
 12.830  0.9931E+00  0.1503E+02
 12.831  0.9919E+00  0.1503E+02
 12.832  0.9906E+00  0.1504E+02
 12.833  0.9894E+00  0.1504E+02
 12.834  0.9881E+00  0.1504E+02
 12.835  0.9868E+00  0.1504E+02
 12.836  0.9856E+00  0.1504E+02
 12.837  0.9843E+00  0.1504E+02
 12.838  0.9811E+00  0.1504E+02
 12.839  0.9783E+00  0.1504E+02
 12.840  0.9768E+00  0.1504E+02
 12.841  0.9756E+00  0.1504E+02
 12.842  0.9744E+00  0.1505E+02
 12.843  0.9731E+00  0.1505E+02
 12.844  0.9719E+00  0.1505E+02
 12.845  0.9705E+00  0.1505E+02
 12.846  0.9692E+00  0.1505E+02
 12.847  0.9678E+00  0.1505E+02
 12.848  0.9665E+00  0.1505E+02
 12.849  0.9653E+00  0.1505E+02
 12.850  0.9640E+00  0.1505E+02
 12.851  0.9627E+00  0.1505E+02
 12.852  0.9615E+00  0.1506E+02
 12.853  0.9603E+00  0.1506E+02
 12.854  0.9591E+00  0.1506E+02
 12.855  0.9579E+00  0.1506E+02
 12.856  0.9567E+00  0.1506E+02
 12.857  0.9556E+00  0.1506E+02
 12.858  0.9544E+00  0.1506E+02
 12.859  0.9532E+00  0.1506E+02
 12.860  0.9521E+00  0.1506E+02
 12.861  0.9509E+00  0.1506E+02
 12.862  0.9497E+00  0.1506E+02
 12.863  0.9486E+00  0.1507E+02
 12.864  0.9474E+00  0.1507E+02
 12.865  0.9463E+00  0.1507E+02
 12.866  0.9451E+00  0.1507E+02
 12.867  0.9440E+00  0.1507E+02
 12.868  0.9429E+00  0.1507E+02
 12.869  0.9417E+00  0.1507E+02
 12.870  0.9405E+00  0.1507E+02
 12.871  0.9394E+00  0.1507E+02
 12.872  0.9382E+00  0.1507E+02
 12.873  0.9371E+00  0.1508E+02
 12.874  0.9359E+00  0.1508E+02
 12.875  0.9348E+00  0.1508E+02
 12.876  0.9336E+00  0.1508E+02
 12.877  0.9325E+00  0.1508E+02
 12.878  0.9313E+00  0.1508E+02
 12.879  0.9302E+00  0.1508E+02
 12.880  0.9290E+00  0.1508E+02
 12.881  0.9279E+00  0.1508E+02
 12.882  0.9268E+00  0.1508E+02
 12.883  0.9258E+00  0.1508E+02
 12.884  0.9247E+00  0.1509E+02
 12.885  0.9236E+00  0.1509E+02
 12.886  0.9225E+00  0.1509E+02
 12.887  0.9215E+00  0.1509E+02
 12.888  0.9204E+00  0.1509E+02
 12.889  0.9193E+00  0.1509E+02
 12.890  0.9183E+00  0.1509E+02
 12.891  0.9172E+00  0.1509E+02
 12.892  0.9161E+00  0.1509E+02
 12.893  0.9151E+00  0.1509E+02
 12.894  0.9140E+00  0.1509E+02
 12.895  0.9130E+00  0.1510E+02
 12.896  0.9119E+00  0.1510E+02
 12.897  0.9109E+00  0.1510E+02
 12.898  0.9098E+00  0.1510E+02
 12.899  0.9088E+00  0.1510E+02
 12.900  0.9077E+00  0.1510E+02
 12.901  0.9067E+00  0.1510E+02
 12.902  0.9056E+00  0.1510E+02
 12.903  0.9046E+00  0.1510E+02
 12.904  0.9036E+00  0.1510E+02
 12.905  0.9025E+00  0.1510E+02
 12.906  0.9015E+00  0.1511E+02
 12.907  0.9005E+00  0.1511E+02
 12.908  0.8995E+00  0.1511E+02
 12.909  0.8984E+00  0.1511E+02
 12.910  0.8974E+00  0.1511E+02
 12.911  0.8964E+00  0.1511E+02
 12.912  0.8955E+00  0.1511E+02
 12.913  0.8945E+00  0.1511E+02
 12.914  0.8935E+00  0.1511E+02
 12.915  0.8925E+00  0.1511E+02
 12.916  0.8915E+00  0.1511E+02
 12.917  0.8906E+00  0.1512E+02
 12.918  0.8896E+00  0.1512E+02
 12.919  0.8887E+00  0.1512E+02
 12.920  0.8877E+00  0.1512E+02
 12.921  0.8868E+00  0.1512E+02
 12.922  0.8858E+00  0.1512E+02
 12.923  0.8849E+00  0.1512E+02
 12.924  0.8840E+00  0.1512E+02
 12.925  0.8831E+00  0.1512E+02
 12.926  0.8822E+00  0.1512E+02
 12.927  0.8813E+00  0.1512E+02
 12.928  0.8804E+00  0.1513E+02
 12.929  0.8795E+00  0.1513E+02
 12.930  0.8786E+00  0.1513E+02
 12.931  0.8777E+00  0.1513E+02
 12.932  0.8768E+00  0.1513E+02
 12.933  0.8759E+00  0.1513E+02
 12.934  0.8750E+00  0.1513E+02
 12.935  0.8741E+00  0.1513E+02
 12.936  0.8733E+00  0.1513E+02
 12.937  0.8724E+00  0.1513E+02
 12.938  0.8716E+00  0.1513E+02
 12.939  0.8707E+00  0.1513E+02
 12.940  0.8699E+00  0.1514E+02
 12.941  0.8690E+00  0.1514E+02
 12.942  0.8682E+00  0.1514E+02
 12.943  0.8674E+00  0.1514E+02
 12.944  0.8666E+00  0.1514E+02
 12.945  0.8658E+00  0.1514E+02
 12.946  0.8650E+00  0.1514E+02
 12.947  0.8642E+00  0.1514E+02
 12.948  0.8634E+00  0.1514E+02
 12.949  0.8626E+00  0.1514E+02
 12.950  0.8618E+00  0.1514E+02
 12.951  0.8610E+00  0.1515E+02
 12.952  0.8602E+00  0.1515E+02
 12.953  0.8593E+00  0.1515E+02
 12.954  0.8585E+00  0.1515E+02
 12.955  0.8577E+00  0.1515E+02
 12.956  0.8569E+00  0.1515E+02
 12.957  0.8561E+00  0.1515E+02
 12.958  0.8553E+00  0.1515E+02
 12.959  0.8545E+00  0.1515E+02
 12.960  0.8537E+00  0.1515E+02
 12.961  0.8530E+00  0.1515E+02
 12.962  0.8522E+00  0.1515E+02
 12.963  0.8514E+00  0.1516E+02
 12.964  0.8506E+00  0.1516E+02
 12.965  0.8499E+00  0.1516E+02
 12.966  0.8491E+00  0.1516E+02
 12.967  0.8483E+00  0.1516E+02
 12.968  0.8476E+00  0.1516E+02
 12.969  0.8468E+00  0.1516E+02
 12.970  0.8461E+00  0.1516E+02
 12.971  0.8454E+00  0.1516E+02
 12.972  0.8446E+00  0.1516E+02
 12.973  0.8439E+00  0.1516E+02
 12.974  0.8432E+00  0.1516E+02
 12.975  0.8424E+00  0.1517E+02
 12.976  0.8417E+00  0.1517E+02
 12.977  0.8410E+00  0.1517E+02
 12.978  0.8403E+00  0.1517E+02
 12.979  0.8396E+00  0.1517E+02
 12.980  0.8389E+00  0.1517E+02
 12.981  0.8382E+00  0.1517E+02
 12.982  0.8375E+00  0.1517E+02
 12.983  0.8368E+00  0.1517E+02
 12.984  0.8362E+00  0.1517E+02
 12.985  0.8356E+00  0.1517E+02
 12.986  0.8350E+00  0.1517E+02
 12.987  0.8344E+00  0.1518E+02
 12.988  0.8338E+00  0.1518E+02
 12.989  0.8332E+00  0.1518E+02
 12.990  0.8326E+00  0.1518E+02
 12.991  0.8320E+00  0.1518E+02
 12.992  0.8314E+00  0.1518E+02
 12.993  0.8308E+00  0.1518E+02
 12.994  0.8303E+00  0.1518E+02
 12.995  0.8297E+00  0.1518E+02
 12.996  0.8291E+00  0.1518E+02
 12.997  0.8286E+00  0.1518E+02
 12.998  0.8280E+00  0.1518E+02
 12.999  0.8274E+00  0.1519E+02
 13.000  0.8269E+00  0.1519E+02
 13.001  0.8263E+00  0.1519E+02
 13.002  0.8258E+00  0.1519E+02
 13.003  0.8253E+00  0.1519E+02
 13.004  0.8247E+00  0.1519E+02
 13.005  0.8242E+00  0.1519E+02
 13.006  0.8237E+00  0.1519E+02
 13.007  0.8231E+00  0.1519E+02
 13.008  0.8226E+00  0.1519E+02
 13.009  0.8221E+00  0.1519E+02
 13.010  0.8216E+00  0.1519E+02
 13.011  0.8211E+00  0.1520E+02
 13.012  0.8205E+00  0.1520E+02
 13.013  0.8200E+00  0.1520E+02
 13.014  0.8196E+00  0.1520E+02
 13.015  0.8191E+00  0.1520E+02
 13.016  0.8187E+00  0.1520E+02
 13.017  0.8183E+00  0.1520E+02
 13.018  0.8179E+00  0.1520E+02
 13.019  0.8175E+00  0.1520E+02
 13.020  0.8171E+00  0.1520E+02
 13.021  0.8168E+00  0.1520E+02
 13.022  0.8164E+00  0.1520E+02
 13.023  0.8161E+00  0.1521E+02
 13.024  0.8157E+00  0.1521E+02
 13.025  0.8154E+00  0.1521E+02
 13.026  0.8150E+00  0.1521E+02
 13.027  0.8146E+00  0.1521E+02
 13.028  0.8143E+00  0.1521E+02
 13.029  0.8139E+00  0.1521E+02
 13.030  0.8136E+00  0.1521E+02
 13.031  0.8132E+00  0.1521E+02
 13.032  0.8128E+00  0.1521E+02
 13.033  0.8125E+00  0.1521E+02
 13.034  0.8121E+00  0.1521E+02
 13.035  0.8117E+00  0.1522E+02
 13.036  0.8114E+00  0.1522E+02
 13.037  0.8110E+00  0.1522E+02
 13.038  0.8106E+00  0.1522E+02
 13.039  0.8103E+00  0.1522E+02
 13.040  0.8099E+00  0.1522E+02
 13.041  0.8095E+00  0.1522E+02
 13.042  0.8092E+00  0.1522E+02
 13.043  0.8088E+00  0.1522E+02
 13.044  0.8084E+00  0.1522E+02
 13.045  0.8081E+00  0.1522E+02
 13.046  0.8077E+00  0.1522E+02
 13.047  0.8073E+00  0.1522E+02
 13.048  0.8069E+00  0.1523E+02
 13.049  0.8066E+00  0.1523E+02
 13.050  0.8062E+00  0.1523E+02
 13.051  0.8058E+00  0.1523E+02
 13.052  0.8054E+00  0.1523E+02
 13.053  0.8051E+00  0.1523E+02
 13.054  0.8047E+00  0.1523E+02
 13.055  0.8043E+00  0.1523E+02
 13.056  0.8040E+00  0.1523E+02
 13.057  0.8036E+00  0.1523E+02
 13.058  0.8033E+00  0.1523E+02
 13.059  0.8030E+00  0.1523E+02
 13.060  0.8027E+00  0.1524E+02
 13.061  0.8023E+00  0.1524E+02
 13.062  0.8020E+00  0.1524E+02
 13.063  0.8017E+00  0.1524E+02
 13.064  0.8014E+00  0.1524E+02
 13.065  0.8010E+00  0.1524E+02
 13.066  0.8007E+00  0.1524E+02
 13.067  0.8003E+00  0.1524E+02
 13.068  0.8000E+00  0.1524E+02
 13.069  0.7996E+00  0.1524E+02
 13.070  0.7993E+00  0.1524E+02
 13.071  0.7989E+00  0.1524E+02
 13.072  0.7985E+00  0.1524E+02
 13.073  0.7981E+00  0.1525E+02
 13.074  0.7978E+00  0.1525E+02
 13.075  0.7974E+00  0.1525E+02
 13.076  0.7970E+00  0.1525E+02
 13.077  0.7966E+00  0.1525E+02
 13.078  0.7962E+00  0.1525E+02
 13.079  0.7958E+00  0.1525E+02
 13.080  0.7955E+00  0.1525E+02
 13.081  0.7951E+00  0.1525E+02
 13.082  0.7947E+00  0.1525E+02
 13.083  0.7943E+00  0.1525E+02
 13.084  0.7939E+00  0.1525E+02
 13.085  0.7935E+00  0.1526E+02
 13.086  0.7931E+00  0.1526E+02
 13.087  0.7927E+00  0.1526E+02
 13.088  0.7923E+00  0.1526E+02
 13.089  0.7919E+00  0.1526E+02
 13.090  0.7915E+00  0.1526E+02
 13.091  0.7911E+00  0.1526E+02
 13.092  0.7907E+00  0.1526E+02
 13.093  0.7902E+00  0.1526E+02
 13.094  0.7897E+00  0.1526E+02
 13.095  0.7892E+00  0.1526E+02
 13.096  0.7886E+00  0.1526E+02
 13.097  0.7879E+00  0.1526E+02
 13.098  0.7873E+00  0.1527E+02
 13.099  0.7867E+00  0.1527E+02
 13.100  0.7862E+00  0.1527E+02
 13.101  0.7856E+00  0.1527E+02
 13.102  0.7850E+00  0.1527E+02
 13.103  0.7844E+00  0.1527E+02
 13.104  0.7839E+00  0.1527E+02
 13.105  0.7833E+00  0.1527E+02
 13.106  0.7827E+00  0.1527E+02
 13.107  0.7822E+00  0.1527E+02
 13.108  0.7816E+00  0.1527E+02
 13.109  0.7811E+00  0.1527E+02
 13.110  0.7806E+00  0.1527E+02
 13.111  0.7801E+00  0.1528E+02
 13.112  0.7795E+00  0.1528E+02
 13.113  0.7790E+00  0.1528E+02
 13.114  0.7785E+00  0.1528E+02
 13.115  0.7781E+00  0.1528E+02
 13.116  0.7776E+00  0.1528E+02
 13.117  0.7771E+00  0.1528E+02
 13.118  0.7766E+00  0.1528E+02
 13.119  0.7762E+00  0.1528E+02
 13.120  0.7757E+00  0.1528E+02
 13.121  0.7753E+00  0.1528E+02
 13.122  0.7748E+00  0.1528E+02
 13.123  0.7744E+00  0.1528E+02
 13.124  0.7739E+00  0.1529E+02
 13.125  0.7735E+00  0.1529E+02
 13.126  0.7731E+00  0.1529E+02
 13.127  0.7727E+00  0.1529E+02
 13.128  0.7722E+00  0.1529E+02
 13.129  0.7718E+00  0.1529E+02
 13.130  0.7714E+00  0.1529E+02
 13.131  0.7709E+00  0.1529E+02
 13.132  0.7705E+00  0.1529E+02
 13.133  0.7701E+00  0.1529E+02
 13.134  0.7696E+00  0.1529E+02
 13.135  0.7692E+00  0.1529E+02
 13.136  0.7687E+00  0.1529E+02
 13.137  0.7683E+00  0.1530E+02
 13.138  0.7678E+00  0.1530E+02
 13.139  0.7674E+00  0.1530E+02
 13.140  0.7669E+00  0.1530E+02
 13.141  0.7665E+00  0.1530E+02
 13.142  0.7660E+00  0.1530E+02
 13.143  0.7656E+00  0.1530E+02
 13.144  0.7651E+00  0.1530E+02
 13.145  0.7647E+00  0.1530E+02
 13.146  0.7643E+00  0.1530E+02
 13.147  0.7639E+00  0.1530E+02
 13.148  0.7636E+00  0.1530E+02
 13.149  0.7632E+00  0.1530E+02
 13.150  0.7628E+00  0.1531E+02
 13.151  0.7624E+00  0.1531E+02
 13.152  0.7620E+00  0.1531E+02
 13.153  0.7615E+00  0.1531E+02
 13.154  0.7610E+00  0.1531E+02
 13.155  0.7604E+00  0.1531E+02
 13.156  0.7598E+00  0.1531E+02
 13.157  0.7592E+00  0.1531E+02
 13.158  0.7586E+00  0.1531E+02
 13.159  0.7580E+00  0.1531E+02
 13.160  0.7574E+00  0.1531E+02
 13.161  0.7567E+00  0.1531E+02
 13.162  0.7561E+00  0.1531E+02
 13.163  0.7554E+00  0.1532E+02
 13.164  0.7548E+00  0.1532E+02
 13.165  0.7541E+00  0.1532E+02
 13.166  0.7534E+00  0.1532E+02
 13.167  0.7528E+00  0.1532E+02
 13.168  0.7521E+00  0.1532E+02
 13.169  0.7514E+00  0.1532E+02
 13.170  0.7508E+00  0.1532E+02
 13.171  0.7501E+00  0.1532E+02
 13.172  0.7495E+00  0.1532E+02
 13.173  0.7488E+00  0.1532E+02
 13.174  0.7482E+00  0.1532E+02
 13.175  0.7476E+00  0.1532E+02
 13.176  0.7470E+00  0.1533E+02
 13.177  0.7465E+00  0.1533E+02
 13.178  0.7459E+00  0.1533E+02
 13.179  0.7454E+00  0.1533E+02
 13.180  0.7449E+00  0.1533E+02
 13.181  0.7443E+00  0.1533E+02
 13.182  0.7439E+00  0.1533E+02
 13.183  0.7434E+00  0.1533E+02
 13.184  0.7429E+00  0.1533E+02
 13.185  0.7425E+00  0.1533E+02
 13.186  0.7420E+00  0.1533E+02
 13.187  0.7416E+00  0.1533E+02
 13.188  0.7412E+00  0.1533E+02
 13.189  0.7408E+00  0.1533E+02
 13.190  0.7405E+00  0.1534E+02
 13.191  0.7401E+00  0.1534E+02
 13.192  0.7398E+00  0.1534E+02
 13.193  0.7394E+00  0.1534E+02
 13.194  0.7390E+00  0.1534E+02
 13.195  0.7386E+00  0.1534E+02
 13.196  0.7383E+00  0.1534E+02
 13.197  0.7379E+00  0.1534E+02
 13.198  0.7376E+00  0.1534E+02
 13.199  0.7372E+00  0.1534E+02
 13.200  0.7369E+00  0.1534E+02
 13.201  0.7366E+00  0.1534E+02
 13.202  0.7363E+00  0.1534E+02
 13.203  0.7360E+00  0.1535E+02
 13.204  0.7357E+00  0.1535E+02
 13.205  0.7354E+00  0.1535E+02
 13.206  0.7351E+00  0.1535E+02
 13.207  0.7348E+00  0.1535E+02
 13.208  0.7345E+00  0.1535E+02
 13.209  0.7342E+00  0.1535E+02
 13.210  0.7339E+00  0.1535E+02
 13.211  0.7337E+00  0.1535E+02
 13.212  0.7334E+00  0.1535E+02
 13.213  0.7332E+00  0.1535E+02
 13.214  0.7330E+00  0.1535E+02
 13.215  0.7328E+00  0.1535E+02
 13.216  0.7326E+00  0.1535E+02
 13.217  0.7324E+00  0.1536E+02
 13.218  0.7323E+00  0.1536E+02
 13.219  0.7321E+00  0.1536E+02
 13.220  0.7320E+00  0.1536E+02
 13.221  0.7319E+00  0.1536E+02
 13.222  0.7318E+00  0.1536E+02
 13.223  0.7317E+00  0.1536E+02
 13.224  0.7316E+00  0.1536E+02
 13.225  0.7316E+00  0.1536E+02
 13.226  0.7316E+00  0.1536E+02
 13.227  0.7315E+00  0.1536E+02
 13.228  0.7316E+00  0.1536E+02
 13.229  0.7316E+00  0.1536E+02
 13.230  0.7317E+00  0.1537E+02
 13.231  0.7316E+00  0.1537E+02
 13.232  0.7315E+00  0.1537E+02
 13.233  0.7314E+00  0.1537E+02
 13.234  0.7313E+00  0.1537E+02
 13.235  0.7313E+00  0.1537E+02
 13.236  0.7312E+00  0.1537E+02
 13.237  0.7311E+00  0.1537E+02
 13.238  0.7311E+00  0.1537E+02
 13.239  0.7310E+00  0.1537E+02
 13.240  0.7310E+00  0.1537E+02
 13.241  0.7309E+00  0.1537E+02
 13.242  0.7309E+00  0.1537E+02
 13.243  0.7308E+00  0.1537E+02
 13.244  0.7308E+00  0.1538E+02
 13.245  0.7307E+00  0.1538E+02
 13.246  0.7307E+00  0.1538E+02
 13.247  0.7307E+00  0.1538E+02
 13.248  0.7307E+00  0.1538E+02
 13.249  0.7307E+00  0.1538E+02
 13.250  0.7308E+00  0.1538E+02
 13.251  0.7309E+00  0.1538E+02
 13.252  0.7310E+00  0.1538E+02
 13.253  0.7311E+00  0.1538E+02
 13.254  0.7312E+00  0.1538E+02
 13.255  0.7313E+00  0.1538E+02
 13.256  0.7314E+00  0.1538E+02
 13.257  0.7315E+00  0.1538E+02
 13.258  0.7315E+00  0.1539E+02
 13.259  0.7315E+00  0.1539E+02
 13.260  0.7315E+00  0.1539E+02
 13.261  0.7315E+00  0.1539E+02
 13.262  0.7316E+00  0.1539E+02
 13.263  0.7316E+00  0.1539E+02
 13.264  0.7318E+00  0.1539E+02
 13.265  0.7320E+00  0.1539E+02
 13.266  0.7323E+00  0.1539E+02
 13.267  0.7327E+00  0.1539E+02
 13.268  0.7331E+00  0.1539E+02
 13.269  0.7336E+00  0.1539E+02
 13.270  0.7342E+00  0.1539E+02
 13.271  0.7348E+00  0.1540E+02
 13.272  0.7355E+00  0.1540E+02
 13.273  0.7363E+00  0.1540E+02
 13.274  0.7372E+00  0.1540E+02
 13.275  0.7381E+00  0.1540E+02
 13.276  0.7387E+00  0.1540E+02
 13.277  0.7391E+00  0.1540E+02
 13.278  0.7394E+00  0.1540E+02
 13.279  0.7395E+00  0.1540E+02
 13.280  0.7395E+00  0.1540E+02
 13.281  0.7393E+00  0.1540E+02
 13.282  0.7390E+00  0.1540E+02
 13.283  0.7387E+00  0.1540E+02
 13.284  0.7385E+00  0.1540E+02
 13.285  0.7382E+00  0.1541E+02
 13.286  0.7387E+00  0.1541E+02
 13.287  0.7402E+00  0.1541E+02
 13.288  0.7418E+00  0.1541E+02
 13.289  0.7435E+00  0.1541E+02
 13.290  0.7454E+00  0.1541E+02
 13.291  0.7475E+00  0.1541E+02
 13.292  0.7497E+00  0.1541E+02
 13.293  0.7521E+00  0.1541E+02
 13.294  0.7545E+00  0.1541E+02
 13.295  0.7561E+00  0.1541E+02
 13.296  0.7578E+00  0.1541E+02
 13.297  0.7596E+00  0.1541E+02
 13.298  0.7613E+00  0.1542E+02
 13.299  0.7632E+00  0.1542E+02
 13.300  0.7651E+00  0.1542E+02
 13.301  0.7670E+00  0.1542E+02
 13.302  0.7690E+00  0.1542E+02
 13.303  0.7711E+00  0.1542E+02
 13.304  0.7732E+00  0.1542E+02
 13.305  0.7857E+00  0.1542E+02
 13.306  0.8148E+00  0.1542E+02
 13.307  0.8283E+00  0.1542E+02
 13.308  0.8261E+00  0.1542E+02
 13.309  0.8107E+00  0.1542E+02
 13.310  0.7943E+00  0.1542E+02
 13.311  0.7798E+00  0.1543E+02
 13.312  0.7809E+00  0.1543E+02
 13.313  0.7821E+00  0.1543E+02
 13.314  0.7833E+00  0.1543E+02
 13.315  0.7847E+00  0.1543E+02
 13.316  0.7864E+00  0.1543E+02
 13.317  0.7881E+00  0.1543E+02
 13.318  0.7899E+00  0.1543E+02
 13.319  0.7919E+00  0.1543E+02
 13.320  0.7940E+00  0.1543E+02
 13.321  0.7961E+00  0.1543E+02
 13.322  0.7983E+00  0.1543E+02
 13.323  0.8006E+00  0.1543E+02
 13.324  0.8030E+00  0.1544E+02
 13.325  0.8054E+00  0.1544E+02
 13.326  0.8078E+00  0.1544E+02
 13.327  0.8104E+00  0.1544E+02
 13.328  0.8130E+00  0.1544E+02
 13.329  0.8156E+00  0.1544E+02
 13.330  0.8183E+00  0.1544E+02
 13.331  0.8211E+00  0.1544E+02
 13.332  0.8240E+00  0.1544E+02
 13.333  0.8138E+00  0.1544E+02
 13.334  0.8154E+00  0.1544E+02
 13.335  0.8172E+00  0.1544E+02
 13.336  0.8191E+00  0.1545E+02
 13.337  0.8213E+00  0.1545E+02
 13.338  0.8235E+00  0.1545E+02
 13.339  0.8258E+00  0.1545E+02
 13.340  0.8281E+00  0.1545E+02
 13.341  0.8304E+00  0.1545E+02
 13.342  0.8326E+00  0.1545E+02
 13.343  0.8349E+00  0.1545E+02
 13.344  0.8372E+00  0.1545E+02
 13.345  0.8395E+00  0.1545E+02
 13.346  0.8418E+00  0.1545E+02
 13.347  0.8442E+00  0.1545E+02
 13.348  0.8466E+00  0.1546E+02
 13.349  0.8490E+00  0.1546E+02
 13.350  0.8514E+00  0.1546E+02
 13.351  0.8538E+00  0.1546E+02
 13.352  0.8563E+00  0.1546E+02
 13.353  0.8589E+00  0.1546E+02
 13.354  0.8602E+00  0.1546E+02
 13.355  0.8627E+00  0.1546E+02
 13.356  0.8653E+00  0.1546E+02
 13.357  0.8684E+00  0.1546E+02
 13.358  0.8717E+00  0.1546E+02
 13.359  0.8743E+00  0.1546E+02
 13.360  0.8768E+00  0.1547E+02
 13.361  0.8792E+00  0.1547E+02
 13.362  0.8815E+00  0.1547E+02
 13.363  0.8837E+00  0.1547E+02
 13.364  0.8857E+00  0.1547E+02
 13.365  0.8877E+00  0.1547E+02
 13.366  0.8895E+00  0.1547E+02
 13.367  0.8868E+00  0.1547E+02
 13.368  0.8715E+00  0.1547E+02
 13.369  0.8433E+00  0.1547E+02
 13.370  0.8264E+00  0.1547E+02
 13.371  0.8244E+00  0.1548E+02
 13.372  0.8236E+00  0.1548E+02
 13.373  0.8223E+00  0.1548E+02
 13.374  0.8213E+00  0.1548E+02
 13.375  0.8215E+00  0.1548E+02
 13.376  0.8216E+00  0.1548E+02
 13.377  0.8215E+00  0.1548E+02
 13.378  0.8213E+00  0.1548E+02
 13.379  0.8209E+00  0.1548E+02
 13.380  0.8205E+00  0.1548E+02
 13.381  0.8198E+00  0.1548E+02
 13.382  0.8191E+00  0.1548E+02
 13.383  0.8182E+00  0.1549E+02
 13.384  0.8171E+00  0.1549E+02
 13.385  0.8159E+00  0.1549E+02
 13.386  0.8146E+00  0.1549E+02
 13.387  0.8132E+00  0.1549E+02
 13.388  0.8116E+00  0.1549E+02
 13.389  0.8098E+00  0.1549E+02
 13.390  0.8080E+00  0.1549E+02
 13.391  0.8060E+00  0.1549E+02
 13.392  0.8038E+00  0.1549E+02
 13.393  0.8015E+00  0.1549E+02
 13.394  0.7991E+00  0.1549E+02
 13.395  0.7977E+00  0.1549E+02
 13.396  0.7970E+00  0.1550E+02
 13.397  0.7963E+00  0.1550E+02
 13.398  0.7956E+00  0.1550E+02
 13.399  0.7948E+00  0.1550E+02
 13.400  0.7941E+00  0.1550E+02
 13.401  0.7934E+00  0.1550E+02
 13.402  0.7926E+00  0.1550E+02
 13.403  0.7919E+00  0.1550E+02
 13.404  0.7912E+00  0.1550E+02
 13.405  0.7906E+00  0.1550E+02
 13.406  0.7900E+00  0.1550E+02
 13.407  0.7895E+00  0.1550E+02
 13.408  0.7890E+00  0.1551E+02
 13.409  0.7885E+00  0.1551E+02
 13.410  0.7881E+00  0.1551E+02
 13.411  0.7879E+00  0.1551E+02
 13.412  0.7878E+00  0.1551E+02
 13.413  0.7881E+00  0.1551E+02
 13.414  0.7893E+00  0.1551E+02
 13.415  0.7910E+00  0.1551E+02
 13.416  0.7929E+00  0.1551E+02
 13.417  0.7951E+00  0.1551E+02
 13.418  0.7976E+00  0.1551E+02
 13.419  0.7998E+00  0.1551E+02
 13.420  0.8024E+00  0.1551E+02
 13.421  0.8053E+00  0.1552E+02
 13.422  0.8086E+00  0.1552E+02
 13.423  0.8124E+00  0.1552E+02
 13.424  0.8165E+00  0.1552E+02
 13.425  0.8123E+00  0.1552E+02
 13.426  0.8082E+00  0.1552E+02
 13.427  0.8058E+00  0.1552E+02
 13.428  0.8027E+00  0.1552E+02
 13.429  0.7997E+00  0.1552E+02
 13.430  0.7968E+00  0.1552E+02
 13.431  0.7940E+00  0.1552E+02
 13.432  0.7914E+00  0.1552E+02
 13.433  0.7889E+00  0.1553E+02
 13.434  0.7865E+00  0.1553E+02
 13.435  0.7842E+00  0.1553E+02
 13.436  0.7820E+00  0.1553E+02
 13.437  0.7799E+00  0.1553E+02
 13.438  0.7780E+00  0.1553E+02
 13.439  0.7761E+00  0.1553E+02
 13.440  0.7743E+00  0.1553E+02
 13.441  0.7726E+00  0.1553E+02
 13.442  0.7709E+00  0.1553E+02
 13.443  0.7696E+00  0.1553E+02
 13.444  0.7684E+00  0.1553E+02
 13.445  0.7674E+00  0.1553E+02
 13.446  0.7665E+00  0.1554E+02
 13.447  0.7658E+00  0.1554E+02
 13.448  0.7651E+00  0.1554E+02
 13.449  0.7646E+00  0.1554E+02
 13.450  0.7642E+00  0.1554E+02
 13.451  0.7638E+00  0.1554E+02
 13.452  0.7635E+00  0.1554E+02
 13.453  0.7632E+00  0.1554E+02
 13.454  0.7628E+00  0.1554E+02
 13.455  0.7622E+00  0.1554E+02
 13.456  0.7615E+00  0.1554E+02
 13.457  0.7606E+00  0.1554E+02
 13.458  0.7597E+00  0.1554E+02
 13.459  0.7585E+00  0.1555E+02
 13.460  0.7570E+00  0.1555E+02
 13.461  0.7553E+00  0.1555E+02
 13.462  0.7532E+00  0.1555E+02
 13.463  0.7508E+00  0.1555E+02
 13.464  0.7480E+00  0.1555E+02
 13.465  0.7450E+00  0.1555E+02
 13.466  0.7418E+00  0.1555E+02
 13.467  0.7396E+00  0.1555E+02
 13.468  0.7377E+00  0.1555E+02
 13.469  0.7360E+00  0.1555E+02
 13.470  0.7346E+00  0.1555E+02
 13.471  0.7334E+00  0.1555E+02
 13.472  0.7325E+00  0.1555E+02
 13.473  0.7318E+00  0.1556E+02
 13.474  0.7311E+00  0.1556E+02
 13.475  0.7303E+00  0.1556E+02
 13.476  0.7295E+00  0.1556E+02
 13.477  0.7287E+00  0.1556E+02
 13.478  0.7279E+00  0.1556E+02
 13.479  0.7271E+00  0.1556E+02
 13.480  0.7263E+00  0.1556E+02
 13.481  0.7254E+00  0.1556E+02
 13.482  0.7246E+00  0.1556E+02
 13.483  0.7237E+00  0.1556E+02
 13.484  0.7228E+00  0.1556E+02
 13.485  0.7219E+00  0.1556E+02
 13.486  0.7210E+00  0.1557E+02
 13.487  0.7200E+00  0.1557E+02
 13.488  0.7191E+00  0.1557E+02
 13.489  0.7181E+00  0.1557E+02
 13.490  0.7171E+00  0.1557E+02
 13.491  0.7161E+00  0.1557E+02
 13.492  0.7151E+00  0.1557E+02
 13.493  0.7141E+00  0.1557E+02
 13.494  0.7131E+00  0.1557E+02
 13.495  0.7121E+00  0.1557E+02
 13.496  0.7112E+00  0.1557E+02
 13.497  0.7103E+00  0.1557E+02
 13.498  0.7096E+00  0.1557E+02
 13.499  0.7089E+00  0.1557E+02
 13.500  0.7084E+00  0.1558E+02
 13.501  0.7079E+00  0.1558E+02
 13.502  0.7074E+00  0.1558E+02
 13.503  0.7069E+00  0.1558E+02
 13.504  0.7064E+00  0.1558E+02
 13.505  0.7059E+00  0.1558E+02
 13.506  0.7054E+00  0.1558E+02
 13.507  0.7054E+00  0.1558E+02
 13.508  0.7161E+00  0.1558E+02
 13.509  0.7213E+00  0.1558E+02
 13.510  0.7213E+00  0.1558E+02
 13.511  0.7210E+00  0.1558E+02
 13.512  0.7206E+00  0.1558E+02
 13.513  0.7200E+00  0.1558E+02
 13.514  0.7193E+00  0.1558E+02
 13.515  0.7185E+00  0.1559E+02
 13.516  0.7175E+00  0.1559E+02
 13.517  0.7165E+00  0.1559E+02
 13.518  0.7152E+00  0.1559E+02
 13.519  0.7139E+00  0.1559E+02
 13.520  0.7126E+00  0.1559E+02
 13.521  0.7111E+00  0.1559E+02
 13.522  0.7096E+00  0.1559E+02
 13.523  0.7080E+00  0.1559E+02
 13.524  0.7063E+00  0.1559E+02
 13.525  0.7046E+00  0.1559E+02
 13.526  0.7028E+00  0.1559E+02
 13.527  0.7009E+00  0.1559E+02
 13.528  0.6989E+00  0.1559E+02
 13.529  0.6968E+00  0.1560E+02
 13.530  0.6947E+00  0.1560E+02
 13.531  0.6925E+00  0.1560E+02
 13.532  0.6906E+00  0.1560E+02
 13.533  0.6899E+00  0.1560E+02
 13.534  0.6890E+00  0.1560E+02
 13.535  0.6882E+00  0.1560E+02
 13.536  0.6873E+00  0.1560E+02
 13.537  0.6864E+00  0.1560E+02
 13.538  0.6855E+00  0.1560E+02
 13.539  0.6846E+00  0.1560E+02
 13.540  0.6837E+00  0.1560E+02
 13.541  0.6827E+00  0.1560E+02
 13.542  0.6818E+00  0.1560E+02
 13.543  0.6808E+00  0.1561E+02
 13.544  0.6798E+00  0.1561E+02
 13.545  0.6788E+00  0.1561E+02
 13.546  0.6778E+00  0.1561E+02
 13.547  0.6768E+00  0.1561E+02
 13.548  0.6757E+00  0.1561E+02
 13.549  0.6747E+00  0.1561E+02
 13.550  0.6736E+00  0.1561E+02
 13.551  0.6725E+00  0.1561E+02
 13.552  0.6714E+00  0.1561E+02
 13.553  0.6703E+00  0.1561E+02
 13.554  0.6692E+00  0.1561E+02
 13.555  0.6681E+00  0.1561E+02
 13.556  0.6670E+00  0.1561E+02
 13.557  0.6658E+00  0.1561E+02
 13.558  0.6646E+00  0.1562E+02
 13.559  0.6634E+00  0.1562E+02
 13.560  0.6622E+00  0.1562E+02
 13.561  0.6610E+00  0.1562E+02
 13.562  0.6598E+00  0.1562E+02
 13.563  0.6586E+00  0.1562E+02
 13.564  0.6573E+00  0.1562E+02
 13.565  0.6561E+00  0.1562E+02
 13.566  0.6549E+00  0.1562E+02
 13.567  0.6536E+00  0.1562E+02
 13.568  0.6524E+00  0.1562E+02
 13.569  0.6512E+00  0.1562E+02
 13.570  0.6500E+00  0.1562E+02
 13.571  0.6487E+00  0.1562E+02
 13.572  0.6475E+00  0.1562E+02
 13.573  0.6463E+00  0.1563E+02
 13.574  0.6451E+00  0.1563E+02
 13.575  0.6439E+00  0.1563E+02
 13.576  0.6427E+00  0.1563E+02
 13.577  0.6415E+00  0.1563E+02
 13.578  0.6403E+00  0.1563E+02
 13.579  0.6392E+00  0.1563E+02
 13.580  0.6380E+00  0.1563E+02
 13.581  0.6368E+00  0.1563E+02
 13.582  0.6356E+00  0.1563E+02
 13.583  0.6345E+00  0.1563E+02
 13.584  0.6334E+00  0.1563E+02
 13.585  0.6323E+00  0.1563E+02
 13.586  0.6311E+00  0.1563E+02
 13.587  0.6299E+00  0.1563E+02
 13.588  0.6287E+00  0.1563E+02
 13.589  0.6275E+00  0.1564E+02
 13.590  0.6263E+00  0.1564E+02
 13.591  0.6250E+00  0.1564E+02
 13.592  0.6238E+00  0.1564E+02
 13.593  0.6225E+00  0.1564E+02
 13.594  0.6212E+00  0.1564E+02
 13.595  0.6200E+00  0.1564E+02
 13.596  0.6190E+00  0.1564E+02
 13.597  0.6180E+00  0.1564E+02
 13.598  0.6170E+00  0.1564E+02
 13.599  0.6161E+00  0.1564E+02
 13.600  0.6152E+00  0.1564E+02
 13.601  0.6143E+00  0.1564E+02
 13.602  0.6135E+00  0.1564E+02
 13.603  0.6126E+00  0.1564E+02
 13.604  0.6119E+00  0.1564E+02
 13.605  0.6111E+00  0.1565E+02
 13.606  0.6102E+00  0.1565E+02
 13.607  0.6090E+00  0.1565E+02
 13.608  0.6078E+00  0.1565E+02
 13.609  0.6066E+00  0.1565E+02
 13.610  0.6054E+00  0.1565E+02
 13.611  0.6042E+00  0.1565E+02
 13.612  0.6030E+00  0.1565E+02
 13.613  0.6018E+00  0.1565E+02
 13.614  0.6006E+00  0.1565E+02
 13.615  0.5994E+00  0.1565E+02
 13.616  0.5982E+00  0.1565E+02
 13.617  0.5970E+00  0.1565E+02
 13.618  0.5958E+00  0.1565E+02
 13.619  0.5945E+00  0.1565E+02
 13.620  0.5932E+00  0.1565E+02
 13.621  0.5918E+00  0.1565E+02
 13.622  0.5904E+00  0.1566E+02
 13.623  0.5889E+00  0.1566E+02
 13.624  0.5874E+00  0.1566E+02
 13.625  0.5859E+00  0.1566E+02
 13.626  0.5843E+00  0.1566E+02
 13.627  0.5827E+00  0.1566E+02
 13.628  0.5810E+00  0.1566E+02
 13.629  0.5793E+00  0.1566E+02
 13.630  0.5776E+00  0.1566E+02
 13.631  0.5758E+00  0.1566E+02
 13.632  0.5740E+00  0.1566E+02
 13.633  0.5721E+00  0.1566E+02
 13.634  0.5702E+00  0.1566E+02
 13.635  0.5683E+00  0.1566E+02
 13.636  0.5663E+00  0.1566E+02
 13.637  0.5643E+00  0.1566E+02
 13.638  0.5623E+00  0.1566E+02
 13.639  0.5602E+00  0.1567E+02
 13.640  0.5581E+00  0.1567E+02
 13.641  0.5560E+00  0.1567E+02
 13.642  0.5539E+00  0.1567E+02
 13.643  0.5517E+00  0.1567E+02
 13.644  0.5495E+00  0.1567E+02
 13.645  0.5472E+00  0.1567E+02
 13.646  0.5450E+00  0.1567E+02
 13.647  0.5427E+00  0.1567E+02
 13.648  0.5403E+00  0.1567E+02
 13.649  0.5378E+00  0.1567E+02
 13.650  0.5351E+00  0.1567E+02
 13.651  0.5320E+00  0.1567E+02
 13.652  0.5288E+00  0.1567E+02
 13.653  0.5252E+00  0.1567E+02
 13.654  0.5216E+00  0.1567E+02
 13.655  0.5180E+00  0.1567E+02
 13.656  0.5144E+00  0.1567E+02
 13.657  0.5108E+00  0.1567E+02
 13.658  0.5073E+00  0.1568E+02
 13.659  0.5037E+00  0.1568E+02
 13.660  0.5002E+00  0.1568E+02
 13.661  0.4967E+00  0.1568E+02
 13.662  0.4932E+00  0.1568E+02
 13.663  0.4897E+00  0.1568E+02
 13.664  0.4862E+00  0.1568E+02
 13.665  0.4828E+00  0.1568E+02
 13.666  0.4793E+00  0.1568E+02
 13.667  0.4757E+00  0.1568E+02
 13.668  0.4720E+00  0.1568E+02
 13.669  0.4684E+00  0.1568E+02
 13.670  0.4646E+00  0.1568E+02
 13.671  0.4610E+00  0.1568E+02
 13.672  0.4573E+00  0.1568E+02
 13.673  0.4537E+00  0.1568E+02
 13.674  0.4504E+00  0.1568E+02
 13.675  0.4472E+00  0.1568E+02
 13.676  0.4442E+00  0.1568E+02
 13.677  0.4412E+00  0.1568E+02
 13.678  0.4383E+00  0.1568E+02
 13.679  0.4353E+00  0.1569E+02
 13.680  0.4321E+00  0.1569E+02
 13.681  0.4289E+00  0.1569E+02
 13.682  0.4255E+00  0.1569E+02
 13.683  0.4217E+00  0.1569E+02
 13.684  0.4177E+00  0.1569E+02
 13.685  0.4138E+00  0.1569E+02
 13.686  0.4101E+00  0.1569E+02
 13.687  0.4066E+00  0.1569E+02
 13.688  0.4031E+00  0.1569E+02
 13.689  0.3998E+00  0.1569E+02
 13.690  0.3967E+00  0.1569E+02
 13.691  0.3938E+00  0.1569E+02
 13.692  0.3910E+00  0.1569E+02
 13.693  0.3884E+00  0.1569E+02
 13.694  0.3859E+00  0.1569E+02
 13.695  0.3836E+00  0.1569E+02
 13.696  0.3814E+00  0.1569E+02
 13.697  0.3794E+00  0.1569E+02
 13.698  0.3775E+00  0.1569E+02
 13.699  0.3757E+00  0.1569E+02
 13.700  0.3741E+00  0.1569E+02
 13.701  0.3726E+00  0.1569E+02
 13.702  0.3711E+00  0.1569E+02
 13.703  0.3696E+00  0.1569E+02
 13.704  0.3682E+00  0.1570E+02
 13.705  0.3668E+00  0.1570E+02
 13.706  0.3654E+00  0.1570E+02
 13.707  0.3641E+00  0.1570E+02
 13.708  0.3628E+00  0.1570E+02
 13.709  0.3615E+00  0.1570E+02
 13.710  0.3603E+00  0.1570E+02
 13.711  0.3591E+00  0.1570E+02
 13.712  0.3580E+00  0.1570E+02
 13.713  0.3569E+00  0.1570E+02
 13.714  0.3558E+00  0.1570E+02
 13.715  0.3548E+00  0.1570E+02
 13.716  0.3538E+00  0.1570E+02
 13.717  0.3528E+00  0.1570E+02
 13.718  0.3519E+00  0.1570E+02
 13.719  0.3510E+00  0.1570E+02
 13.720  0.3501E+00  0.1570E+02
 13.721  0.3493E+00  0.1570E+02
 13.722  0.3485E+00  0.1570E+02
 13.723  0.3477E+00  0.1570E+02
 13.724  0.3470E+00  0.1570E+02
 13.725  0.3463E+00  0.1570E+02
 13.726  0.3456E+00  0.1570E+02
 13.727  0.3449E+00  0.1570E+02
 13.728  0.3442E+00  0.1570E+02
 13.729  0.3435E+00  0.1570E+02
 13.730  0.3428E+00  0.1570E+02
 13.731  0.3422E+00  0.1570E+02
 13.732  0.3415E+00  0.1570E+02
 13.733  0.3409E+00  0.1571E+02
 13.734  0.3403E+00  0.1571E+02
 13.735  0.3397E+00  0.1571E+02
 13.736  0.3392E+00  0.1571E+02
 13.737  0.3386E+00  0.1571E+02
 13.738  0.3381E+00  0.1571E+02
 13.739  0.3376E+00  0.1571E+02
 13.740  0.3371E+00  0.1571E+02
 13.741  0.3366E+00  0.1571E+02
 13.742  0.3362E+00  0.1571E+02
 13.743  0.3357E+00  0.1571E+02
 13.744  0.3353E+00  0.1571E+02
 13.745  0.3349E+00  0.1571E+02
 13.746  0.3346E+00  0.1571E+02
 13.747  0.3342E+00  0.1571E+02
 13.748  0.3339E+00  0.1571E+02
 13.749  0.3336E+00  0.1571E+02
 13.750  0.3333E+00  0.1571E+02
 13.751  0.3330E+00  0.1571E+02
 13.752  0.3327E+00  0.1571E+02
 13.753  0.3325E+00  0.1571E+02
 13.754  0.3322E+00  0.1571E+02
 13.755  0.3320E+00  0.1571E+02
 13.756  0.3318E+00  0.1571E+02
 13.757  0.3316E+00  0.1571E+02
 13.758  0.3313E+00  0.1571E+02
 13.759  0.3311E+00  0.1571E+02
 13.760  0.3309E+00  0.1571E+02
 13.761  0.3307E+00  0.1571E+02
 13.762  0.3304E+00  0.1572E+02
 13.763  0.3302E+00  0.1572E+02
 13.764  0.3300E+00  0.1572E+02
 13.765  0.3297E+00  0.1572E+02
 13.766  0.3295E+00  0.1572E+02
 13.767  0.3293E+00  0.1572E+02
 13.768  0.3290E+00  0.1572E+02
 13.769  0.3288E+00  0.1572E+02
 13.770  0.3286E+00  0.1572E+02
 13.771  0.3283E+00  0.1572E+02
 13.772  0.3281E+00  0.1572E+02
 13.773  0.3279E+00  0.1572E+02
 13.774  0.3276E+00  0.1572E+02
 13.775  0.3274E+00  0.1572E+02
 13.776  0.3271E+00  0.1572E+02
 13.777  0.3269E+00  0.1572E+02
 13.778  0.3266E+00  0.1572E+02
 13.779  0.3264E+00  0.1572E+02
 13.780  0.3261E+00  0.1572E+02
 13.781  0.3259E+00  0.1572E+02
 13.782  0.3257E+00  0.1572E+02
 13.783  0.3254E+00  0.1572E+02
 13.784  0.3252E+00  0.1572E+02
 13.785  0.3249E+00  0.1572E+02
 13.786  0.3247E+00  0.1572E+02
 13.787  0.3244E+00  0.1572E+02
 13.788  0.3242E+00  0.1572E+02
 13.789  0.3239E+00  0.1572E+02
 13.790  0.3237E+00  0.1572E+02
 13.791  0.3235E+00  0.1572E+02
 13.792  0.3232E+00  0.1572E+02
 13.793  0.3230E+00  0.1573E+02
 13.794  0.3228E+00  0.1573E+02
 13.795  0.3225E+00  0.1573E+02
 13.796  0.3223E+00  0.1573E+02
 13.797  0.3221E+00  0.1573E+02
 13.798  0.3218E+00  0.1573E+02
 13.799  0.3216E+00  0.1573E+02
 13.800  0.3214E+00  0.1573E+02
 13.801  0.3212E+00  0.1573E+02
 13.802  0.3209E+00  0.1573E+02
 13.803  0.3207E+00  0.1573E+02
 13.804  0.3205E+00  0.1573E+02
 13.805  0.3203E+00  0.1573E+02
 13.806  0.3201E+00  0.1573E+02
 13.807  0.3199E+00  0.1573E+02
 13.808  0.3197E+00  0.1573E+02
 13.809  0.3195E+00  0.1573E+02
 13.810  0.3193E+00  0.1573E+02
 13.811  0.3191E+00  0.1573E+02
 13.812  0.3189E+00  0.1573E+02
 13.813  0.3187E+00  0.1573E+02
 13.814  0.3185E+00  0.1573E+02
 13.815  0.3183E+00  0.1573E+02
 13.816  0.3181E+00  0.1573E+02
 13.817  0.3180E+00  0.1573E+02
 13.818  0.3178E+00  0.1573E+02
 13.819  0.3176E+00  0.1573E+02
 13.820  0.3174E+00  0.1573E+02
 13.821  0.3173E+00  0.1573E+02
 13.822  0.3171E+00  0.1573E+02
 13.823  0.3169E+00  0.1573E+02
 13.824  0.3168E+00  0.1574E+02
 13.825  0.3166E+00  0.1574E+02
 13.826  0.3165E+00  0.1574E+02
 13.827  0.3163E+00  0.1574E+02
 13.828  0.3162E+00  0.1574E+02
 13.829  0.3160E+00  0.1574E+02
 13.830  0.3159E+00  0.1574E+02
 13.831  0.3157E+00  0.1574E+02
 13.832  0.3156E+00  0.1574E+02
 13.833  0.3155E+00  0.1574E+02
 13.834  0.3153E+00  0.1574E+02
 13.835  0.3152E+00  0.1574E+02
 13.836  0.3150E+00  0.1574E+02
 13.837  0.3149E+00  0.1574E+02
 13.838  0.3148E+00  0.1574E+02
 13.839  0.3146E+00  0.1574E+02
 13.840  0.3145E+00  0.1574E+02
 13.841  0.3143E+00  0.1574E+02
 13.842  0.3142E+00  0.1574E+02
 13.843  0.3141E+00  0.1574E+02
 13.844  0.3139E+00  0.1574E+02
 13.845  0.3138E+00  0.1574E+02
 13.846  0.3137E+00  0.1574E+02
 13.847  0.3135E+00  0.1574E+02
 13.848  0.3134E+00  0.1574E+02
 13.849  0.3133E+00  0.1574E+02
 13.850  0.3131E+00  0.1574E+02
 13.851  0.3131E+00  0.1574E+02
 13.852  0.3130E+00  0.1574E+02
 13.853  0.3129E+00  0.1574E+02
 13.854  0.3128E+00  0.1574E+02
 13.855  0.3128E+00  0.1574E+02
 13.856  0.3127E+00  0.1575E+02
 13.857  0.3126E+00  0.1575E+02
 13.858  0.3125E+00  0.1575E+02
 13.859  0.3125E+00  0.1575E+02
 13.860  0.3124E+00  0.1575E+02
 13.861  0.3123E+00  0.1575E+02
 13.862  0.3123E+00  0.1575E+02
 13.863  0.3122E+00  0.1575E+02
 13.864  0.3121E+00  0.1575E+02
 13.865  0.3120E+00  0.1575E+02
 13.866  0.3119E+00  0.1575E+02
 13.867  0.3119E+00  0.1575E+02
 13.868  0.3118E+00  0.1575E+02
 13.869  0.3117E+00  0.1575E+02
 13.870  0.3116E+00  0.1575E+02
 13.871  0.3115E+00  0.1575E+02
 13.872  0.3114E+00  0.1575E+02
 13.873  0.3113E+00  0.1575E+02
 13.874  0.3112E+00  0.1575E+02
 13.875  0.3111E+00  0.1575E+02
 13.876  0.3110E+00  0.1575E+02
 13.877  0.3109E+00  0.1575E+02
 13.878  0.3108E+00  0.1575E+02
 13.879  0.3107E+00  0.1575E+02
 13.880  0.3106E+00  0.1575E+02
 13.881  0.3104E+00  0.1575E+02
 13.882  0.3103E+00  0.1575E+02
 13.883  0.3102E+00  0.1575E+02
 13.884  0.3101E+00  0.1575E+02
 13.885  0.3100E+00  0.1575E+02
 13.886  0.3099E+00  0.1575E+02
 13.887  0.3098E+00  0.1575E+02
 13.888  0.3097E+00  0.1576E+02
 13.889  0.3095E+00  0.1576E+02
 13.890  0.3094E+00  0.1576E+02
 13.891  0.3093E+00  0.1576E+02
 13.892  0.3092E+00  0.1576E+02
 13.893  0.3091E+00  0.1576E+02
 13.894  0.3089E+00  0.1576E+02
 13.895  0.3088E+00  0.1576E+02
 13.896  0.3087E+00  0.1576E+02
 13.897  0.3086E+00  0.1576E+02
 13.898  0.3085E+00  0.1576E+02
 13.899  0.3083E+00  0.1576E+02
 13.900  0.3082E+00  0.1576E+02
 13.901  0.3081E+00  0.1576E+02
 13.902  0.3080E+00  0.1576E+02
 13.903  0.3078E+00  0.1576E+02
 13.904  0.3077E+00  0.1576E+02
 13.905  0.3075E+00  0.1576E+02
 13.906  0.3074E+00  0.1576E+02
 13.907  0.3072E+00  0.1576E+02
 13.908  0.3071E+00  0.1576E+02
 13.909  0.3069E+00  0.1576E+02
 13.910  0.3067E+00  0.1576E+02
 13.911  0.3066E+00  0.1576E+02
 13.912  0.3063E+00  0.1576E+02
 13.913  0.3061E+00  0.1576E+02
 13.914  0.3058E+00  0.1576E+02
 13.915  0.3056E+00  0.1576E+02
 13.916  0.3053E+00  0.1576E+02
 13.917  0.3051E+00  0.1576E+02
 13.918  0.3048E+00  0.1576E+02
 13.919  0.3046E+00  0.1576E+02
 13.920  0.3043E+00  0.1576E+02
 13.921  0.3041E+00  0.1577E+02
 13.922  0.3038E+00  0.1577E+02
 13.923  0.3035E+00  0.1577E+02
 13.924  0.3033E+00  0.1577E+02
 13.925  0.3030E+00  0.1577E+02
 13.926  0.3028E+00  0.1577E+02
 13.927  0.3025E+00  0.1577E+02
 13.928  0.3023E+00  0.1577E+02
 13.929  0.3020E+00  0.1577E+02
 13.930  0.3017E+00  0.1577E+02
 13.931  0.3015E+00  0.1577E+02
 13.932  0.3012E+00  0.1577E+02
 13.933  0.3010E+00  0.1577E+02
 13.934  0.3007E+00  0.1577E+02
 13.935  0.3004E+00  0.1577E+02
 13.936  0.3002E+00  0.1577E+02
 13.937  0.2999E+00  0.1577E+02
 13.938  0.2996E+00  0.1577E+02
 13.939  0.2994E+00  0.1577E+02
 13.940  0.2991E+00  0.1577E+02
 13.941  0.2988E+00  0.1577E+02
 13.942  0.2986E+00  0.1577E+02
 13.943  0.2983E+00  0.1577E+02
 13.944  0.2980E+00  0.1577E+02
 13.945  0.2977E+00  0.1577E+02
 13.946  0.2975E+00  0.1577E+02
 13.947  0.2972E+00  0.1577E+02
 13.948  0.2969E+00  0.1577E+02
 13.949  0.2966E+00  0.1577E+02
 13.950  0.2963E+00  0.1577E+02
 13.951  0.2961E+00  0.1577E+02
 13.952  0.2958E+00  0.1577E+02
 13.953  0.2955E+00  0.1577E+02
 13.954  0.2952E+00  0.1578E+02
 13.955  0.2949E+00  0.1578E+02
 13.956  0.2946E+00  0.1578E+02
 13.957  0.2943E+00  0.1578E+02
 13.958  0.2940E+00  0.1578E+02
 13.959  0.2937E+00  0.1578E+02
 13.960  0.2934E+00  0.1578E+02
 13.961  0.2931E+00  0.1578E+02
 13.962  0.2928E+00  0.1578E+02
 13.963  0.2925E+00  0.1578E+02
 13.964  0.2922E+00  0.1578E+02
 13.965  0.2919E+00  0.1578E+02
 13.966  0.2915E+00  0.1578E+02
 13.967  0.2912E+00  0.1578E+02
 13.968  0.2909E+00  0.1578E+02
 13.969  0.2905E+00  0.1578E+02
 13.970  0.2902E+00  0.1578E+02
 13.971  0.2898E+00  0.1578E+02
 13.972  0.2895E+00  0.1578E+02
 13.973  0.2891E+00  0.1578E+02
 13.974  0.2888E+00  0.1578E+02
 13.975  0.2884E+00  0.1578E+02
 13.976  0.2880E+00  0.1578E+02
 13.977  0.2876E+00  0.1578E+02
 13.978  0.2873E+00  0.1578E+02
 13.979  0.2869E+00  0.1578E+02
 13.980  0.2865E+00  0.1578E+02
 13.981  0.2861E+00  0.1578E+02
 13.982  0.2858E+00  0.1578E+02
 13.983  0.2855E+00  0.1578E+02
 13.984  0.2852E+00  0.1578E+02
 13.985  0.2849E+00  0.1578E+02
 13.986  0.2846E+00  0.1578E+02
 13.987  0.2843E+00  0.1578E+02
 13.988  0.2840E+00  0.1578E+02
 13.989  0.2836E+00  0.1579E+02
 13.990  0.2833E+00  0.1579E+02
 13.991  0.2830E+00  0.1579E+02
 13.992  0.2827E+00  0.1579E+02
 13.993  0.2824E+00  0.1579E+02
 13.994  0.2821E+00  0.1579E+02
 13.995  0.2818E+00  0.1579E+02
 13.996  0.2815E+00  0.1579E+02
 13.997  0.2812E+00  0.1579E+02
 13.998  0.2809E+00  0.1579E+02
 13.999  0.2806E+00  0.1579E+02
 14.000  0.2803E+00  0.1579E+02
 14.001  0.2800E+00  0.1579E+02
 14.002  0.2798E+00  0.1579E+02
 14.003  0.2795E+00  0.1579E+02
 14.004  0.2792E+00  0.1579E+02
 14.005  0.2790E+00  0.1579E+02
 14.006  0.2787E+00  0.1579E+02
 14.007  0.2784E+00  0.1579E+02
 14.008  0.2782E+00  0.1579E+02
 14.009  0.2779E+00  0.1579E+02
 14.010  0.2777E+00  0.1579E+02
 14.011  0.2774E+00  0.1579E+02
 14.012  0.2773E+00  0.1579E+02
 14.013  0.2772E+00  0.1579E+02
 14.014  0.2771E+00  0.1579E+02
 14.015  0.2770E+00  0.1579E+02
 14.016  0.2769E+00  0.1579E+02
 14.017  0.2768E+00  0.1579E+02
 14.018  0.2767E+00  0.1579E+02
 14.019  0.2766E+00  0.1579E+02
 14.020  0.2765E+00  0.1579E+02
 14.021  0.2764E+00  0.1579E+02
 14.022  0.2763E+00  0.1579E+02
 14.023  0.2761E+00  0.1579E+02
 14.024  0.2760E+00  0.1579E+02
 14.025  0.2759E+00  0.1580E+02
 14.026  0.2757E+00  0.1580E+02
 14.027  0.2756E+00  0.1580E+02
 14.028  0.2754E+00  0.1580E+02
 14.029  0.2753E+00  0.1580E+02
 14.030  0.2751E+00  0.1580E+02
 14.031  0.2749E+00  0.1580E+02
 14.032  0.2748E+00  0.1580E+02
 14.033  0.2746E+00  0.1580E+02
 14.034  0.2744E+00  0.1580E+02
 14.035  0.2742E+00  0.1580E+02
 14.036  0.2740E+00  0.1580E+02
 14.037  0.2738E+00  0.1580E+02
 14.038  0.2736E+00  0.1580E+02
 14.039  0.2734E+00  0.1580E+02
 14.040  0.2732E+00  0.1580E+02
 14.041  0.2730E+00  0.1580E+02
 14.042  0.2728E+00  0.1580E+02
 14.043  0.2725E+00  0.1580E+02
 14.044  0.2723E+00  0.1580E+02
 14.045  0.2721E+00  0.1580E+02
 14.046  0.2718E+00  0.1580E+02
 14.047  0.2716E+00  0.1580E+02
 14.048  0.2713E+00  0.1580E+02
 14.049  0.2710E+00  0.1580E+02
 14.050  0.2707E+00  0.1580E+02
 14.051  0.2704E+00  0.1580E+02
 14.052  0.2701E+00  0.1580E+02
 14.053  0.2697E+00  0.1580E+02
 14.054  0.2693E+00  0.1580E+02
 14.055  0.2688E+00  0.1580E+02
 14.056  0.2684E+00  0.1580E+02
 14.057  0.2680E+00  0.1580E+02
 14.058  0.2676E+00  0.1580E+02
 14.059  0.2672E+00  0.1580E+02
 14.060  0.2668E+00  0.1580E+02
 14.061  0.2663E+00  0.1581E+02
 14.062  0.2659E+00  0.1581E+02
 14.063  0.2655E+00  0.1581E+02
 14.064  0.2651E+00  0.1581E+02
 14.065  0.2647E+00  0.1581E+02
 14.066  0.2643E+00  0.1581E+02
 14.067  0.2639E+00  0.1581E+02
 14.068  0.2636E+00  0.1581E+02
 14.069  0.2632E+00  0.1581E+02
 14.070  0.2628E+00  0.1581E+02
 14.071  0.2624E+00  0.1581E+02
 14.072  0.2621E+00  0.1581E+02
 14.073  0.2617E+00  0.1581E+02
 14.074  0.2614E+00  0.1581E+02
 14.075  0.2611E+00  0.1581E+02
 14.076  0.2607E+00  0.1581E+02
 14.077  0.2604E+00  0.1581E+02
 14.078  0.2601E+00  0.1581E+02
 14.079  0.2598E+00  0.1581E+02
 14.080  0.2595E+00  0.1581E+02
 14.081  0.2592E+00  0.1581E+02
 14.082  0.2589E+00  0.1581E+02
 14.083  0.2586E+00  0.1581E+02
 14.084  0.2583E+00  0.1581E+02
 14.085  0.2581E+00  0.1581E+02
 14.086  0.2578E+00  0.1581E+02
 14.087  0.2575E+00  0.1581E+02
 14.088  0.2573E+00  0.1581E+02
 14.089  0.2570E+00  0.1581E+02
 14.090  0.2568E+00  0.1581E+02
 14.091  0.2565E+00  0.1581E+02
 14.092  0.2562E+00  0.1581E+02
 14.093  0.2560E+00  0.1581E+02
 14.094  0.2557E+00  0.1581E+02
 14.095  0.2555E+00  0.1581E+02
 14.096  0.2552E+00  0.1581E+02
 14.097  0.2550E+00  0.1581E+02
 14.098  0.2548E+00  0.1581E+02
 14.099  0.2545E+00  0.1581E+02
 14.100  0.2543E+00  0.1582E+02
 14.101  0.2540E+00  0.1582E+02
 14.102  0.2538E+00  0.1582E+02
 14.103  0.2536E+00  0.1582E+02
 14.104  0.2533E+00  0.1582E+02
 14.105  0.2531E+00  0.1582E+02
 14.106  0.2529E+00  0.1582E+02
 14.107  0.2526E+00  0.1582E+02
 14.108  0.2524E+00  0.1582E+02
 14.109  0.2522E+00  0.1582E+02
 14.110  0.2519E+00  0.1582E+02
 14.111  0.2517E+00  0.1582E+02
 14.112  0.2515E+00  0.1582E+02
 14.113  0.2512E+00  0.1582E+02
 14.114  0.2510E+00  0.1582E+02
 14.115  0.2508E+00  0.1582E+02
 14.116  0.2505E+00  0.1582E+02
 14.117  0.2503E+00  0.1582E+02
 14.118  0.2501E+00  0.1582E+02
 14.119  0.2499E+00  0.1582E+02
 14.120  0.2497E+00  0.1582E+02
 14.121  0.2495E+00  0.1582E+02
 14.122  0.2492E+00  0.1582E+02
 14.123  0.2490E+00  0.1582E+02
 14.124  0.2488E+00  0.1582E+02
 14.125  0.2486E+00  0.1582E+02
 14.126  0.2484E+00  0.1582E+02
 14.127  0.2482E+00  0.1582E+02
 14.128  0.2480E+00  0.1582E+02
 14.129  0.2478E+00  0.1582E+02
 14.130  0.2476E+00  0.1582E+02
 14.131  0.2474E+00  0.1582E+02
 14.132  0.2471E+00  0.1582E+02
 14.133  0.2469E+00  0.1582E+02
 14.134  0.2467E+00  0.1582E+02
 14.135  0.2465E+00  0.1582E+02
 14.136  0.2463E+00  0.1582E+02
 14.137  0.2461E+00  0.1582E+02
 14.138  0.2459E+00  0.1582E+02
 14.139  0.2457E+00  0.1582E+02
 14.140  0.2455E+00  0.1583E+02
 14.141  0.2453E+00  0.1583E+02
 14.142  0.2451E+00  0.1583E+02
 14.143  0.2449E+00  0.1583E+02
 14.144  0.2447E+00  0.1583E+02
 14.145  0.2445E+00  0.1583E+02
 14.146  0.2443E+00  0.1583E+02
 14.147  0.2441E+00  0.1583E+02
 14.148  0.2439E+00  0.1583E+02
 14.149  0.2437E+00  0.1583E+02
 14.150  0.2435E+00  0.1583E+02
 14.151  0.2433E+00  0.1583E+02
 14.152  0.2431E+00  0.1583E+02
 14.153  0.2429E+00  0.1583E+02
 14.154  0.2427E+00  0.1583E+02
 14.155  0.2425E+00  0.1583E+02
 14.156  0.2423E+00  0.1583E+02
 14.157  0.2421E+00  0.1583E+02
 14.158  0.2419E+00  0.1583E+02
 14.159  0.2417E+00  0.1583E+02
 14.160  0.2415E+00  0.1583E+02
 14.161  0.2413E+00  0.1583E+02
 14.162  0.2411E+00  0.1583E+02
 14.163  0.2409E+00  0.1583E+02
 14.164  0.2407E+00  0.1583E+02
 14.165  0.2405E+00  0.1583E+02
 14.166  0.2404E+00  0.1583E+02
 14.167  0.2402E+00  0.1583E+02
 14.168  0.2400E+00  0.1583E+02
 14.169  0.2398E+00  0.1583E+02
 14.170  0.2396E+00  0.1583E+02
 14.171  0.2394E+00  0.1583E+02
 14.172  0.2392E+00  0.1583E+02
 14.173  0.2390E+00  0.1583E+02
 14.174  0.2388E+00  0.1583E+02
 14.175  0.2386E+00  0.1583E+02
 14.176  0.2384E+00  0.1583E+02
 14.177  0.2382E+00  0.1583E+02
 14.178  0.2379E+00  0.1583E+02
 14.179  0.2377E+00  0.1583E+02
 14.180  0.2374E+00  0.1583E+02
 14.181  0.2371E+00  0.1584E+02
 14.182  0.2369E+00  0.1584E+02
 14.183  0.2366E+00  0.1584E+02
 14.184  0.2364E+00  0.1584E+02
 14.185  0.2361E+00  0.1584E+02
 14.186  0.2359E+00  0.1584E+02
 14.187  0.2357E+00  0.1584E+02
 14.188  0.2355E+00  0.1584E+02
 14.189  0.2353E+00  0.1584E+02
 14.190  0.2351E+00  0.1584E+02
 14.191  0.2350E+00  0.1584E+02
 14.192  0.2348E+00  0.1584E+02
 14.193  0.2346E+00  0.1584E+02
 14.194  0.2344E+00  0.1584E+02
 14.195  0.2343E+00  0.1584E+02
 14.196  0.2341E+00  0.1584E+02
 14.197  0.2339E+00  0.1584E+02
 14.198  0.2337E+00  0.1584E+02
 14.199  0.2336E+00  0.1584E+02
 14.200  0.2334E+00  0.1584E+02
 14.201  0.2332E+00  0.1584E+02
 14.202  0.2330E+00  0.1584E+02
 14.203  0.2329E+00  0.1584E+02
 14.204  0.2327E+00  0.1584E+02
 14.205  0.2326E+00  0.1584E+02
 14.206  0.2325E+00  0.1584E+02
 14.207  0.2325E+00  0.1584E+02
 14.208  0.2324E+00  0.1584E+02
 14.209  0.2324E+00  0.1584E+02
 14.210  0.2324E+00  0.1584E+02
 14.211  0.2322E+00  0.1584E+02
 14.212  0.2321E+00  0.1584E+02
 14.213  0.2319E+00  0.1584E+02
 14.214  0.2317E+00  0.1584E+02
 14.215  0.2316E+00  0.1584E+02
 14.216  0.2314E+00  0.1584E+02
 14.217  0.2312E+00  0.1584E+02
 14.218  0.2311E+00  0.1584E+02
 14.219  0.2309E+00  0.1584E+02
 14.220  0.2307E+00  0.1584E+02
 14.221  0.2306E+00  0.1584E+02
 14.222  0.2304E+00  0.1584E+02
 14.223  0.2302E+00  0.1584E+02
 14.224  0.2301E+00  0.1585E+02
 14.225  0.2299E+00  0.1585E+02
 14.226  0.2297E+00  0.1585E+02
 14.227  0.2296E+00  0.1585E+02
 14.228  0.2294E+00  0.1585E+02
 14.229  0.2292E+00  0.1585E+02
 14.230  0.2291E+00  0.1585E+02
 14.231  0.2289E+00  0.1585E+02
 14.232  0.2287E+00  0.1585E+02
 14.233  0.2286E+00  0.1585E+02
 14.234  0.2284E+00  0.1585E+02
 14.235  0.2282E+00  0.1585E+02
 14.236  0.2281E+00  0.1585E+02
 14.237  0.2279E+00  0.1585E+02
 14.238  0.2277E+00  0.1585E+02
 14.239  0.2275E+00  0.1585E+02
 14.240  0.2274E+00  0.1585E+02
 14.241  0.2272E+00  0.1585E+02
 14.242  0.2270E+00  0.1585E+02
 14.243  0.2269E+00  0.1585E+02
 14.244  0.2267E+00  0.1585E+02
 14.245  0.2265E+00  0.1585E+02
 14.246  0.2263E+00  0.1585E+02
 14.247  0.2262E+00  0.1585E+02
 14.248  0.2260E+00  0.1585E+02
 14.249  0.2258E+00  0.1585E+02
 14.250  0.2256E+00  0.1585E+02
 14.251  0.2255E+00  0.1585E+02
 14.252  0.2253E+00  0.1585E+02
 14.253  0.2251E+00  0.1585E+02
 14.254  0.2249E+00  0.1585E+02
 14.255  0.2248E+00  0.1585E+02
 14.256  0.2246E+00  0.1585E+02
 14.257  0.2244E+00  0.1585E+02
 14.258  0.2242E+00  0.1585E+02
 14.259  0.2240E+00  0.1585E+02
 14.260  0.2239E+00  0.1585E+02
 14.261  0.2237E+00  0.1585E+02
 14.262  0.2235E+00  0.1585E+02
 14.263  0.2233E+00  0.1585E+02
 14.264  0.2231E+00  0.1585E+02
 14.265  0.2229E+00  0.1585E+02
 14.266  0.2228E+00  0.1585E+02
 14.267  0.2226E+00  0.1585E+02
 14.268  0.2224E+00  0.1586E+02
 14.269  0.2222E+00  0.1586E+02
 14.270  0.2220E+00  0.1586E+02
 14.271  0.2218E+00  0.1586E+02
 14.272  0.2217E+00  0.1586E+02
 14.273  0.2215E+00  0.1586E+02
 14.274  0.2213E+00  0.1586E+02
 14.275  0.2211E+00  0.1586E+02
 14.276  0.2209E+00  0.1586E+02
 14.277  0.2208E+00  0.1586E+02
 14.278  0.2206E+00  0.1586E+02
 14.279  0.2204E+00  0.1586E+02
 14.280  0.2203E+00  0.1586E+02
 14.281  0.2201E+00  0.1586E+02
 14.282  0.2199E+00  0.1586E+02
 14.283  0.2198E+00  0.1586E+02
 14.284  0.2196E+00  0.1586E+02
 14.285  0.2194E+00  0.1586E+02
 14.286  0.2193E+00  0.1586E+02
 14.287  0.2191E+00  0.1586E+02
 14.288  0.2189E+00  0.1586E+02
 14.289  0.2188E+00  0.1586E+02
 14.290  0.2186E+00  0.1586E+02
 14.291  0.2185E+00  0.1586E+02
 14.292  0.2183E+00  0.1586E+02
 14.293  0.2181E+00  0.1586E+02
 14.294  0.2180E+00  0.1586E+02
 14.295  0.2178E+00  0.1586E+02
 14.296  0.2176E+00  0.1586E+02
 14.297  0.2175E+00  0.1586E+02
 14.298  0.2173E+00  0.1586E+02
 14.299  0.2172E+00  0.1586E+02
 14.300  0.2170E+00  0.1586E+02
 14.301  0.2168E+00  0.1586E+02
 14.302  0.2167E+00  0.1586E+02
 14.303  0.2165E+00  0.1586E+02
 14.304  0.2163E+00  0.1586E+02
 14.305  0.2162E+00  0.1586E+02
 14.306  0.2160E+00  0.1586E+02
 14.307  0.2158E+00  0.1586E+02
 14.308  0.2157E+00  0.1586E+02
 14.309  0.2155E+00  0.1586E+02
 14.310  0.2153E+00  0.1586E+02
 14.311  0.2151E+00  0.1586E+02
 14.312  0.2150E+00  0.1586E+02
 14.313  0.2148E+00  0.1586E+02
 14.314  0.2146E+00  0.1587E+02
 14.315  0.2145E+00  0.1587E+02
 14.316  0.2143E+00  0.1587E+02
 14.317  0.2141E+00  0.1587E+02
 14.318  0.2140E+00  0.1587E+02
 14.319  0.2138E+00  0.1587E+02
 14.320  0.2136E+00  0.1587E+02
 14.321  0.2134E+00  0.1587E+02
 14.322  0.2133E+00  0.1587E+02
 14.323  0.2131E+00  0.1587E+02
 14.324  0.2129E+00  0.1587E+02
 14.325  0.2128E+00  0.1587E+02
 14.326  0.2126E+00  0.1587E+02
 14.327  0.2124E+00  0.1587E+02
 14.328  0.2122E+00  0.1587E+02
 14.329  0.2121E+00  0.1587E+02
 14.330  0.2119E+00  0.1587E+02
 14.331  0.2117E+00  0.1587E+02
 14.332  0.2116E+00  0.1587E+02
 14.333  0.2114E+00  0.1587E+02
 14.334  0.2112E+00  0.1587E+02
 14.335  0.2110E+00  0.1587E+02
 14.336  0.2108E+00  0.1587E+02
 14.337  0.2107E+00  0.1587E+02
 14.338  0.2105E+00  0.1587E+02
 14.339  0.2103E+00  0.1587E+02
 14.340  0.2101E+00  0.1587E+02
 14.341  0.2099E+00  0.1587E+02
 14.342  0.2098E+00  0.1587E+02
 14.343  0.2096E+00  0.1587E+02
 14.344  0.2094E+00  0.1587E+02
 14.345  0.2092E+00  0.1587E+02
 14.346  0.2090E+00  0.1587E+02
 14.347  0.2088E+00  0.1587E+02
 14.348  0.2087E+00  0.1587E+02
 14.349  0.2085E+00  0.1587E+02
 14.350  0.2083E+00  0.1587E+02
 14.351  0.2081E+00  0.1587E+02
 14.352  0.2080E+00  0.1587E+02
 14.353  0.2078E+00  0.1587E+02
 14.354  0.2076E+00  0.1587E+02
 14.355  0.2074E+00  0.1587E+02
 14.356  0.2072E+00  0.1587E+02
 14.357  0.2071E+00  0.1587E+02
 14.358  0.2069E+00  0.1587E+02
 14.359  0.2067E+00  0.1587E+02
 14.360  0.2065E+00  0.1587E+02
 14.361  0.2064E+00  0.1587E+02
 14.362  0.2062E+00  0.1588E+02
 14.363  0.2060E+00  0.1588E+02
 14.364  0.2058E+00  0.1588E+02
 14.365  0.2057E+00  0.1588E+02
 14.366  0.2055E+00  0.1588E+02
 14.367  0.2053E+00  0.1588E+02
 14.368  0.2051E+00  0.1588E+02
 14.369  0.2050E+00  0.1588E+02
 14.370  0.2048E+00  0.1588E+02
 14.371  0.2046E+00  0.1588E+02
 14.372  0.2044E+00  0.1588E+02
 14.373  0.2043E+00  0.1588E+02
 14.374  0.2041E+00  0.1588E+02
 14.375  0.2039E+00  0.1588E+02
 14.376  0.2037E+00  0.1588E+02
 14.377  0.2036E+00  0.1588E+02
 14.378  0.2034E+00  0.1588E+02
 14.379  0.2032E+00  0.1588E+02
 14.380  0.2031E+00  0.1588E+02
 14.381  0.2029E+00  0.1588E+02
 14.382  0.2027E+00  0.1588E+02
 14.383  0.2025E+00  0.1588E+02
 14.384  0.2024E+00  0.1588E+02
 14.385  0.2022E+00  0.1588E+02
 14.386  0.2020E+00  0.1588E+02
 14.387  0.2018E+00  0.1588E+02
 14.388  0.2017E+00  0.1588E+02
 14.389  0.2015E+00  0.1588E+02
 14.390  0.2013E+00  0.1588E+02
 14.391  0.2011E+00  0.1588E+02
 14.392  0.2010E+00  0.1588E+02
 14.393  0.2008E+00  0.1588E+02
 14.394  0.2006E+00  0.1588E+02
 14.395  0.2004E+00  0.1588E+02
 14.396  0.2003E+00  0.1588E+02
 14.397  0.2001E+00  0.1588E+02
 14.398  0.1999E+00  0.1588E+02
 14.399  0.1997E+00  0.1588E+02
 14.400  0.1996E+00  0.1588E+02
 14.401  0.1994E+00  0.1588E+02
 14.402  0.1992E+00  0.1588E+02
 14.403  0.1990E+00  0.1588E+02
 14.404  0.1988E+00  0.1588E+02
 14.405  0.1985E+00  0.1588E+02
 14.406  0.1983E+00  0.1588E+02
 14.407  0.1981E+00  0.1588E+02
 14.408  0.1979E+00  0.1588E+02
 14.409  0.1976E+00  0.1588E+02
 14.410  0.1974E+00  0.1588E+02
 14.411  0.1973E+00  0.1589E+02
 14.412  0.1971E+00  0.1589E+02
 14.413  0.1969E+00  0.1589E+02
 14.414  0.1967E+00  0.1589E+02
 14.415  0.1966E+00  0.1589E+02
 14.416  0.1964E+00  0.1589E+02
 14.417  0.1963E+00  0.1589E+02
 14.418  0.1962E+00  0.1589E+02
 14.419  0.1960E+00  0.1589E+02
 14.420  0.1959E+00  0.1589E+02
 14.421  0.1958E+00  0.1589E+02
 14.422  0.1956E+00  0.1589E+02
 14.423  0.1955E+00  0.1589E+02
 14.424  0.1954E+00  0.1589E+02
 14.425  0.1952E+00  0.1589E+02
 14.426  0.1951E+00  0.1589E+02
 14.427  0.1949E+00  0.1589E+02
 14.428  0.1948E+00  0.1589E+02
 14.429  0.1946E+00  0.1589E+02
 14.430  0.1945E+00  0.1589E+02
 14.431  0.1943E+00  0.1589E+02
 14.432  0.1942E+00  0.1589E+02
 14.433  0.1940E+00  0.1589E+02
 14.434  0.1939E+00  0.1589E+02
 14.435  0.1938E+00  0.1589E+02
 14.436  0.1936E+00  0.1589E+02
 14.437  0.1935E+00  0.1589E+02
 14.438  0.1933E+00  0.1589E+02
 14.439  0.1932E+00  0.1589E+02
 14.440  0.1930E+00  0.1589E+02
 14.441  0.1929E+00  0.1589E+02
 14.442  0.1927E+00  0.1589E+02
 14.443  0.1926E+00  0.1589E+02
 14.444  0.1924E+00  0.1589E+02
 14.445  0.1923E+00  0.1589E+02
 14.446  0.1922E+00  0.1589E+02
 14.447  0.1920E+00  0.1589E+02
 14.448  0.1919E+00  0.1589E+02
 14.449  0.1917E+00  0.1589E+02
 14.450  0.1916E+00  0.1589E+02
 14.451  0.1914E+00  0.1589E+02
 14.452  0.1913E+00  0.1589E+02
 14.453  0.1911E+00  0.1589E+02
 14.454  0.1910E+00  0.1589E+02
 14.455  0.1909E+00  0.1589E+02
 14.456  0.1907E+00  0.1589E+02
 14.457  0.1906E+00  0.1589E+02
 14.458  0.1904E+00  0.1589E+02
 14.459  0.1902E+00  0.1589E+02
 14.460  0.1901E+00  0.1589E+02
 14.461  0.1899E+00  0.1589E+02
 14.462  0.1898E+00  0.1589E+02
 14.463  0.1896E+00  0.1590E+02
 14.464  0.1894E+00  0.1590E+02
 14.465  0.1893E+00  0.1590E+02
 14.466  0.1891E+00  0.1590E+02
 14.467  0.1890E+00  0.1590E+02
 14.468  0.1888E+00  0.1590E+02
 14.469  0.1886E+00  0.1590E+02
 14.470  0.1884E+00  0.1590E+02
 14.471  0.1883E+00  0.1590E+02
 14.472  0.1881E+00  0.1590E+02
 14.473  0.1879E+00  0.1590E+02
 14.474  0.1878E+00  0.1590E+02
 14.475  0.1876E+00  0.1590E+02
 14.476  0.1874E+00  0.1590E+02
 14.477  0.1873E+00  0.1590E+02
 14.478  0.1871E+00  0.1590E+02
 14.479  0.1869E+00  0.1590E+02
 14.480  0.1868E+00  0.1590E+02
 14.481  0.1866E+00  0.1590E+02
 14.482  0.1865E+00  0.1590E+02
 14.483  0.1864E+00  0.1590E+02
 14.484  0.1862E+00  0.1590E+02
 14.485  0.1861E+00  0.1590E+02
 14.486  0.1860E+00  0.1590E+02
 14.487  0.1858E+00  0.1590E+02
 14.488  0.1857E+00  0.1590E+02
 14.489  0.1855E+00  0.1590E+02
 14.490  0.1854E+00  0.1590E+02
 14.491  0.1852E+00  0.1590E+02
 14.492  0.1851E+00  0.1590E+02
 14.493  0.1849E+00  0.1590E+02
 14.494  0.1848E+00  0.1590E+02
 14.495  0.1846E+00  0.1590E+02
 14.496  0.1845E+00  0.1590E+02
 14.497  0.1843E+00  0.1590E+02
 14.498  0.1841E+00  0.1590E+02
 14.499  0.1840E+00  0.1590E+02
 14.500  0.1838E+00  0.1590E+02
 14.501  0.1836E+00  0.1590E+02
 14.502  0.1835E+00  0.1590E+02
 14.503  0.1833E+00  0.1590E+02
 14.504  0.1831E+00  0.1590E+02
 14.505  0.1829E+00  0.1590E+02
 14.506  0.1827E+00  0.1590E+02
 14.507  0.1826E+00  0.1590E+02
 14.508  0.1824E+00  0.1590E+02
 14.509  0.1822E+00  0.1590E+02
 14.510  0.1820E+00  0.1590E+02
 14.511  0.1818E+00  0.1590E+02
 14.512  0.1816E+00  0.1590E+02
 14.513  0.1814E+00  0.1590E+02
 14.514  0.1812E+00  0.1590E+02
 14.515  0.1810E+00  0.1590E+02
 14.516  0.1808E+00  0.1590E+02
 14.517  0.1806E+00  0.1591E+02
 14.518  0.1804E+00  0.1591E+02
 14.519  0.1802E+00  0.1591E+02
 14.520  0.1800E+00  0.1591E+02
 14.521  0.1798E+00  0.1591E+02
 14.522  0.1796E+00  0.1591E+02
 14.523  0.1793E+00  0.1591E+02
 14.524  0.1791E+00  0.1591E+02
 14.525  0.1789E+00  0.1591E+02
 14.526  0.1787E+00  0.1591E+02
 14.527  0.1785E+00  0.1591E+02
 14.528  0.1782E+00  0.1591E+02
 14.529  0.1780E+00  0.1591E+02
 14.530  0.1778E+00  0.1591E+02
 14.531  0.1776E+00  0.1591E+02
 14.532  0.1774E+00  0.1591E+02
 14.533  0.1771E+00  0.1591E+02
 14.534  0.1769E+00  0.1591E+02
 14.535  0.1767E+00  0.1591E+02
 14.536  0.1765E+00  0.1591E+02
 14.537  0.1763E+00  0.1591E+02
 14.538  0.1761E+00  0.1591E+02
 14.539  0.1758E+00  0.1591E+02
 14.540  0.1756E+00  0.1591E+02
 14.541  0.1754E+00  0.1591E+02
 14.542  0.1752E+00  0.1591E+02
 14.543  0.1750E+00  0.1591E+02
 14.544  0.1748E+00  0.1591E+02
 14.545  0.1746E+00  0.1591E+02
 14.546  0.1744E+00  0.1591E+02
 14.547  0.1741E+00  0.1591E+02
 14.548  0.1739E+00  0.1591E+02
 14.549  0.1737E+00  0.1591E+02
 14.550  0.1735E+00  0.1591E+02
 14.551  0.1733E+00  0.1591E+02
 14.552  0.1731E+00  0.1591E+02
 14.553  0.1729E+00  0.1591E+02
 14.554  0.1727E+00  0.1591E+02
 14.555  0.1725E+00  0.1591E+02
 14.556  0.1723E+00  0.1591E+02
 14.557  0.1721E+00  0.1591E+02
 14.558  0.1719E+00  0.1591E+02
 14.559  0.1717E+00  0.1591E+02
 14.560  0.1715E+00  0.1591E+02
 14.561  0.1713E+00  0.1591E+02
 14.562  0.1711E+00  0.1591E+02
 14.563  0.1709E+00  0.1591E+02
 14.564  0.1707E+00  0.1591E+02
 14.565  0.1705E+00  0.1591E+02
 14.566  0.1704E+00  0.1591E+02
 14.567  0.1702E+00  0.1591E+02
 14.568  0.1701E+00  0.1591E+02
 14.569  0.1699E+00  0.1591E+02
 14.570  0.1698E+00  0.1591E+02
 14.571  0.1697E+00  0.1591E+02
 14.572  0.1695E+00  0.1591E+02
 14.573  0.1694E+00  0.1591E+02
 14.574  0.1693E+00  0.1592E+02
 14.575  0.1692E+00  0.1592E+02
 14.576  0.1692E+00  0.1592E+02
 14.577  0.1691E+00  0.1592E+02
 14.578  0.1690E+00  0.1592E+02
 14.579  0.1690E+00  0.1592E+02
 14.580  0.1690E+00  0.1592E+02
 14.581  0.1690E+00  0.1592E+02
 14.582  0.1690E+00  0.1592E+02
 14.583  0.1690E+00  0.1592E+02
 14.584  0.1690E+00  0.1592E+02
 14.585  0.1689E+00  0.1592E+02
 14.586  0.1688E+00  0.1592E+02
 14.587  0.1686E+00  0.1592E+02
 14.588  0.1685E+00  0.1592E+02
 14.589  0.1683E+00  0.1592E+02
 14.590  0.1682E+00  0.1592E+02
 14.591  0.1680E+00  0.1592E+02
 14.592  0.1678E+00  0.1592E+02
 14.593  0.1677E+00  0.1592E+02
 14.594  0.1675E+00  0.1592E+02
 14.595  0.1673E+00  0.1592E+02
 14.596  0.1671E+00  0.1592E+02
 14.597  0.1669E+00  0.1592E+02
 14.598  0.1667E+00  0.1592E+02
 14.599  0.1664E+00  0.1592E+02
 14.600  0.1662E+00  0.1592E+02
 14.601  0.1660E+00  0.1592E+02
 14.602  0.1658E+00  0.1592E+02
 14.603  0.1655E+00  0.1592E+02
 14.604  0.1653E+00  0.1592E+02
 14.605  0.1650E+00  0.1592E+02
 14.606  0.1648E+00  0.1592E+02
 14.607  0.1645E+00  0.1592E+02
 14.608  0.1642E+00  0.1592E+02
 14.609  0.1640E+00  0.1592E+02
 14.610  0.1637E+00  0.1592E+02
 14.611  0.1634E+00  0.1592E+02
 14.612  0.1631E+00  0.1592E+02
 14.613  0.1629E+00  0.1592E+02
 14.614  0.1627E+00  0.1592E+02
 14.615  0.1624E+00  0.1592E+02
 14.616  0.1622E+00  0.1592E+02
 14.617  0.1620E+00  0.1592E+02
 14.618  0.1618E+00  0.1592E+02
 14.619  0.1615E+00  0.1592E+02
 14.620  0.1613E+00  0.1592E+02
 14.621  0.1611E+00  0.1592E+02
 14.622  0.1609E+00  0.1592E+02
 14.623  0.1607E+00  0.1592E+02
 14.624  0.1604E+00  0.1592E+02
 14.625  0.1602E+00  0.1592E+02
 14.626  0.1600E+00  0.1592E+02
 14.627  0.1598E+00  0.1592E+02
 14.628  0.1596E+00  0.1592E+02
 14.629  0.1594E+00  0.1592E+02
 14.630  0.1592E+00  0.1592E+02
 14.631  0.1590E+00  0.1592E+02
 14.632  0.1588E+00  0.1592E+02
 14.633  0.1586E+00  0.1592E+02
 14.634  0.1584E+00  0.1592E+02
 14.635  0.1582E+00  0.1593E+02
 14.636  0.1580E+00  0.1593E+02
 14.637  0.1578E+00  0.1593E+02
 14.638  0.1576E+00  0.1593E+02
 14.639  0.1575E+00  0.1593E+02
 14.640  0.1573E+00  0.1593E+02
 14.641  0.1571E+00  0.1593E+02
 14.642  0.1569E+00  0.1593E+02
 14.643  0.1567E+00  0.1593E+02
 14.644  0.1566E+00  0.1593E+02
 14.645  0.1564E+00  0.1593E+02
 14.646  0.1562E+00  0.1593E+02
 14.647  0.1561E+00  0.1593E+02
 14.648  0.1559E+00  0.1593E+02
 14.649  0.1557E+00  0.1593E+02
 14.650  0.1556E+00  0.1593E+02
 14.651  0.1554E+00  0.1593E+02
 14.652  0.1552E+00  0.1593E+02
 14.653  0.1551E+00  0.1593E+02
 14.654  0.1549E+00  0.1593E+02
 14.655  0.1546E+00  0.1593E+02
 14.656  0.1542E+00  0.1593E+02
 14.657  0.1539E+00  0.1593E+02
 14.658  0.1536E+00  0.1593E+02
 14.659  0.1532E+00  0.1593E+02
 14.660  0.1529E+00  0.1593E+02
 14.661  0.1526E+00  0.1593E+02
 14.662  0.1522E+00  0.1593E+02
 14.663  0.1519E+00  0.1593E+02
 14.664  0.1516E+00  0.1593E+02
 14.665  0.1512E+00  0.1593E+02
 14.666  0.1509E+00  0.1593E+02
 14.667  0.1505E+00  0.1593E+02
 14.668  0.1502E+00  0.1593E+02
 14.669  0.1500E+00  0.1593E+02
 14.670  0.1498E+00  0.1593E+02
 14.671  0.1496E+00  0.1593E+02
 14.672  0.1494E+00  0.1593E+02
 14.673  0.1491E+00  0.1593E+02
 14.674  0.1489E+00  0.1593E+02
 14.675  0.1487E+00  0.1593E+02
 14.676  0.1485E+00  0.1593E+02
 14.677  0.1483E+00  0.1593E+02
 14.678  0.1481E+00  0.1593E+02
 14.679  0.1479E+00  0.1593E+02
 14.680  0.1477E+00  0.1593E+02
 14.681  0.1475E+00  0.1593E+02
 14.682  0.1473E+00  0.1593E+02
 14.683  0.1471E+00  0.1593E+02
 14.684  0.1469E+00  0.1593E+02
 14.685  0.1467E+00  0.1593E+02
 14.686  0.1465E+00  0.1593E+02
 14.687  0.1466E+00  0.1593E+02
 14.688  0.1464E+00  0.1593E+02
 14.689  0.1463E+00  0.1593E+02
 14.690  0.1461E+00  0.1593E+02
 14.691  0.1459E+00  0.1593E+02
 14.692  0.1457E+00  0.1593E+02
 14.693  0.1456E+00  0.1593E+02
 14.694  0.1454E+00  0.1593E+02
 14.695  0.1452E+00  0.1593E+02
 14.696  0.1450E+00  0.1593E+02
 14.697  0.1449E+00  0.1593E+02
 14.698  0.1447E+00  0.1593E+02
 14.699  0.1445E+00  0.1593E+02
 14.700  0.1443E+00  0.1593E+02
 14.701  0.1442E+00  0.1594E+02
 14.702  0.1440E+00  0.1594E+02
 14.703  0.1438E+00  0.1594E+02
 14.704  0.1437E+00  0.1594E+02
 14.705  0.1435E+00  0.1594E+02
 14.706  0.1433E+00  0.1594E+02
 14.707  0.1431E+00  0.1594E+02
 14.708  0.1430E+00  0.1594E+02
 14.709  0.1428E+00  0.1594E+02
 14.710  0.1426E+00  0.1594E+02
 14.711  0.1425E+00  0.1594E+02
 14.712  0.1423E+00  0.1594E+02
 14.713  0.1421E+00  0.1594E+02
 14.714  0.1419E+00  0.1594E+02
 14.715  0.1418E+00  0.1594E+02
 14.716  0.1416E+00  0.1594E+02
 14.717  0.1414E+00  0.1594E+02
 14.718  0.1413E+00  0.1594E+02
 14.719  0.1411E+00  0.1594E+02
 14.720  0.1409E+00  0.1594E+02
 14.721  0.1407E+00  0.1594E+02
 14.722  0.1406E+00  0.1594E+02
 14.723  0.1404E+00  0.1594E+02
 14.724  0.1402E+00  0.1594E+02
 14.725  0.1401E+00  0.1594E+02
 14.726  0.1399E+00  0.1594E+02
 14.727  0.1397E+00  0.1594E+02
 14.728  0.1396E+00  0.1594E+02
 14.729  0.1394E+00  0.1594E+02
 14.730  0.1392E+00  0.1594E+02
 14.731  0.1391E+00  0.1594E+02
 14.732  0.1389E+00  0.1594E+02
 14.733  0.1387E+00  0.1594E+02
 14.734  0.1386E+00  0.1594E+02
 14.735  0.1384E+00  0.1594E+02
 14.736  0.1382E+00  0.1594E+02
 14.737  0.1381E+00  0.1594E+02
 14.738  0.1379E+00  0.1594E+02
 14.739  0.1377E+00  0.1594E+02
 14.740  0.1376E+00  0.1594E+02
 14.741  0.1374E+00  0.1594E+02
 14.742  0.1372E+00  0.1594E+02
 14.743  0.1371E+00  0.1594E+02
 14.744  0.1369E+00  0.1594E+02
 14.745  0.1367E+00  0.1594E+02
 14.746  0.1366E+00  0.1594E+02
 14.747  0.1364E+00  0.1594E+02
 14.748  0.1362E+00  0.1594E+02
 14.749  0.1361E+00  0.1594E+02
 14.750  0.1359E+00  0.1594E+02
 14.751  0.1357E+00  0.1594E+02
 14.752  0.1356E+00  0.1594E+02
 14.753  0.1354E+00  0.1594E+02
 14.754  0.1352E+00  0.1594E+02
 14.755  0.1351E+00  0.1594E+02
 14.756  0.1349E+00  0.1594E+02
 14.757  0.1347E+00  0.1594E+02
 14.758  0.1346E+00  0.1594E+02
 14.759  0.1344E+00  0.1594E+02
 14.760  0.1342E+00  0.1594E+02
 14.761  0.1341E+00  0.1594E+02
 14.762  0.1339E+00  0.1594E+02
 14.763  0.1337E+00  0.1594E+02
 14.764  0.1336E+00  0.1594E+02
 14.765  0.1334E+00  0.1594E+02
 14.766  0.1332E+00  0.1594E+02
 14.767  0.1331E+00  0.1594E+02
 14.768  0.1329E+00  0.1594E+02
 14.769  0.1327E+00  0.1594E+02
 14.770  0.1325E+00  0.1594E+02
 14.771  0.1324E+00  0.1594E+02
 14.772  0.1322E+00  0.1594E+02
 14.773  0.1320E+00  0.1594E+02
 14.774  0.1319E+00  0.1595E+02
 14.775  0.1317E+00  0.1595E+02
 14.776  0.1315E+00  0.1595E+02
 14.777  0.1313E+00  0.1595E+02
 14.778  0.1312E+00  0.1595E+02
 14.779  0.1310E+00  0.1595E+02
 14.780  0.1308E+00  0.1595E+02
 14.781  0.1307E+00  0.1595E+02
 14.782  0.1305E+00  0.1595E+02
 14.783  0.1303E+00  0.1595E+02
 14.784  0.1301E+00  0.1595E+02
 14.785  0.1300E+00  0.1595E+02
 14.786  0.1298E+00  0.1595E+02
 14.787  0.1296E+00  0.1595E+02
 14.788  0.1294E+00  0.1595E+02
 14.789  0.1293E+00  0.1595E+02
 14.790  0.1291E+00  0.1595E+02
 14.791  0.1289E+00  0.1595E+02
 14.792  0.1287E+00  0.1595E+02
 14.793  0.1286E+00  0.1595E+02
 14.794  0.1284E+00  0.1595E+02
 14.795  0.1282E+00  0.1595E+02
 14.796  0.1280E+00  0.1595E+02
 14.797  0.1279E+00  0.1595E+02
 14.798  0.1277E+00  0.1595E+02
 14.799  0.1275E+00  0.1595E+02
 14.800  0.1273E+00  0.1595E+02
 14.801  0.1272E+00  0.1595E+02
 14.802  0.1270E+00  0.1595E+02
 14.803  0.1268E+00  0.1595E+02
 14.804  0.1267E+00  0.1595E+02
 14.805  0.1265E+00  0.1595E+02
 14.806  0.1263E+00  0.1595E+02
 14.807  0.1261E+00  0.1595E+02
 14.808  0.1260E+00  0.1595E+02
 14.809  0.1258E+00  0.1595E+02
 14.810  0.1256E+00  0.1595E+02
 14.811  0.1255E+00  0.1595E+02
 14.812  0.1253E+00  0.1595E+02
 14.813  0.1251E+00  0.1595E+02
 14.814  0.1250E+00  0.1595E+02
 14.815  0.1248E+00  0.1595E+02
 14.816  0.1246E+00  0.1595E+02
 14.817  0.1245E+00  0.1595E+02
 14.818  0.1243E+00  0.1595E+02
 14.819  0.1241E+00  0.1595E+02
 14.820  0.1240E+00  0.1595E+02
 14.821  0.1238E+00  0.1595E+02
 14.822  0.1236E+00  0.1595E+02
 14.823  0.1235E+00  0.1595E+02
 14.824  0.1233E+00  0.1595E+02
 14.825  0.1231E+00  0.1595E+02
 14.826  0.1230E+00  0.1595E+02
 14.827  0.1228E+00  0.1595E+02
 14.828  0.1226E+00  0.1595E+02
 14.829  0.1225E+00  0.1595E+02
 14.830  0.1223E+00  0.1595E+02
 14.831  0.1221E+00  0.1595E+02
 14.832  0.1220E+00  0.1595E+02
 14.833  0.1218E+00  0.1595E+02
 14.834  0.1216E+00  0.1595E+02
 14.835  0.1214E+00  0.1595E+02
 14.836  0.1213E+00  0.1595E+02
 14.837  0.1211E+00  0.1595E+02
 14.838  0.1209E+00  0.1595E+02
 14.839  0.1207E+00  0.1595E+02
 14.840  0.1205E+00  0.1595E+02
 14.841  0.1203E+00  0.1595E+02
 14.842  0.1201E+00  0.1595E+02
 14.843  0.1199E+00  0.1595E+02
 14.844  0.1197E+00  0.1595E+02
 14.845  0.1195E+00  0.1595E+02
 14.846  0.1194E+00  0.1595E+02
 14.847  0.1192E+00  0.1595E+02
 14.848  0.1190E+00  0.1595E+02
 14.849  0.1188E+00  0.1595E+02
 14.850  0.1186E+00  0.1595E+02
 14.851  0.1184E+00  0.1595E+02
 14.852  0.1182E+00  0.1595E+02
 14.853  0.1180E+00  0.1595E+02
 14.854  0.1178E+00  0.1596E+02
 14.855  0.1176E+00  0.1596E+02
 14.856  0.1175E+00  0.1596E+02
 14.857  0.1173E+00  0.1596E+02
 14.858  0.1171E+00  0.1596E+02
 14.859  0.1169E+00  0.1596E+02
 14.860  0.1167E+00  0.1596E+02
 14.861  0.1165E+00  0.1596E+02
 14.862  0.1164E+00  0.1596E+02
 14.863  0.1162E+00  0.1596E+02
 14.864  0.1160E+00  0.1596E+02
 14.865  0.1158E+00  0.1596E+02
 14.866  0.1157E+00  0.1596E+02
 14.867  0.1155E+00  0.1596E+02
 14.868  0.1153E+00  0.1596E+02
 14.869  0.1151E+00  0.1596E+02
 14.870  0.1150E+00  0.1596E+02
 14.871  0.1148E+00  0.1596E+02
 14.872  0.1146E+00  0.1596E+02
 14.873  0.1145E+00  0.1596E+02
 14.874  0.1143E+00  0.1596E+02
 14.875  0.1142E+00  0.1596E+02
 14.876  0.1140E+00  0.1596E+02
 14.877  0.1139E+00  0.1596E+02
 14.878  0.1138E+00  0.1596E+02
 14.879  0.1136E+00  0.1596E+02
 14.880  0.1134E+00  0.1596E+02
 14.881  0.1133E+00  0.1596E+02
 14.882  0.1131E+00  0.1596E+02
 14.883  0.1129E+00  0.1596E+02
 14.884  0.1128E+00  0.1596E+02
 14.885  0.1126E+00  0.1596E+02
 14.886  0.1124E+00  0.1596E+02
 14.887  0.1122E+00  0.1596E+02
 14.888  0.1121E+00  0.1596E+02
 14.889  0.1119E+00  0.1596E+02
 14.890  0.1117E+00  0.1596E+02
 14.891  0.1116E+00  0.1596E+02
 14.892  0.1114E+00  0.1596E+02
 14.893  0.1112E+00  0.1596E+02
 14.894  0.1111E+00  0.1596E+02
 14.895  0.1109E+00  0.1596E+02
 14.896  0.1107E+00  0.1596E+02
 14.897  0.1106E+00  0.1596E+02
 14.898  0.1104E+00  0.1596E+02
 14.899  0.1102E+00  0.1596E+02
 14.900  0.1101E+00  0.1596E+02
 14.901  0.1099E+00  0.1596E+02
 14.902  0.1097E+00  0.1596E+02
 14.903  0.1096E+00  0.1596E+02
 14.904  0.1094E+00  0.1596E+02
 14.905  0.1092E+00  0.1596E+02
 14.906  0.1091E+00  0.1596E+02
 14.907  0.1089E+00  0.1596E+02
 14.908  0.1087E+00  0.1596E+02
 14.909  0.1086E+00  0.1596E+02
 14.910  0.1084E+00  0.1596E+02
 14.911  0.1082E+00  0.1596E+02
 14.912  0.1081E+00  0.1596E+02
 14.913  0.1079E+00  0.1596E+02
 14.914  0.1077E+00  0.1596E+02
 14.915  0.1076E+00  0.1596E+02
 14.916  0.1074E+00  0.1596E+02
 14.917  0.1072E+00  0.1596E+02
 14.918  0.1070E+00  0.1596E+02
 14.919  0.1069E+00  0.1596E+02
 14.920  0.1067E+00  0.1596E+02
 14.921  0.1065E+00  0.1596E+02
 14.922  0.1063E+00  0.1596E+02
 14.923  0.1061E+00  0.1596E+02
 14.924  0.1060E+00  0.1596E+02
 14.925  0.1058E+00  0.1596E+02
 14.926  0.1056E+00  0.1596E+02
 14.927  0.1054E+00  0.1596E+02
 14.928  0.1052E+00  0.1596E+02
 14.929  0.1050E+00  0.1596E+02
 14.930  0.1048E+00  0.1596E+02
 14.931  0.1047E+00  0.1596E+02
 14.932  0.1045E+00  0.1596E+02
 14.933  0.1043E+00  0.1596E+02
 14.934  0.1041E+00  0.1596E+02
 14.935  0.1039E+00  0.1596E+02
 14.936  0.1037E+00  0.1596E+02
 14.937  0.1036E+00  0.1596E+02
 14.938  0.1034E+00  0.1596E+02
 14.939  0.1033E+00  0.1596E+02
 14.940  0.1031E+00  0.1596E+02
 14.941  0.1030E+00  0.1596E+02
 14.942  0.1028E+00  0.1596E+02
 14.943  0.1027E+00  0.1596E+02
 14.944  0.1025E+00  0.1597E+02
 14.945  0.1024E+00  0.1597E+02
 14.946  0.1023E+00  0.1597E+02
 14.947  0.1022E+00  0.1597E+02
 14.948  0.1021E+00  0.1597E+02
 14.949  0.1020E+00  0.1597E+02
 14.950  0.1019E+00  0.1597E+02
 14.951  0.1018E+00  0.1597E+02
 14.952  0.1017E+00  0.1597E+02
 14.953  0.1016E+00  0.1597E+02
 14.954  0.1015E+00  0.1597E+02
 14.955  0.1014E+00  0.1597E+02
 14.956  0.1014E+00  0.1597E+02
 14.957  0.1013E+00  0.1597E+02
 14.958  0.1013E+00  0.1597E+02
 14.959  0.1012E+00  0.1597E+02
 14.960  0.1011E+00  0.1597E+02
 14.961  0.1011E+00  0.1597E+02
 14.962  0.1010E+00  0.1597E+02
 14.963  0.1010E+00  0.1597E+02
 14.964  0.1009E+00  0.1597E+02
 14.965  0.1008E+00  0.1597E+02
 14.966  0.1008E+00  0.1597E+02
 14.967  0.1007E+00  0.1597E+02
 14.968  0.1006E+00  0.1597E+02
 14.969  0.1006E+00  0.1597E+02
 14.970  0.1005E+00  0.1597E+02
 14.971  0.1005E+00  0.1597E+02
 14.972  0.1004E+00  0.1597E+02
 14.973  0.1003E+00  0.1597E+02
 14.974  0.1002E+00  0.1597E+02
 14.975  0.1001E+00  0.1597E+02
 14.976  0.1000E+00  0.1597E+02
 14.977  0.9992E-01  0.1597E+02
 14.978  0.9983E-01  0.1597E+02
 14.979  0.9973E-01  0.1597E+02
 14.980  0.9964E-01  0.1597E+02
 14.981  0.9954E-01  0.1597E+02
 14.982  0.9945E-01  0.1597E+02
 14.983  0.9935E-01  0.1597E+02
 14.984  0.9926E-01  0.1597E+02
 14.985  0.9916E-01  0.1597E+02
 14.986  0.9907E-01  0.1597E+02
 14.987  0.9897E-01  0.1597E+02
 14.988  0.9887E-01  0.1597E+02
 14.989  0.9878E-01  0.1597E+02
 14.990  0.9868E-01  0.1597E+02
 14.991  0.9858E-01  0.1597E+02
 14.992  0.9848E-01  0.1597E+02
 14.993  0.9838E-01  0.1597E+02
 14.994  0.9828E-01  0.1597E+02
 14.995  0.9818E-01  0.1597E+02
 14.996  0.9808E-01  0.1597E+02
 14.997  0.9798E-01  0.1597E+02
 14.998  0.9788E-01  0.1597E+02
 14.999  0.9778E-01  0.1597E+02
 15.000  0.9768E-01  0.1597E+02
 15.001  0.9758E-01  0.1597E+02
 15.002  0.9748E-01  0.1597E+02
 15.003  0.9737E-01  0.1597E+02
 15.004  0.9727E-01  0.1597E+02
 15.005  0.9717E-01  0.1597E+02
 15.006  0.9707E-01  0.1597E+02
 15.007  0.9696E-01  0.1597E+02
 15.008  0.9686E-01  0.1597E+02
 15.009  0.9675E-01  0.1597E+02
 15.010  0.9665E-01  0.1597E+02
 15.011  0.9654E-01  0.1597E+02
 15.012  0.9644E-01  0.1597E+02
 15.013  0.9633E-01  0.1597E+02
 15.014  0.9622E-01  0.1597E+02
 15.015  0.9612E-01  0.1597E+02
 15.016  0.9601E-01  0.1597E+02
 15.017  0.9590E-01  0.1597E+02
 15.018  0.9579E-01  0.1597E+02
 15.019  0.9568E-01  0.1597E+02
 15.020  0.9557E-01  0.1597E+02
 15.021  0.9546E-01  0.1597E+02
 15.022  0.9535E-01  0.1597E+02
 15.023  0.9523E-01  0.1597E+02
 15.024  0.9512E-01  0.1597E+02
 15.025  0.9500E-01  0.1597E+02
 15.026  0.9489E-01  0.1597E+02
 15.027  0.9477E-01  0.1597E+02
 15.028  0.9465E-01  0.1597E+02
 15.029  0.9454E-01  0.1597E+02
 15.030  0.9442E-01  0.1597E+02
 15.031  0.9430E-01  0.1597E+02
 15.032  0.9418E-01  0.1597E+02
 15.033  0.9405E-01  0.1597E+02
 15.034  0.9393E-01  0.1597E+02
 15.035  0.9381E-01  0.1597E+02
 15.036  0.9369E-01  0.1597E+02
 15.037  0.9356E-01  0.1597E+02
 15.038  0.9344E-01  0.1597E+02
 15.039  0.9331E-01  0.1597E+02
 15.040  0.9318E-01  0.1597E+02
 15.041  0.9306E-01  0.1597E+02
 15.042  0.9293E-01  0.1597E+02
 15.043  0.9280E-01  0.1597E+02
 15.044  0.9267E-01  0.1597E+02
 15.045  0.9254E-01  0.1597E+02
 15.046  0.9241E-01  0.1598E+02
 15.047  0.9227E-01  0.1598E+02
 15.048  0.9213E-01  0.1598E+02
 15.049  0.9199E-01  0.1598E+02
 15.050  0.9184E-01  0.1598E+02
 15.051  0.9169E-01  0.1598E+02
 15.052  0.9153E-01  0.1598E+02
 15.053  0.9137E-01  0.1598E+02
 15.054  0.9122E-01  0.1598E+02
 15.055  0.9106E-01  0.1598E+02
 15.056  0.9090E-01  0.1598E+02
 15.057  0.9074E-01  0.1598E+02
 15.058  0.9058E-01  0.1598E+02
 15.059  0.9042E-01  0.1598E+02
 15.060  0.9026E-01  0.1598E+02
 15.061  0.9010E-01  0.1598E+02
 15.062  0.8994E-01  0.1598E+02
 15.063  0.8978E-01  0.1598E+02
 15.064  0.8962E-01  0.1598E+02
 15.065  0.8946E-01  0.1598E+02
 15.066  0.8929E-01  0.1598E+02
 15.067  0.8913E-01  0.1598E+02
 15.068  0.8897E-01  0.1598E+02
 15.069  0.8881E-01  0.1598E+02
 15.070  0.8865E-01  0.1598E+02
 15.071  0.8849E-01  0.1598E+02
 15.072  0.8833E-01  0.1598E+02
 15.073  0.8817E-01  0.1598E+02
 15.074  0.8801E-01  0.1598E+02
 15.075  0.8784E-01  0.1598E+02
 15.076  0.8768E-01  0.1598E+02
 15.077  0.8752E-01  0.1598E+02
 15.078  0.8736E-01  0.1598E+02
 15.079  0.8720E-01  0.1598E+02
 15.080  0.8703E-01  0.1598E+02
 15.081  0.8687E-01  0.1598E+02
 15.082  0.8671E-01  0.1598E+02
 15.083  0.8655E-01  0.1598E+02
 15.084  0.8638E-01  0.1598E+02
 15.085  0.8622E-01  0.1598E+02
 15.086  0.8606E-01  0.1598E+02
 15.087  0.8590E-01  0.1598E+02
 15.088  0.8573E-01  0.1598E+02
 15.089  0.8557E-01  0.1598E+02
 15.090  0.8541E-01  0.1598E+02
 15.091  0.8524E-01  0.1598E+02
 15.092  0.8508E-01  0.1598E+02
 15.093  0.8491E-01  0.1598E+02
 15.094  0.8475E-01  0.1598E+02
 15.095  0.8459E-01  0.1598E+02
 15.096  0.8442E-01  0.1598E+02
 15.097  0.8426E-01  0.1598E+02
 15.098  0.8409E-01  0.1598E+02
 15.099  0.8393E-01  0.1598E+02
 15.100  0.8377E-01  0.1598E+02
 15.101  0.8360E-01  0.1598E+02
 15.102  0.8344E-01  0.1598E+02
 15.103  0.8327E-01  0.1598E+02
 15.104  0.8311E-01  0.1598E+02
 15.105  0.8294E-01  0.1598E+02
 15.106  0.8278E-01  0.1598E+02
 15.107  0.8261E-01  0.1598E+02
 15.108  0.8245E-01  0.1598E+02
 15.109  0.8247E-01  0.1598E+02
 15.110  0.8256E-01  0.1598E+02
 15.111  0.8263E-01  0.1598E+02
 15.112  0.8269E-01  0.1598E+02
 15.113  0.8273E-01  0.1598E+02
 15.114  0.8276E-01  0.1598E+02
 15.115  0.8277E-01  0.1598E+02
 15.116  0.8276E-01  0.1598E+02
 15.117  0.8275E-01  0.1598E+02
 15.118  0.8271E-01  0.1598E+02
 15.119  0.8266E-01  0.1598E+02
 15.120  0.8260E-01  0.1598E+02
 15.121  0.8252E-01  0.1598E+02
 15.122  0.8243E-01  0.1598E+02
 15.123  0.8232E-01  0.1598E+02
 15.124  0.8220E-01  0.1598E+02
 15.125  0.8208E-01  0.1598E+02
 15.126  0.8196E-01  0.1598E+02
 15.127  0.8183E-01  0.1598E+02
 15.128  0.8171E-01  0.1598E+02
 15.129  0.8158E-01  0.1598E+02
 15.130  0.8146E-01  0.1598E+02
 15.131  0.8130E-01  0.1598E+02
 15.132  0.8115E-01  0.1598E+02
 15.133  0.8099E-01  0.1598E+02
 15.134  0.8083E-01  0.1598E+02
 15.135  0.8068E-01  0.1598E+02
 15.136  0.8052E-01  0.1598E+02
 15.137  0.8036E-01  0.1598E+02
 15.138  0.8020E-01  0.1598E+02
 15.139  0.8004E-01  0.1598E+02
 15.140  0.7988E-01  0.1598E+02
 15.141  0.7972E-01  0.1598E+02
 15.142  0.7956E-01  0.1598E+02
 15.143  0.7940E-01  0.1598E+02
 15.144  0.7924E-01  0.1598E+02
 15.145  0.7908E-01  0.1598E+02
 15.146  0.7891E-01  0.1598E+02
 15.147  0.7875E-01  0.1598E+02
 15.148  0.7859E-01  0.1598E+02
 15.149  0.7842E-01  0.1598E+02
 15.150  0.7826E-01  0.1598E+02
 15.151  0.7809E-01  0.1598E+02
 15.152  0.7793E-01  0.1598E+02
 15.153  0.7776E-01  0.1598E+02
 15.154  0.7759E-01  0.1598E+02
 15.155  0.7743E-01  0.1598E+02
 15.156  0.7726E-01  0.1598E+02
 15.157  0.7709E-01  0.1598E+02
 15.158  0.7692E-01  0.1598E+02
 15.159  0.7675E-01  0.1598E+02
 15.160  0.7658E-01  0.1598E+02
 15.161  0.7641E-01  0.1598E+02
 15.162  0.7624E-01  0.1598E+02
 15.163  0.7607E-01  0.1598E+02
 15.164  0.7590E-01  0.1598E+02
 15.165  0.7572E-01  0.1598E+02
 15.166  0.7555E-01  0.1599E+02
 15.167  0.7538E-01  0.1599E+02
 15.168  0.7520E-01  0.1599E+02
 15.169  0.7503E-01  0.1599E+02
 15.170  0.7485E-01  0.1599E+02
 15.171  0.7468E-01  0.1599E+02
 15.172  0.7450E-01  0.1599E+02
 15.173  0.7433E-01  0.1599E+02
 15.174  0.7415E-01  0.1599E+02
 15.175  0.7397E-01  0.1599E+02
 15.176  0.7379E-01  0.1599E+02
 15.177  0.7362E-01  0.1599E+02
 15.178  0.7344E-01  0.1599E+02
 15.179  0.7326E-01  0.1599E+02
 15.180  0.7308E-01  0.1599E+02
 15.181  0.7290E-01  0.1599E+02
 15.182  0.7272E-01  0.1599E+02
 15.183  0.7253E-01  0.1599E+02
 15.184  0.7235E-01  0.1599E+02
 15.185  0.7217E-01  0.1599E+02
 15.186  0.7199E-01  0.1599E+02
 15.187  0.7180E-01  0.1599E+02
 15.188  0.7161E-01  0.1599E+02
 15.189  0.7142E-01  0.1599E+02
 15.190  0.7123E-01  0.1599E+02
 15.191  0.7103E-01  0.1599E+02
 15.192  0.7083E-01  0.1599E+02
 15.193  0.7063E-01  0.1599E+02
 15.194  0.7043E-01  0.1599E+02
 15.195  0.7022E-01  0.1599E+02
 15.196  0.7001E-01  0.1599E+02
 15.197  0.6979E-01  0.1599E+02
 15.198  0.6958E-01  0.1599E+02
 15.199  0.6937E-01  0.1599E+02
 15.200  0.6915E-01  0.1599E+02
 15.201  0.6894E-01  0.1599E+02
 15.202  0.6872E-01  0.1599E+02
 15.203  0.6851E-01  0.1599E+02
 15.204  0.6829E-01  0.1599E+02
 15.205  0.6806E-01  0.1599E+02
 15.206  0.6782E-01  0.1599E+02
 15.207  0.6755E-01  0.1599E+02
 15.208  0.6725E-01  0.1599E+02
 15.209  0.6694E-01  0.1599E+02
 15.210  0.6660E-01  0.1599E+02
 15.211  0.6624E-01  0.1599E+02
 15.212  0.6586E-01  0.1599E+02
 15.213  0.6545E-01  0.1599E+02
 15.214  0.6502E-01  0.1599E+02
 15.215  0.6457E-01  0.1599E+02
 15.216  0.6409E-01  0.1599E+02
 15.217  0.6359E-01  0.1599E+02
 15.218  0.6307E-01  0.1599E+02
 15.219  0.6253E-01  0.1599E+02
 15.220  0.6196E-01  0.1599E+02
 15.221  0.6137E-01  0.1599E+02
 15.222  0.6076E-01  0.1599E+02
 15.223  0.6035E-01  0.1599E+02
 15.224  0.6010E-01  0.1599E+02
 15.225  0.5986E-01  0.1599E+02
 15.226  0.5961E-01  0.1599E+02
 15.227  0.5937E-01  0.1599E+02
 15.228  0.5913E-01  0.1599E+02
 15.229  0.5889E-01  0.1599E+02
 15.230  0.5865E-01  0.1599E+02
 15.231  0.5841E-01  0.1599E+02
 15.232  0.5818E-01  0.1599E+02
 15.233  0.5794E-01  0.1599E+02
 15.234  0.5772E-01  0.1599E+02
 15.235  0.5750E-01  0.1599E+02
 15.236  0.5730E-01  0.1599E+02
 15.237  0.5712E-01  0.1599E+02
 15.238  0.5695E-01  0.1599E+02
 15.239  0.5679E-01  0.1599E+02
 15.240  0.5665E-01  0.1599E+02
 15.241  0.5653E-01  0.1599E+02
 15.242  0.5642E-01  0.1599E+02
 15.243  0.5632E-01  0.1599E+02
 15.244  0.5624E-01  0.1599E+02
 15.245  0.5617E-01  0.1599E+02
 15.246  0.5612E-01  0.1599E+02
 15.247  0.5608E-01  0.1599E+02
 15.248  0.5605E-01  0.1599E+02
 15.249  0.5604E-01  0.1599E+02
 15.250  0.5605E-01  0.1599E+02
 15.251  0.5662E-01  0.1599E+02
 15.252  0.5718E-01  0.1599E+02
 15.253  0.5733E-01  0.1599E+02
 15.254  0.5717E-01  0.1599E+02
 15.255  0.5698E-01  0.1599E+02
 15.256  0.5680E-01  0.1599E+02
 15.257  0.5662E-01  0.1599E+02
 15.258  0.5645E-01  0.1599E+02
 15.259  0.5627E-01  0.1599E+02
 15.260  0.5610E-01  0.1599E+02
 15.261  0.5593E-01  0.1599E+02
 15.262  0.5575E-01  0.1599E+02
 15.263  0.5558E-01  0.1599E+02
 15.264  0.5541E-01  0.1599E+02
 15.265  0.5524E-01  0.1599E+02
 15.266  0.5507E-01  0.1599E+02
 15.267  0.5490E-01  0.1599E+02
 15.268  0.5474E-01  0.1599E+02
 15.269  0.5457E-01  0.1599E+02
 15.270  0.5440E-01  0.1599E+02
 15.271  0.5423E-01  0.1599E+02
 15.272  0.5407E-01  0.1599E+02
 15.273  0.5390E-01  0.1599E+02
 15.274  0.5373E-01  0.1599E+02
 15.275  0.5356E-01  0.1599E+02
 15.276  0.5339E-01  0.1599E+02
 15.277  0.5321E-01  0.1599E+02
 15.278  0.5304E-01  0.1599E+02
 15.279  0.5287E-01  0.1599E+02
 15.280  0.5270E-01  0.1599E+02
 15.281  0.5252E-01  0.1599E+02
 15.282  0.5235E-01  0.1599E+02
 15.283  0.5217E-01  0.1599E+02
 15.284  0.5199E-01  0.1599E+02
 15.285  0.5182E-01  0.1599E+02
 15.286  0.5164E-01  0.1599E+02
 15.287  0.5146E-01  0.1599E+02
 15.288  0.5128E-01  0.1599E+02
 15.289  0.5110E-01  0.1599E+02
 15.290  0.5092E-01  0.1599E+02
 15.291  0.5074E-01  0.1599E+02
 15.292  0.5056E-01  0.1599E+02
 15.293  0.5038E-01  0.1599E+02
 15.294  0.5020E-01  0.1599E+02
 15.295  0.5001E-01  0.1599E+02
 15.296  0.4983E-01  0.1599E+02
 15.297  0.4964E-01  0.1599E+02
 15.298  0.4946E-01  0.1599E+02
 15.299  0.4927E-01  0.1599E+02
 15.300  0.4908E-01  0.1599E+02
 15.301  0.4890E-01  0.1599E+02
 15.302  0.4871E-01  0.1599E+02
 15.303  0.4852E-01  0.1599E+02
 15.304  0.4833E-01  0.1599E+02
 15.305  0.4814E-01  0.1599E+02
 15.306  0.4795E-01  0.1599E+02
 15.307  0.4776E-01  0.1599E+02
 15.308  0.4756E-01  0.1599E+02
 15.309  0.4737E-01  0.1599E+02
 15.310  0.4718E-01  0.1599E+02
 15.311  0.4698E-01  0.1599E+02
 15.312  0.4679E-01  0.1599E+02
 15.313  0.4659E-01  0.1599E+02
 15.314  0.4640E-01  0.1599E+02
 15.315  0.4620E-01  0.1599E+02
 15.316  0.4600E-01  0.1599E+02
 15.317  0.4580E-01  0.1599E+02
 15.318  0.4560E-01  0.1599E+02
 15.319  0.4540E-01  0.1599E+02
 15.320  0.4520E-01  0.1599E+02
 15.321  0.4500E-01  0.1599E+02
 15.322  0.4480E-01  0.1599E+02
 15.323  0.4460E-01  0.1599E+02
 15.324  0.4440E-01  0.1599E+02
 15.325  0.4419E-01  0.1599E+02
 15.326  0.4399E-01  0.1599E+02
 15.327  0.4378E-01  0.1599E+02
 15.328  0.4358E-01  0.1599E+02
 15.329  0.4337E-01  0.1599E+02
 15.330  0.4316E-01  0.1599E+02
 15.331  0.4296E-01  0.1599E+02
 15.332  0.4275E-01  0.1599E+02
 15.333  0.4254E-01  0.1599E+02
 15.334  0.4233E-01  0.1599E+02
 15.335  0.4212E-01  0.1599E+02
 15.336  0.4191E-01  0.1599E+02
 15.337  0.4170E-01  0.1599E+02
 15.338  0.4148E-01  0.1599E+02
 15.339  0.4127E-01  0.1600E+02
 15.340  0.4106E-01  0.1600E+02
 15.341  0.4084E-01  0.1600E+02
 15.342  0.4063E-01  0.1600E+02
 15.343  0.4041E-01  0.1600E+02
 15.344  0.4020E-01  0.1600E+02
 15.345  0.3998E-01  0.1600E+02
 15.346  0.3976E-01  0.1600E+02
 15.347  0.3954E-01  0.1600E+02
 15.348  0.3932E-01  0.1600E+02
 15.349  0.3910E-01  0.1600E+02
 15.350  0.3888E-01  0.1600E+02
 15.351  0.3866E-01  0.1600E+02
 15.352  0.3844E-01  0.1600E+02
 15.353  0.3822E-01  0.1600E+02
 15.354  0.3800E-01  0.1600E+02
 15.355  0.3777E-01  0.1600E+02
 15.356  0.3755E-01  0.1600E+02
 15.357  0.3732E-01  0.1600E+02
 15.358  0.3710E-01  0.1600E+02
 15.359  0.3687E-01  0.1600E+02
 15.360  0.3664E-01  0.1600E+02
 15.361  0.3642E-01  0.1600E+02
 15.362  0.3619E-01  0.1600E+02
 15.363  0.3596E-01  0.1600E+02
 15.364  0.3573E-01  0.1600E+02
 15.365  0.3550E-01  0.1600E+02
 15.366  0.3527E-01  0.1600E+02
 15.367  0.3504E-01  0.1600E+02
 15.368  0.3481E-01  0.1600E+02
 15.369  0.3459E-01  0.1600E+02
 15.370  0.3437E-01  0.1600E+02
 15.371  0.3416E-01  0.1600E+02
 15.372  0.3395E-01  0.1600E+02
 15.373  0.3374E-01  0.1600E+02
 15.374  0.3354E-01  0.1600E+02
 15.375  0.3335E-01  0.1600E+02
 15.376  0.3315E-01  0.1600E+02
 15.377  0.3297E-01  0.1600E+02
 15.378  0.3279E-01  0.1600E+02
 15.379  0.3261E-01  0.1600E+02
 15.380  0.3243E-01  0.1600E+02
 15.381  0.3225E-01  0.1600E+02
 15.382  0.3207E-01  0.1600E+02
 15.383  0.3189E-01  0.1600E+02
 15.384  0.3172E-01  0.1600E+02
 15.385  0.3154E-01  0.1600E+02
 15.386  0.3136E-01  0.1600E+02
 15.387  0.4240E-01  0.1600E+02
 15.388  0.4187E-01  0.1600E+02
 15.389  0.4135E-01  0.1600E+02
 15.390  0.4083E-01  0.1600E+02
 15.391  0.4031E-01  0.1600E+02
 15.392  0.3980E-01  0.1600E+02
 15.393  0.3929E-01  0.1600E+02
 15.394  0.3878E-01  0.1600E+02
 15.395  0.3828E-01  0.1600E+02
 15.396  0.3777E-01  0.1600E+02
 15.397  0.3728E-01  0.1600E+02
 15.398  0.3678E-01  0.1600E+02
 15.399  0.3629E-01  0.1600E+02
 15.400  0.3580E-01  0.1600E+02
 15.401  0.3531E-01  0.1600E+02
 15.402  0.3483E-01  0.1600E+02
 15.403  0.3435E-01  0.1600E+02
 15.404  0.3388E-01  0.1600E+02
 15.405  0.3340E-01  0.1600E+02
 15.406  0.3293E-01  0.1600E+02
 15.407  0.3247E-01  0.1600E+02
 15.408  0.3200E-01  0.1600E+02
 15.409  0.3154E-01  0.1600E+02
 15.410  0.3109E-01  0.1600E+02
 15.411  0.3063E-01  0.1600E+02
 15.412  0.3018E-01  0.1600E+02
 15.413  0.2973E-01  0.1600E+02
 15.414  0.2929E-01  0.1600E+02
 15.415  0.2885E-01  0.1600E+02
 15.416  0.2841E-01  0.1600E+02
 15.417  0.2800E-01  0.1600E+02
 15.418  0.2771E-01  0.1600E+02
 15.419  0.2743E-01  0.1600E+02
 15.420  0.2715E-01  0.1600E+02
 15.421  0.2687E-01  0.1600E+02
 15.422  0.2659E-01  0.1600E+02
 15.423  0.2631E-01  0.1600E+02
 15.424  0.2603E-01  0.1600E+02
 15.425  0.2576E-01  0.1600E+02
 15.426  0.2549E-01  0.1600E+02
 15.427  0.2522E-01  0.1600E+02
 15.428  0.2495E-01  0.1600E+02
 15.429  0.2468E-01  0.1600E+02
 15.430  0.2441E-01  0.1600E+02
 15.431  0.2415E-01  0.1600E+02
 15.432  0.2388E-01  0.1600E+02
 15.433  0.2362E-01  0.1600E+02
 15.434  0.2336E-01  0.1600E+02
 15.435  0.2359E-01  0.1600E+02
 15.436  0.2479E-01  0.1600E+02
 15.437  0.2595E-01  0.1600E+02
 15.438  0.2708E-01  0.1600E+02
 15.439  0.2818E-01  0.1600E+02
 15.440  0.2924E-01  0.1600E+02
 15.441  0.3026E-01  0.1600E+02
 15.442  0.3125E-01  0.1600E+02
 15.443  0.3221E-01  0.1600E+02
 15.444  0.3313E-01  0.1600E+02
 15.445  0.3401E-01  0.1600E+02
 15.446  0.3486E-01  0.1600E+02
 15.447  0.3568E-01  0.1600E+02
 15.448  0.3645E-01  0.1600E+02
 15.449  0.3720E-01  0.1600E+02
 15.450  0.3791E-01  0.1600E+02
 15.451  0.2260E-01  0.1600E+02
 15.452  0.2212E-01  0.1600E+02
 15.453  0.2164E-01  0.1600E+02
 15.454  0.2116E-01  0.1600E+02
 15.455  0.2070E-01  0.1600E+02
 15.456  0.2023E-01  0.1600E+02
 15.457  0.1978E-01  0.1600E+02
 15.458  0.1933E-01  0.1600E+02
 15.459  0.1888E-01  0.1600E+02
 15.460  0.1844E-01  0.1600E+02
 15.461  0.1800E-01  0.1600E+02
 15.462  0.1757E-01  0.1600E+02
 15.463  0.1715E-01  0.1600E+02
 15.464  0.1673E-01  0.1600E+02
 15.465  0.1631E-01  0.1600E+02
 15.466  0.1590E-01  0.1600E+02
 15.467  0.1550E-01  0.1600E+02
 15.468  0.1510E-01  0.1600E+02
 15.469  0.1470E-01  0.1600E+02
 15.470  0.1431E-01  0.1600E+02
 15.471  0.1393E-01  0.1600E+02
 15.472  0.1355E-01  0.1600E+02
 15.473  0.1318E-01  0.1600E+02
 15.474  0.1281E-01  0.1600E+02
 15.475  0.1245E-01  0.1600E+02
 15.476  0.1209E-01  0.1600E+02
 15.477  0.1174E-01  0.1600E+02
 15.478  0.1139E-01  0.1600E+02
 15.479  0.1105E-01  0.1600E+02
 15.480  0.1071E-01  0.1600E+02
 15.481  0.1038E-01  0.1600E+02
 15.482  0.1006E-01  0.1600E+02
 15.483  0.9736E-02  0.1600E+02
 15.484  0.9421E-02  0.1600E+02
 15.485  0.9111E-02  0.1600E+02
 15.486  0.8806E-02  0.1600E+02
 15.487  0.8506E-02  0.1600E+02
 15.488  0.8212E-02  0.1600E+02
 15.489  0.7923E-02  0.1600E+02
 15.490  0.7639E-02  0.1600E+02
 15.491  0.7360E-02  0.1600E+02
 15.492  0.7087E-02  0.1600E+02
 15.493  0.6819E-02  0.1600E+02
 15.494  0.6556E-02  0.1600E+02
 15.495  0.6298E-02  0.1600E+02
 15.496  0.6046E-02  0.1600E+02
 15.497  0.5799E-02  0.1600E+02
 15.498  0.5557E-02  0.1600E+02
 15.499  0.5320E-02  0.1600E+02
 15.500  0.5089E-02  0.1600E+02
 15.501  0.4863E-02  0.1600E+02
 15.502  0.4642E-02  0.1600E+02
 15.503  0.4426E-02  0.1600E+02
 15.504  0.4216E-02  0.1600E+02
 15.505  0.4011E-02  0.1600E+02
 15.506  0.3811E-02  0.1600E+02
 15.507  0.3616E-02  0.1600E+02
 15.508  0.3427E-02  0.1600E+02
 15.509  0.3242E-02  0.1600E+02
 15.510  0.3064E-02  0.1600E+02
 15.511  0.2890E-02  0.1600E+02
 15.512  0.2721E-02  0.1600E+02
 15.513  0.2558E-02  0.1600E+02
 15.514  0.2400E-02  0.1600E+02
 15.515  0.2248E-02  0.1600E+02
 15.516  0.2100E-02  0.1600E+02
 15.517  0.1958E-02  0.1600E+02
 15.518  0.1821E-02  0.1600E+02
 15.519  0.1690E-02  0.1600E+02
 15.520  0.1563E-02  0.1600E+02
 15.521  0.1442E-02  0.1600E+02
 15.522  0.1326E-02  0.1600E+02
 15.523  0.1215E-02  0.1600E+02
 15.524  0.1110E-02  0.1600E+02
 15.525  0.1010E-02  0.1600E+02
 15.526  0.9147E-03  0.1600E+02
 15.527  0.8250E-03  0.1600E+02
 15.528  0.7406E-03  0.1600E+02
 15.529  0.6614E-03  0.1600E+02
 15.530  0.5874E-03  0.1600E+02
 15.531  0.5187E-03  0.1600E+02
 15.532  0.4553E-03  0.1600E+02
 15.533  0.3971E-03  0.1600E+02
 15.534  0.3435E-03  0.1600E+02
 15.535  0.2939E-03  0.1600E+02
 15.536  0.2481E-03  0.1600E+02
 15.537  0.2061E-03  0.1600E+02
 15.538  0.1681E-03  0.1600E+02
 15.539  0.1339E-03  0.1600E+02
 15.540  0.1037E-03  0.1600E+02
 15.541  0.7725E-04  0.1600E+02
 15.542  0.5472E-04  0.1600E+02
 15.543  0.3606E-04  0.1600E+02
 15.544  0.2128E-04  0.1600E+02
 15.545  0.1037E-04  0.1600E+02
 15.546  0.3343E-05  0.1600E+02
 15.547  0.1903E-06  0.1600E+02
 15.548  0.0000E+00  0.1600E+02
 15.549  0.0000E+00  0.1600E+02
 15.550  0.0000E+00  0.1600E+02
 15.551  0.0000E+00  0.1600E+02
 15.552  0.0000E+00  0.1600E+02
 15.553  0.0000E+00  0.1600E+02
 15.554  0.0000E+00  0.1600E+02
 15.555  0.0000E+00  0.1600E+02
 15.556  0.0000E+00  0.1600E+02
 15.557  0.0000E+00  0.1600E+02
 15.558  0.0000E+00  0.1600E+02
 15.559  0.0000E+00  0.1600E+02
 15.560  0.0000E+00  0.1600E+02
 15.561  0.0000E+00  0.1600E+02
 15.562  0.0000E+00  0.1600E+02
 15.563  0.0000E+00  0.1600E+02
 15.564  0.0000E+00  0.1600E+02
 15.565  0.0000E+00  0.1600E+02
 15.566  0.0000E+00  0.1600E+02
 15.567  0.0000E+00  0.1600E+02
 15.568  0.0000E+00  0.1600E+02
 15.569  0.0000E+00  0.1600E+02
 15.570  0.0000E+00  0.1600E+02
 15.571  0.0000E+00  0.1600E+02
 15.572  0.0000E+00  0.1600E+02
 15.573  0.0000E+00  0.1600E+02
 15.574  0.0000E+00  0.1600E+02
 15.575  0.0000E+00  0.1600E+02
 15.576  0.0000E+00  0.1600E+02
 15.577  0.0000E+00  0.1600E+02
 15.578  0.0000E+00  0.1600E+02
 15.579  0.0000E+00  0.1600E+02
 15.580  0.0000E+00  0.1600E+02
 15.581  0.0000E+00  0.1600E+02
 15.582  0.0000E+00  0.1600E+02
 15.583  0.0000E+00  0.1600E+02
 15.584  0.0000E+00  0.1600E+02
 15.585  0.0000E+00  0.1600E+02
 15.586  0.0000E+00  0.1600E+02
 15.587  0.0000E+00  0.1600E+02
 15.588  0.0000E+00  0.1600E+02
 15.589  0.0000E+00  0.1600E+02
 15.590  0.0000E+00  0.1600E+02
 15.591  0.0000E+00  0.1600E+02
 15.592  0.0000E+00  0.1600E+02
 15.593  0.0000E+00  0.1600E+02
 15.594  0.0000E+00  0.1600E+02
 15.595  0.0000E+00  0.1600E+02
 15.596  0.0000E+00  0.1600E+02
 15.597  0.0000E+00  0.1600E+02
 15.598  0.0000E+00  0.1600E+02
 15.599  0.0000E+00  0.1600E+02
 15.600  0.0000E+00  0.1600E+02
 15.601  0.0000E+00  0.1600E+02
 15.602  0.0000E+00  0.1600E+02
 15.603  0.0000E+00  0.1600E+02
 15.604  0.0000E+00  0.1600E+02
 15.605  0.0000E+00  0.1600E+02
 15.606  0.0000E+00  0.1600E+02
 15.607  0.0000E+00  0.1600E+02
 15.608  0.0000E+00  0.1600E+02
 15.609  0.0000E+00  0.1600E+02
 15.610  0.0000E+00  0.1600E+02
 15.611  0.0000E+00  0.1600E+02
 15.612  0.0000E+00  0.1600E+02
 15.613  0.0000E+00  0.1600E+02
 15.614  0.0000E+00  0.1600E+02
 15.615  0.0000E+00  0.1600E+02
 15.616  0.0000E+00  0.1600E+02
 15.617  0.0000E+00  0.1600E+02
 15.618  0.0000E+00  0.1600E+02
 15.619  0.0000E+00  0.1600E+02
 15.620  0.0000E+00  0.1600E+02
 15.621  0.0000E+00  0.1600E+02
 15.622  0.0000E+00  0.1600E+02
 15.623  0.0000E+00  0.1600E+02
 15.624  0.0000E+00  0.1600E+02
 15.625  0.0000E+00  0.1600E+02
 15.626  0.0000E+00  0.1600E+02
 15.627  0.0000E+00  0.1600E+02
 15.628  0.0000E+00  0.1600E+02
 15.629  0.0000E+00  0.1600E+02
 15.630  0.0000E+00  0.1600E+02
 15.631  0.0000E+00  0.1600E+02
 15.632  0.0000E+00  0.1600E+02
 15.633  0.0000E+00  0.1600E+02
 15.634  0.0000E+00  0.1600E+02
 15.635  0.0000E+00  0.1600E+02
 15.636  0.0000E+00  0.1600E+02
 15.637  0.0000E+00  0.1600E+02
 15.638  0.0000E+00  0.1600E+02
 15.639  0.0000E+00  0.1600E+02
 15.640  0.0000E+00  0.1600E+02
 15.641  0.0000E+00  0.1600E+02
 15.642  0.0000E+00  0.1600E+02
 15.643  0.0000E+00  0.1600E+02
 15.644  0.0000E+00  0.1600E+02
 15.645  0.0000E+00  0.1600E+02
 15.646  0.0000E+00  0.1600E+02
 15.647  0.0000E+00  0.1600E+02
 15.648  0.0000E+00  0.1600E+02
 15.649  0.0000E+00  0.1600E+02
 15.650  0.0000E+00  0.1600E+02
 15.651  0.0000E+00  0.1600E+02
 15.652  0.0000E+00  0.1600E+02
 15.653  0.0000E+00  0.1600E+02
 15.654  0.0000E+00  0.1600E+02
 15.655  0.0000E+00  0.1600E+02
 15.656  0.0000E+00  0.1600E+02
 15.657  0.0000E+00  0.1600E+02
 15.658  0.0000E+00  0.1600E+02
 15.659  0.0000E+00  0.1600E+02
 15.660  0.0000E+00  0.1600E+02
 15.661  0.0000E+00  0.1600E+02
 15.662  0.0000E+00  0.1600E+02
 15.663  0.0000E+00  0.1600E+02
 15.664  0.0000E+00  0.1600E+02
 15.665  0.0000E+00  0.1600E+02
 15.666  0.0000E+00  0.1600E+02
 15.667  0.0000E+00  0.1600E+02
 15.668  0.0000E+00  0.1600E+02
 15.669  0.0000E+00  0.1600E+02
 15.670  0.0000E+00  0.1600E+02
 15.671  0.0000E+00  0.1600E+02
 15.672  0.0000E+00  0.1600E+02
 15.673  0.0000E+00  0.1600E+02
 15.674  0.0000E+00  0.1600E+02
 15.675  0.0000E+00  0.1600E+02
 15.676  0.0000E+00  0.1600E+02
 15.677  0.0000E+00  0.1600E+02
 15.678  0.0000E+00  0.1600E+02
 15.679  0.0000E+00  0.1600E+02
 15.680  0.0000E+00  0.1600E+02
 15.681  0.0000E+00  0.1600E+02
 15.682  0.0000E+00  0.1600E+02
 15.683  0.0000E+00  0.1600E+02
 15.684  0.0000E+00  0.1600E+02
 15.685  0.0000E+00  0.1600E+02
 15.686  0.0000E+00  0.1600E+02
 15.687  0.0000E+00  0.1600E+02
 15.688  0.0000E+00  0.1600E+02
 15.689  0.0000E+00  0.1600E+02
 15.690  0.0000E+00  0.1600E+02
 15.691  0.0000E+00  0.1600E+02
 15.692  0.0000E+00  0.1600E+02
 15.693  0.0000E+00  0.1600E+02
 15.694  0.0000E+00  0.1600E+02
 15.695  0.0000E+00  0.1600E+02
 15.696  0.0000E+00  0.1600E+02
 15.697  0.0000E+00  0.1600E+02
 15.698  0.0000E+00  0.1600E+02
 15.699  0.0000E+00  0.1600E+02
 15.700  0.0000E+00  0.1600E+02
 15.701  0.0000E+00  0.1600E+02
 15.702  0.0000E+00  0.1600E+02
 15.703  0.0000E+00  0.1600E+02
 15.704  0.0000E+00  0.1600E+02
 15.705  0.0000E+00  0.1600E+02
 15.706  0.0000E+00  0.1600E+02
 15.707  0.0000E+00  0.1600E+02
 15.708  0.0000E+00  0.1600E+02
 15.709  0.0000E+00  0.1600E+02
 15.710  0.0000E+00  0.1600E+02
 15.711  0.0000E+00  0.1600E+02
 15.712  0.0000E+00  0.1600E+02
 15.713  0.0000E+00  0.1600E+02
 15.714  0.0000E+00  0.1600E+02
 15.715  0.0000E+00  0.1600E+02
 15.716  0.0000E+00  0.1600E+02
 15.717  0.0000E+00  0.1600E+02
 15.718  0.0000E+00  0.1600E+02
 15.719  0.0000E+00  0.1600E+02
 15.720  0.0000E+00  0.1600E+02
 15.721  0.0000E+00  0.1600E+02
 15.722  0.0000E+00  0.1600E+02
 15.723  0.0000E+00  0.1600E+02
 15.724  0.0000E+00  0.1600E+02
 15.725  0.0000E+00  0.1600E+02
 15.726  0.0000E+00  0.1600E+02
 15.727  0.0000E+00  0.1600E+02
 15.728  0.0000E+00  0.1600E+02
 15.729  0.0000E+00  0.1600E+02
 15.730  0.0000E+00  0.1600E+02
 15.731  0.0000E+00  0.1600E+02
 15.732  0.0000E+00  0.1600E+02
 15.733  0.0000E+00  0.1600E+02
 15.734  0.0000E+00  0.1600E+02
 15.735  0.0000E+00  0.1600E+02
 15.736  0.0000E+00  0.1600E+02
 15.737  0.0000E+00  0.1600E+02
 15.738  0.0000E+00  0.1600E+02
 15.739  0.0000E+00  0.1600E+02
 15.740  0.0000E+00  0.1600E+02
 15.741  0.0000E+00  0.1600E+02
 15.742  0.0000E+00  0.1600E+02
 15.743  0.0000E+00  0.1600E+02
 15.744  0.0000E+00  0.1600E+02
 15.745  0.0000E+00  0.1600E+02
 15.746  0.0000E+00  0.1600E+02
 15.747  0.0000E+00  0.1600E+02
 15.748  0.0000E+00  0.1600E+02
 15.749  0.0000E+00  0.1600E+02
 15.750  0.0000E+00  0.1600E+02
 15.751  0.0000E+00  0.1600E+02
 15.752  0.0000E+00  0.1600E+02
 15.753  0.0000E+00  0.1600E+02
 15.754  0.0000E+00  0.1600E+02
 15.755  0.0000E+00  0.1600E+02
 15.756  0.0000E+00  0.1600E+02
 15.757  0.0000E+00  0.1600E+02
 15.758  0.0000E+00  0.1600E+02
 15.759  0.0000E+00  0.1600E+02
 15.760  0.0000E+00  0.1600E+02
 15.761  0.0000E+00  0.1600E+02
 15.762  0.0000E+00  0.1600E+02
 15.763  0.0000E+00  0.1600E+02
 15.764  0.0000E+00  0.1600E+02
 15.765  0.0000E+00  0.1600E+02
 15.766  0.0000E+00  0.1600E+02
 15.767  0.0000E+00  0.1600E+02
 15.768  0.0000E+00  0.1600E+02
 15.769  0.0000E+00  0.1600E+02
 15.770  0.0000E+00  0.1600E+02
 15.771  0.0000E+00  0.1600E+02
 15.772  0.0000E+00  0.1600E+02
 15.773  0.0000E+00  0.1600E+02
 15.774  0.0000E+00  0.1600E+02
 15.775  0.0000E+00  0.1600E+02
 15.776  0.0000E+00  0.1600E+02
 15.777  0.0000E+00  0.1600E+02
 15.778  0.0000E+00  0.1600E+02
 15.779  0.0000E+00  0.1600E+02
 15.780  0.0000E+00  0.1600E+02
 15.781  0.0000E+00  0.1600E+02
 15.782  0.0000E+00  0.1600E+02
 15.783  0.0000E+00  0.1600E+02
 15.784  0.0000E+00  0.1600E+02
 15.785  0.0000E+00  0.1600E+02
 15.786  0.0000E+00  0.1600E+02
 15.787  0.0000E+00  0.1600E+02
 15.788  0.0000E+00  0.1600E+02
 15.789  0.0000E+00  0.1600E+02
 15.790  0.0000E+00  0.1600E+02
 15.791  0.0000E+00  0.1600E+02
 15.792  0.0000E+00  0.1600E+02
 15.793  0.0000E+00  0.1600E+02
 15.794  0.0000E+00  0.1600E+02
 15.795  0.0000E+00  0.1600E+02
 15.796  0.0000E+00  0.1600E+02
 15.797  0.0000E+00  0.1600E+02
 15.798  0.0000E+00  0.1600E+02
 15.799  0.0000E+00  0.1600E+02
 15.800  0.0000E+00  0.1600E+02
 15.801  0.0000E+00  0.1600E+02
 15.802  0.0000E+00  0.1600E+02
 15.803  0.0000E+00  0.1600E+02
 15.804  0.0000E+00  0.1600E+02
 15.805  0.0000E+00  0.1600E+02
 15.806  0.0000E+00  0.1600E+02
 15.807  0.0000E+00  0.1600E+02
 15.808  0.0000E+00  0.1600E+02
 15.809  0.0000E+00  0.1600E+02
 15.810  0.0000E+00  0.1600E+02
 15.811  0.0000E+00  0.1600E+02
 15.812  0.0000E+00  0.1600E+02
 15.813  0.0000E+00  0.1600E+02
 15.814  0.0000E+00  0.1600E+02
 15.815  0.0000E+00  0.1600E+02
 15.816  0.0000E+00  0.1600E+02
 15.817  0.0000E+00  0.1600E+02
 15.818  0.0000E+00  0.1600E+02
 15.819  0.0000E+00  0.1600E+02
 15.820  0.0000E+00  0.1600E+02
 15.821  0.0000E+00  0.1600E+02
 15.822  0.0000E+00  0.1600E+02
 15.823  0.0000E+00  0.1600E+02
 15.824  0.0000E+00  0.1600E+02
 15.825  0.0000E+00  0.1600E+02
 15.826  0.0000E+00  0.1600E+02
 15.827  0.0000E+00  0.1600E+02
 15.828  0.0000E+00  0.1600E+02
 15.829  0.0000E+00  0.1600E+02
 15.830  0.0000E+00  0.1600E+02
 15.831  0.0000E+00  0.1600E+02
 15.832  0.0000E+00  0.1600E+02
 15.833  0.0000E+00  0.1600E+02
 15.834  0.0000E+00  0.1600E+02
 15.835  0.0000E+00  0.1600E+02
 15.836  0.0000E+00  0.1600E+02
 15.837  0.0000E+00  0.1600E+02
 15.838  0.0000E+00  0.1600E+02
 15.839  0.0000E+00  0.1600E+02
 15.840  0.0000E+00  0.1600E+02
 15.841  0.0000E+00  0.1600E+02
 15.842  0.0000E+00  0.1600E+02
 15.843  0.0000E+00  0.1600E+02
 15.844  0.0000E+00  0.1600E+02
 15.845  0.0000E+00  0.1600E+02
 15.846  0.0000E+00  0.1600E+02
 15.847  0.0000E+00  0.1600E+02
 15.848  0.0000E+00  0.1600E+02
 15.849  0.0000E+00  0.1600E+02
 15.850  0.0000E+00  0.1600E+02
 15.851  0.0000E+00  0.1600E+02
 15.852  0.0000E+00  0.1600E+02
 15.853  0.0000E+00  0.1600E+02
 15.854  0.0000E+00  0.1600E+02
 15.855  0.0000E+00  0.1600E+02
 15.856  0.0000E+00  0.1600E+02
 15.857  0.0000E+00  0.1600E+02
 15.858  0.0000E+00  0.1600E+02
 15.859  0.0000E+00  0.1600E+02
 15.860  0.0000E+00  0.1600E+02
 15.861  0.0000E+00  0.1600E+02
 15.862  0.0000E+00  0.1600E+02
 15.863  0.0000E+00  0.1600E+02
 15.864  0.0000E+00  0.1600E+02
 15.865  0.0000E+00  0.1600E+02
 15.866  0.0000E+00  0.1600E+02
 15.867  0.0000E+00  0.1600E+02
 15.868  0.0000E+00  0.1600E+02
 15.869  0.0000E+00  0.1600E+02
 15.870  0.0000E+00  0.1600E+02
 15.871  0.0000E+00  0.1600E+02
 15.872  0.0000E+00  0.1600E+02
 15.873  0.0000E+00  0.1600E+02
 15.874  0.0000E+00  0.1600E+02
 15.875  0.0000E+00  0.1600E+02
 15.876  0.0000E+00  0.1600E+02
 15.877  0.0000E+00  0.1600E+02
 15.878  0.0000E+00  0.1600E+02
 15.879  0.0000E+00  0.1600E+02
 15.880  0.0000E+00  0.1600E+02
 15.881  0.0000E+00  0.1600E+02
 15.882  0.0000E+00  0.1600E+02
 15.883  0.0000E+00  0.1600E+02
 15.884  0.0000E+00  0.1600E+02
 15.885  0.0000E+00  0.1600E+02
 15.886  0.0000E+00  0.1600E+02
 15.887  0.0000E+00  0.1600E+02
 15.888  0.0000E+00  0.1600E+02
 15.889  0.0000E+00  0.1600E+02
 15.890  0.0000E+00  0.1600E+02
 15.891  0.0000E+00  0.1600E+02
 15.892  0.0000E+00  0.1600E+02
 15.893  0.0000E+00  0.1600E+02
 15.894  0.0000E+00  0.1600E+02
 15.895  0.0000E+00  0.1600E+02
 15.896  0.0000E+00  0.1600E+02
 15.897  0.0000E+00  0.1600E+02
 15.898  0.0000E+00  0.1600E+02
 15.899  0.0000E+00  0.1600E+02
 15.900  0.0000E+00  0.1600E+02
 15.901  0.0000E+00  0.1600E+02
 15.902  0.0000E+00  0.1600E+02
 15.903  0.0000E+00  0.1600E+02
 15.904  0.0000E+00  0.1600E+02
 15.905  0.0000E+00  0.1600E+02
 15.906  0.0000E+00  0.1600E+02
 15.907  0.0000E+00  0.1600E+02
 15.908  0.0000E+00  0.1600E+02
 15.909  0.0000E+00  0.1600E+02
 15.910  0.0000E+00  0.1600E+02
 15.911  0.0000E+00  0.1600E+02
 15.912  0.0000E+00  0.1600E+02
 15.913  0.0000E+00  0.1600E+02
 15.914  0.0000E+00  0.1600E+02
 15.915  0.0000E+00  0.1600E+02
 15.916  0.0000E+00  0.1600E+02
 15.917  0.0000E+00  0.1600E+02
 15.918  0.0000E+00  0.1600E+02
 15.919  0.0000E+00  0.1600E+02
 15.920  0.0000E+00  0.1600E+02
 15.921  0.0000E+00  0.1600E+02
 15.922  0.0000E+00  0.1600E+02
 15.923  0.0000E+00  0.1600E+02
 15.924  0.0000E+00  0.1600E+02
 15.925  0.0000E+00  0.1600E+02
 15.926  0.0000E+00  0.1600E+02
 15.927  0.0000E+00  0.1600E+02
 15.928  0.0000E+00  0.1600E+02
 15.929  0.0000E+00  0.1600E+02
 15.930  0.0000E+00  0.1600E+02
 15.931  0.0000E+00  0.1600E+02
 15.932  0.0000E+00  0.1600E+02
 15.933  0.0000E+00  0.1600E+02
 15.934  0.0000E+00  0.1600E+02
 15.935  0.0000E+00  0.1600E+02
 15.936  0.0000E+00  0.1600E+02
 15.937  0.0000E+00  0.1600E+02
 15.938  0.0000E+00  0.1600E+02
 15.939  0.0000E+00  0.1600E+02
 15.940  0.0000E+00  0.1600E+02
 15.941  0.0000E+00  0.1600E+02
 15.942  0.0000E+00  0.1600E+02
 15.943  0.0000E+00  0.1600E+02
 15.944  0.0000E+00  0.1600E+02
 15.945  0.0000E+00  0.1600E+02
 15.946  0.0000E+00  0.1600E+02
 15.947  0.0000E+00  0.1600E+02
 15.948  0.0000E+00  0.1600E+02
 15.949  0.0000E+00  0.1600E+02
 15.950  0.0000E+00  0.1600E+02
 15.951  0.0000E+00  0.1600E+02
 15.952  0.0000E+00  0.1600E+02
 15.953  0.0000E+00  0.1600E+02
 15.954  0.0000E+00  0.1600E+02
 15.955  0.0000E+00  0.1600E+02
 15.956  0.0000E+00  0.1600E+02
 15.957  0.0000E+00  0.1600E+02
 15.958  0.0000E+00  0.1600E+02
 15.959  0.0000E+00  0.1600E+02
 15.960  0.0000E+00  0.1600E+02
 15.961  0.0000E+00  0.1600E+02
 15.962  0.0000E+00  0.1600E+02
 15.963  0.0000E+00  0.1600E+02
 15.964  0.0000E+00  0.1600E+02
 15.965  0.0000E+00  0.1600E+02
 15.966  0.0000E+00  0.1600E+02
 15.967  0.0000E+00  0.1600E+02
 15.968  0.0000E+00  0.1600E+02
 15.969  0.0000E+00  0.1600E+02
 15.970  0.0000E+00  0.1600E+02
 15.971  0.0000E+00  0.1600E+02
 15.972  0.0000E+00  0.1600E+02
 15.973  0.0000E+00  0.1600E+02
 15.974  0.0000E+00  0.1600E+02
 15.975  0.0000E+00  0.1600E+02
 15.976  0.0000E+00  0.1600E+02
 15.977  0.0000E+00  0.1600E+02
 15.978  0.0000E+00  0.1600E+02
 15.979  0.0000E+00  0.1600E+02
 15.980  0.0000E+00  0.1600E+02
 15.981  0.0000E+00  0.1600E+02
 15.982  0.0000E+00  0.1600E+02
 15.983  0.0000E+00  0.1600E+02
 15.984  0.0000E+00  0.1600E+02
 15.985  0.0000E+00  0.1600E+02
 15.986  0.0000E+00  0.1600E+02
 15.987  0.0000E+00  0.1600E+02
 15.988  0.0000E+00  0.1600E+02
 15.989  0.0000E+00  0.1600E+02
 15.990  0.0000E+00  0.1600E+02
 15.991  0.0000E+00  0.1600E+02
 15.992  0.0000E+00  0.1600E+02
 15.993  0.0000E+00  0.1600E+02
 15.994  0.0000E+00  0.1600E+02
 15.995  0.0000E+00  0.1600E+02
 15.996  0.0000E+00  0.1600E+02
 15.997  0.0000E+00  0.1600E+02
 15.998  0.0000E+00  0.1600E+02
 15.999  0.0000E+00  0.1600E+02
 16.000  0.0000E+00  0.1600E+02
 16.001  0.0000E+00  0.1600E+02
 16.002  0.0000E+00  0.1600E+02
 16.003  0.0000E+00  0.1600E+02
 16.004  0.0000E+00  0.1600E+02
 16.005  0.0000E+00  0.1600E+02
 16.006  0.0000E+00  0.1600E+02
 16.007  0.0000E+00  0.1600E+02
 16.008  0.0000E+00  0.1600E+02
 16.009  0.0000E+00  0.1600E+02
 16.010  0.0000E+00  0.1600E+02
 16.011  0.0000E+00  0.1600E+02
 16.012  0.0000E+00  0.1600E+02
 16.013  0.0000E+00  0.1600E+02
 16.014  0.0000E+00  0.1600E+02
 16.015  0.0000E+00  0.1600E+02
 16.016  0.0000E+00  0.1600E+02
 16.017  0.0000E+00  0.1600E+02
 16.018  0.0000E+00  0.1600E+02
 16.019  0.0000E+00  0.1600E+02
 16.020  0.0000E+00  0.1600E+02
 16.021  0.0000E+00  0.1600E+02
 16.022  0.0000E+00  0.1600E+02
 16.023  0.0000E+00  0.1600E+02
 16.024  0.0000E+00  0.1600E+02
 16.025  0.0000E+00  0.1600E+02
 16.026  0.0000E+00  0.1600E+02
 16.027  0.0000E+00  0.1600E+02
 16.028  0.0000E+00  0.1600E+02
 16.029  0.0000E+00  0.1600E+02
 16.030  0.0000E+00  0.1600E+02
 16.031  0.0000E+00  0.1600E+02
 16.032  0.0000E+00  0.1600E+02
 16.033  0.0000E+00  0.1600E+02
 16.034  0.0000E+00  0.1600E+02
 16.035  0.0000E+00  0.1600E+02
 16.036  0.0000E+00  0.1600E+02
 16.037  0.0000E+00  0.1600E+02
 16.038  0.0000E+00  0.1600E+02
 16.039  0.0000E+00  0.1600E+02
 16.040  0.0000E+00  0.1600E+02
 16.041  0.0000E+00  0.1600E+02
 16.042  0.0000E+00  0.1600E+02
 16.043  0.0000E+00  0.1600E+02
 16.044  0.0000E+00  0.1600E+02
 16.045  0.0000E+00  0.1600E+02
 16.046  0.0000E+00  0.1600E+02
 16.047  0.0000E+00  0.1600E+02
 16.048  0.0000E+00  0.1600E+02
 16.049  0.0000E+00  0.1600E+02
 16.050  0.0000E+00  0.1600E+02
 16.051  0.0000E+00  0.1600E+02
 16.052  0.0000E+00  0.1600E+02
 16.053  0.0000E+00  0.1600E+02
 16.054  0.0000E+00  0.1600E+02
 16.055  0.0000E+00  0.1600E+02
 16.056  0.0000E+00  0.1600E+02
 16.057  0.0000E+00  0.1600E+02
 16.058  0.0000E+00  0.1600E+02
 16.059  0.0000E+00  0.1600E+02
 16.060  0.0000E+00  0.1600E+02
 16.061  0.0000E+00  0.1600E+02
 16.062  0.0000E+00  0.1600E+02
 16.063  0.0000E+00  0.1600E+02
 16.064  0.0000E+00  0.1600E+02
 16.065  0.0000E+00  0.1600E+02
 16.066  0.0000E+00  0.1600E+02
 16.067  0.0000E+00  0.1600E+02
 16.068  0.0000E+00  0.1600E+02
 16.069  0.0000E+00  0.1600E+02
 16.070  0.0000E+00  0.1600E+02
 16.071  0.0000E+00  0.1600E+02
 16.072  0.0000E+00  0.1600E+02
 16.073  0.0000E+00  0.1600E+02
 16.074  0.0000E+00  0.1600E+02
 16.075  0.0000E+00  0.1600E+02
 16.076  0.0000E+00  0.1600E+02
 16.077  0.0000E+00  0.1600E+02
 16.078  0.0000E+00  0.1600E+02
 16.079  0.0000E+00  0.1600E+02
 16.080  0.0000E+00  0.1600E+02
 16.081  0.0000E+00  0.1600E+02
 16.082  0.0000E+00  0.1600E+02
 16.083  0.0000E+00  0.1600E+02
 16.084  0.0000E+00  0.1600E+02
 16.085  0.0000E+00  0.1600E+02
 16.086  0.0000E+00  0.1600E+02
 16.087  0.0000E+00  0.1600E+02
 16.088  0.0000E+00  0.1600E+02
 16.089  0.0000E+00  0.1600E+02
 16.090  0.0000E+00  0.1600E+02
 16.091  0.0000E+00  0.1600E+02
 16.092  0.0000E+00  0.1600E+02
 16.093  0.0000E+00  0.1600E+02
 16.094  0.0000E+00  0.1600E+02
 16.095  0.0000E+00  0.1600E+02
 16.096  0.0000E+00  0.1600E+02
 16.097  0.0000E+00  0.1600E+02
 16.098  0.0000E+00  0.1600E+02
 16.099  0.0000E+00  0.1600E+02
 16.100  0.0000E+00  0.1600E+02
 16.101  0.0000E+00  0.1600E+02
 16.102  0.0000E+00  0.1600E+02
 16.103  0.0000E+00  0.1600E+02
 16.104  0.0000E+00  0.1600E+02
 16.105  0.0000E+00  0.1600E+02
 16.106  0.0000E+00  0.1600E+02
 16.107  0.0000E+00  0.1600E+02
 16.108  0.0000E+00  0.1600E+02
 16.109  0.0000E+00  0.1600E+02
 16.110  0.0000E+00  0.1600E+02
 16.111  0.0000E+00  0.1600E+02
 16.112  0.0000E+00  0.1600E+02
 16.113  0.0000E+00  0.1600E+02
 16.114  0.0000E+00  0.1600E+02
 16.115  0.0000E+00  0.1600E+02
 16.116  0.0000E+00  0.1600E+02
 16.117  0.0000E+00  0.1600E+02
 16.118  0.0000E+00  0.1600E+02
 16.119  0.0000E+00  0.1600E+02
 16.120  0.0000E+00  0.1600E+02
 16.121  0.0000E+00  0.1600E+02
 16.122  0.0000E+00  0.1600E+02
 16.123  0.0000E+00  0.1600E+02
 16.124  0.0000E+00  0.1600E+02
 16.125  0.0000E+00  0.1600E+02
 16.126  0.0000E+00  0.1600E+02
 16.127  0.0000E+00  0.1600E+02
 16.128  0.0000E+00  0.1600E+02
 16.129  0.0000E+00  0.1600E+02
 16.130  0.0000E+00  0.1600E+02
 16.131  0.0000E+00  0.1600E+02
 16.132  0.0000E+00  0.1600E+02
 16.133  0.0000E+00  0.1600E+02
 16.134  0.0000E+00  0.1600E+02
 16.135  0.0000E+00  0.1600E+02
 16.136  0.0000E+00  0.1600E+02
 16.137  0.0000E+00  0.1600E+02
 16.138  0.0000E+00  0.1600E+02
 16.139  0.0000E+00  0.1600E+02
 16.140  0.0000E+00  0.1600E+02
 16.141  0.0000E+00  0.1600E+02
 16.142  0.0000E+00  0.1600E+02
 16.143  0.0000E+00  0.1600E+02
 16.144  0.0000E+00  0.1600E+02
 16.145  0.0000E+00  0.1600E+02
 16.146  0.0000E+00  0.1600E+02
 16.147  0.0000E+00  0.1600E+02
 16.148  0.0000E+00  0.1600E+02
 16.149  0.0000E+00  0.1600E+02
 16.150  0.0000E+00  0.1600E+02
 16.151  0.0000E+00  0.1600E+02
 16.152  0.0000E+00  0.1600E+02
 16.153  0.0000E+00  0.1600E+02
 16.154  0.0000E+00  0.1600E+02
 16.155  0.0000E+00  0.1600E+02
 16.156  0.0000E+00  0.1600E+02
 16.157  0.0000E+00  0.1600E+02
 16.158  0.0000E+00  0.1600E+02
 16.159  0.0000E+00  0.1600E+02
 16.160  0.0000E+00  0.1600E+02
 16.161  0.0000E+00  0.1600E+02
 16.162  0.0000E+00  0.1600E+02
 16.163  0.0000E+00  0.1600E+02
 16.164  0.0000E+00  0.1600E+02
 16.165  0.0000E+00  0.1600E+02
 16.166  0.0000E+00  0.1600E+02
 16.167  0.0000E+00  0.1600E+02
 16.168  0.0000E+00  0.1600E+02
 16.169  0.0000E+00  0.1600E+02
 16.170  0.0000E+00  0.1600E+02
 16.171  0.0000E+00  0.1600E+02
 16.172  0.0000E+00  0.1600E+02
 16.173  0.0000E+00  0.1600E+02
 16.174  0.0000E+00  0.1600E+02
 16.175  0.0000E+00  0.1600E+02
 16.176  0.0000E+00  0.1600E+02
 16.177  0.0000E+00  0.1600E+02
 16.178  0.0000E+00  0.1600E+02
 16.179  0.0000E+00  0.1600E+02
 16.180  0.0000E+00  0.1600E+02
 16.181  0.0000E+00  0.1600E+02
 16.182  0.0000E+00  0.1600E+02
 16.183  0.0000E+00  0.1600E+02
 16.184  0.0000E+00  0.1600E+02
 16.185  0.0000E+00  0.1600E+02
 16.186  0.0000E+00  0.1600E+02
 16.187  0.0000E+00  0.1600E+02
 16.188  0.0000E+00  0.1600E+02
 16.189  0.0000E+00  0.1600E+02
 16.190  0.0000E+00  0.1600E+02
 16.191  0.0000E+00  0.1600E+02
 16.192  0.0000E+00  0.1600E+02
 16.193  0.0000E+00  0.1600E+02
 16.194  0.0000E+00  0.1600E+02
 16.195  0.0000E+00  0.1600E+02
 16.196  0.0000E+00  0.1600E+02
 16.197  0.0000E+00  0.1600E+02
 16.198  0.0000E+00  0.1600E+02
 16.199  0.0000E+00  0.1600E+02
 16.200  0.0000E+00  0.1600E+02
 16.201  0.0000E+00  0.1600E+02
 16.202  0.0000E+00  0.1600E+02
 16.203  0.0000E+00  0.1600E+02
 16.204  0.0000E+00  0.1600E+02
 16.205  0.0000E+00  0.1600E+02
 16.206  0.0000E+00  0.1600E+02
 16.207  0.0000E+00  0.1600E+02
 16.208  0.0000E+00  0.1600E+02
 16.209  0.0000E+00  0.1600E+02
 16.210  0.0000E+00  0.1600E+02
 16.211  0.0000E+00  0.1600E+02
 16.212  0.0000E+00  0.1600E+02
 16.213  0.0000E+00  0.1600E+02
 16.214  0.0000E+00  0.1600E+02
 16.215  0.0000E+00  0.1600E+02
 16.216  0.0000E+00  0.1600E+02
 16.217  0.0000E+00  0.1600E+02
 16.218  0.0000E+00  0.1600E+02
 16.219  0.0000E+00  0.1600E+02
 16.220  0.0000E+00  0.1600E+02
 16.221  0.0000E+00  0.1600E+02
 16.222  0.0000E+00  0.1600E+02
 16.223  0.0000E+00  0.1600E+02
 16.224  0.0000E+00  0.1600E+02
 16.225  0.0000E+00  0.1600E+02
 16.226  0.0000E+00  0.1600E+02
 16.227  0.0000E+00  0.1600E+02
 16.228  0.0000E+00  0.1600E+02
 16.229  0.0000E+00  0.1600E+02
 16.230  0.0000E+00  0.1600E+02
 16.231  0.0000E+00  0.1600E+02
 16.232  0.0000E+00  0.1600E+02
 16.233  0.0000E+00  0.1600E+02
 16.234  0.0000E+00  0.1600E+02
 16.235  0.0000E+00  0.1600E+02
 16.236  0.0000E+00  0.1600E+02
 16.237  0.0000E+00  0.1600E+02
 16.238  0.0000E+00  0.1600E+02
 16.239  0.0000E+00  0.1600E+02
 16.240  0.0000E+00  0.1600E+02
 16.241  0.0000E+00  0.1600E+02
 16.242  0.0000E+00  0.1600E+02
 16.243  0.0000E+00  0.1600E+02
 16.244  0.0000E+00  0.1600E+02
 16.245  0.0000E+00  0.1600E+02
 16.246  0.0000E+00  0.1600E+02
 16.247  0.0000E+00  0.1600E+02
 16.248  0.0000E+00  0.1600E+02
 16.249  0.0000E+00  0.1600E+02
 16.250  0.0000E+00  0.1600E+02
 16.251  0.0000E+00  0.1600E+02
 16.252  0.0000E+00  0.1600E+02
 16.253  0.0000E+00  0.1600E+02
 16.254  0.0000E+00  0.1600E+02
 16.255  0.0000E+00  0.1600E+02
 16.256  0.0000E+00  0.1600E+02
 16.257  0.0000E+00  0.1600E+02
 16.258  0.0000E+00  0.1600E+02
 16.259  0.0000E+00  0.1600E+02
 16.260  0.0000E+00  0.1600E+02
 16.261  0.0000E+00  0.1600E+02
 16.262  0.0000E+00  0.1600E+02
 16.263  0.0000E+00  0.1600E+02
 16.264  0.0000E+00  0.1600E+02
 16.265  0.0000E+00  0.1600E+02
 16.266  0.0000E+00  0.1600E+02
 16.267  0.0000E+00  0.1600E+02
 16.268  0.0000E+00  0.1600E+02
 16.269  0.0000E+00  0.1600E+02
 16.270  0.0000E+00  0.1600E+02
 16.271  0.0000E+00  0.1600E+02
 16.272  0.0000E+00  0.1600E+02
 16.273  0.0000E+00  0.1600E+02
 16.274  0.0000E+00  0.1600E+02
 16.275  0.0000E+00  0.1600E+02
 16.276  0.0000E+00  0.1600E+02
 16.277  0.0000E+00  0.1600E+02
 16.278  0.0000E+00  0.1600E+02
 16.279  0.0000E+00  0.1600E+02
 16.280  0.0000E+00  0.1600E+02
 16.281  0.0000E+00  0.1600E+02
 16.282  0.0000E+00  0.1600E+02
 16.283  0.0000E+00  0.1600E+02
 16.284  0.0000E+00  0.1600E+02
 16.285  0.0000E+00  0.1600E+02
 16.286  0.0000E+00  0.1600E+02
 16.287  0.0000E+00  0.1600E+02
 16.288  0.0000E+00  0.1600E+02
 16.289  0.0000E+00  0.1600E+02
 16.290  0.0000E+00  0.1600E+02
 16.291  0.0000E+00  0.1600E+02
 16.292  0.0000E+00  0.1600E+02
 16.293  0.0000E+00  0.1600E+02
 16.294  0.0000E+00  0.1600E+02
 16.295  0.0000E+00  0.1600E+02
 16.296  0.0000E+00  0.1600E+02
 16.297  0.0000E+00  0.1600E+02
 16.298  0.0000E+00  0.1600E+02
 16.299  0.0000E+00  0.1600E+02
 16.300  0.0000E+00  0.1600E+02
 16.301  0.0000E+00  0.1600E+02
 16.302  0.0000E+00  0.1600E+02
 16.303  0.0000E+00  0.1600E+02
 16.304  0.0000E+00  0.1600E+02
 16.305  0.0000E+00  0.1600E+02
 16.306  0.0000E+00  0.1600E+02
 16.307  0.0000E+00  0.1600E+02
 16.308  0.0000E+00  0.1600E+02
 16.309  0.0000E+00  0.1600E+02
 16.310  0.0000E+00  0.1600E+02
 16.311  0.0000E+00  0.1600E+02
 16.312  0.0000E+00  0.1600E+02
 16.313  0.0000E+00  0.1600E+02
 16.314  0.0000E+00  0.1600E+02
 16.315  0.0000E+00  0.1600E+02
 16.316  0.0000E+00  0.1600E+02
 16.317  0.0000E+00  0.1600E+02
 16.318  0.0000E+00  0.1600E+02
 16.319  0.0000E+00  0.1600E+02
 16.320  0.0000E+00  0.1600E+02
 16.321  0.0000E+00  0.1600E+02
 16.322  0.0000E+00  0.1600E+02
 16.323  0.0000E+00  0.1600E+02
 16.324  0.0000E+00  0.1600E+02
 16.325  0.0000E+00  0.1600E+02
 16.326  0.0000E+00  0.1600E+02
 16.327  0.0000E+00  0.1600E+02
 16.328  0.0000E+00  0.1600E+02
 16.329  0.0000E+00  0.1600E+02
 16.330  0.0000E+00  0.1600E+02
 16.331  0.0000E+00  0.1600E+02
 16.332  0.0000E+00  0.1600E+02
 16.333  0.0000E+00  0.1600E+02
 16.334  0.0000E+00  0.1600E+02
 16.335  0.0000E+00  0.1600E+02
 16.336  0.0000E+00  0.1600E+02
 16.337  0.0000E+00  0.1600E+02
 16.338  0.0000E+00  0.1600E+02
 16.339  0.0000E+00  0.1600E+02
 16.340  0.0000E+00  0.1600E+02
 16.341  0.0000E+00  0.1600E+02
 16.342  0.0000E+00  0.1600E+02
 16.343  0.0000E+00  0.1600E+02
 16.344  0.0000E+00  0.1600E+02
 16.345  0.0000E+00  0.1600E+02
 16.346  0.0000E+00  0.1600E+02
 16.347  0.0000E+00  0.1600E+02
 16.348  0.0000E+00  0.1600E+02
 16.349  0.0000E+00  0.1600E+02
 16.350  0.0000E+00  0.1600E+02
 16.351  0.0000E+00  0.1600E+02
 16.352  0.0000E+00  0.1600E+02
 16.353  0.0000E+00  0.1600E+02
 16.354  0.0000E+00  0.1600E+02
 16.355  0.0000E+00  0.1600E+02
 16.356  0.0000E+00  0.1600E+02
 16.357  0.0000E+00  0.1600E+02
 16.358  0.0000E+00  0.1600E+02
 16.359  0.0000E+00  0.1600E+02
 16.360  0.0000E+00  0.1600E+02
 16.361  0.0000E+00  0.1600E+02
 16.362  0.0000E+00  0.1600E+02
 16.363  0.0000E+00  0.1600E+02
 16.364  0.0000E+00  0.1600E+02
 16.365  0.0000E+00  0.1600E+02
 16.366  0.0000E+00  0.1600E+02
 16.367  0.0000E+00  0.1600E+02
 16.368  0.0000E+00  0.1600E+02
 16.369  0.0000E+00  0.1600E+02
 16.370  0.0000E+00  0.1600E+02
 16.371  0.0000E+00  0.1600E+02
 16.372  0.0000E+00  0.1600E+02
 16.373  0.0000E+00  0.1600E+02
 16.374  0.0000E+00  0.1600E+02
 16.375  0.0000E+00  0.1600E+02
 16.376  0.0000E+00  0.1600E+02
 16.377  0.0000E+00  0.1600E+02
 16.378  0.0000E+00  0.1600E+02
 16.379  0.0000E+00  0.1600E+02
 16.380  0.0000E+00  0.1600E+02
 16.381  0.0000E+00  0.1600E+02
 16.382  0.0000E+00  0.1600E+02
 16.383  0.0000E+00  0.1600E+02
 16.384  0.0000E+00  0.1600E+02
 16.385  0.0000E+00  0.1600E+02
 16.386  0.0000E+00  0.1600E+02
 16.387  0.0000E+00  0.1600E+02
 16.388  0.0000E+00  0.1600E+02
 16.389  0.0000E+00  0.1600E+02
 16.390  0.0000E+00  0.1600E+02
 16.391  0.0000E+00  0.1600E+02
 16.392  0.0000E+00  0.1600E+02
 16.393  0.0000E+00  0.1600E+02
 16.394  0.0000E+00  0.1600E+02
 16.395  0.0000E+00  0.1600E+02
 16.396  0.0000E+00  0.1600E+02
 16.397  0.0000E+00  0.1600E+02
 16.398  0.0000E+00  0.1600E+02
 16.399  0.0000E+00  0.1600E+02
 16.400  0.0000E+00  0.1600E+02
 16.401  0.0000E+00  0.1600E+02
 16.402  0.0000E+00  0.1600E+02
 16.403  0.0000E+00  0.1600E+02
 16.404  0.0000E+00  0.1600E+02
 16.405  0.0000E+00  0.1600E+02
 16.406  0.0000E+00  0.1600E+02
 16.407  0.0000E+00  0.1600E+02
 16.408  0.0000E+00  0.1600E+02
 16.409  0.0000E+00  0.1600E+02
 16.410  0.0000E+00  0.1600E+02
 16.411  0.0000E+00  0.1600E+02
 16.412  0.0000E+00  0.1600E+02
 16.413  0.0000E+00  0.1600E+02
 16.414  0.0000E+00  0.1600E+02
 16.415  0.0000E+00  0.1600E+02
 16.416  0.0000E+00  0.1600E+02
 16.417  0.0000E+00  0.1600E+02
 16.418  0.0000E+00  0.1600E+02
 16.419  0.0000E+00  0.1600E+02
 16.420  0.0000E+00  0.1600E+02
 16.421  0.0000E+00  0.1600E+02
 16.422  0.0000E+00  0.1600E+02
 16.423  0.0000E+00  0.1600E+02
 16.424  0.0000E+00  0.1600E+02
 16.425  0.0000E+00  0.1600E+02
 16.426  0.0000E+00  0.1600E+02
 16.427  0.0000E+00  0.1600E+02
 16.428  0.0000E+00  0.1600E+02
 16.429  0.0000E+00  0.1600E+02
 16.430  0.0000E+00  0.1600E+02
 16.431  0.0000E+00  0.1600E+02
 16.432  0.0000E+00  0.1600E+02
 16.433  0.0000E+00  0.1600E+02
 16.434  0.0000E+00  0.1600E+02
 16.435  0.0000E+00  0.1600E+02
 16.436  0.0000E+00  0.1600E+02
 16.437  0.0000E+00  0.1600E+02
 16.438  0.0000E+00  0.1600E+02
 16.439  0.0000E+00  0.1600E+02
 16.440  0.0000E+00  0.1600E+02
 16.441  0.0000E+00  0.1600E+02
 16.442  0.0000E+00  0.1600E+02
 16.443  0.0000E+00  0.1600E+02
 16.444  0.0000E+00  0.1600E+02
 16.445  0.0000E+00  0.1600E+02
 16.446  0.0000E+00  0.1600E+02
 16.447  0.0000E+00  0.1600E+02
 16.448  0.0000E+00  0.1600E+02
 16.449  0.0000E+00  0.1600E+02
 16.450  0.0000E+00  0.1600E+02
 16.451  0.0000E+00  0.1600E+02
 16.452  0.0000E+00  0.1600E+02
 16.453  0.0000E+00  0.1600E+02
 16.454  0.0000E+00  0.1600E+02
 16.455  0.0000E+00  0.1600E+02
 16.456  0.0000E+00  0.1600E+02
 16.457  0.0000E+00  0.1600E+02
 16.458  0.0000E+00  0.1600E+02
 16.459  0.0000E+00  0.1600E+02
 16.460  0.0000E+00  0.1600E+02
 16.461  0.0000E+00  0.1600E+02
 16.462  0.0000E+00  0.1600E+02
 16.463  0.0000E+00  0.1600E+02
 16.464  0.0000E+00  0.1600E+02
 16.465  0.0000E+00  0.1600E+02
 16.466  0.0000E+00  0.1600E+02
 16.467  0.0000E+00  0.1600E+02
 16.468  0.0000E+00  0.1600E+02
 16.469  0.0000E+00  0.1600E+02
 16.470  0.0000E+00  0.1600E+02
 16.471  0.0000E+00  0.1600E+02
 16.472  0.0000E+00  0.1600E+02
 16.473  0.0000E+00  0.1600E+02
 16.474  0.0000E+00  0.1600E+02
 16.475  0.0000E+00  0.1600E+02
 16.476  0.0000E+00  0.1600E+02
 16.477  0.0000E+00  0.1600E+02
 16.478  0.0000E+00  0.1600E+02
 16.479  0.0000E+00  0.1600E+02
 16.480  0.0000E+00  0.1600E+02
 16.481  0.0000E+00  0.1600E+02
 16.482  0.0000E+00  0.1600E+02
 16.483  0.0000E+00  0.1600E+02
 16.484  0.0000E+00  0.1600E+02
 16.485  0.0000E+00  0.1600E+02
 16.486  0.0000E+00  0.1600E+02
 16.487  0.0000E+00  0.1600E+02
 16.488  0.0000E+00  0.1600E+02
 16.489  0.0000E+00  0.1600E+02
 16.490  0.0000E+00  0.1600E+02
 16.491  0.0000E+00  0.1600E+02
 16.492  0.0000E+00  0.1600E+02
 16.493  0.0000E+00  0.1600E+02
 16.494  0.0000E+00  0.1600E+02
 16.495  0.0000E+00  0.1600E+02
 16.496  0.0000E+00  0.1600E+02
 16.497  0.0000E+00  0.1600E+02
 16.498  0.0000E+00  0.1600E+02
 16.499  0.0000E+00  0.1600E+02
 16.500  0.0000E+00  0.1600E+02
 16.501  0.0000E+00  0.1600E+02
 16.502  0.0000E+00  0.1600E+02
 16.503  0.0000E+00  0.1600E+02
 16.504  0.0000E+00  0.1600E+02
 16.505  0.0000E+00  0.1600E+02
 16.506  0.0000E+00  0.1600E+02
 16.507  0.0000E+00  0.1600E+02
 16.508  0.0000E+00  0.1600E+02
 16.509  0.0000E+00  0.1600E+02
 16.510  0.0000E+00  0.1600E+02
 16.511  0.0000E+00  0.1600E+02
 16.512  0.0000E+00  0.1600E+02
 16.513  0.0000E+00  0.1600E+02
 16.514  0.0000E+00  0.1600E+02
 16.515  0.0000E+00  0.1600E+02
 16.516  0.0000E+00  0.1600E+02
 16.517  0.0000E+00  0.1600E+02
 16.518  0.0000E+00  0.1600E+02
 16.519  0.0000E+00  0.1600E+02
 16.520  0.0000E+00  0.1600E+02
 16.521  0.0000E+00  0.1600E+02
 16.522  0.0000E+00  0.1600E+02
 16.523  0.0000E+00  0.1600E+02
 16.524  0.0000E+00  0.1600E+02
 16.525  0.0000E+00  0.1600E+02
 16.526  0.0000E+00  0.1600E+02
 16.527  0.0000E+00  0.1600E+02
 16.528  0.0000E+00  0.1600E+02
 16.529  0.0000E+00  0.1600E+02
 16.530  0.0000E+00  0.1600E+02
 16.531  0.0000E+00  0.1600E+02
 16.532  0.0000E+00  0.1600E+02
 16.533  0.0000E+00  0.1600E+02
 16.534  0.0000E+00  0.1600E+02
 16.535  0.0000E+00  0.1600E+02
 16.536  0.0000E+00  0.1600E+02
 16.537  0.0000E+00  0.1600E+02
 16.538  0.0000E+00  0.1600E+02
 16.539  0.0000E+00  0.1600E+02
 16.540  0.0000E+00  0.1600E+02
 16.541  0.0000E+00  0.1600E+02
 16.542  0.0000E+00  0.1600E+02
 16.543  0.0000E+00  0.1600E+02
 16.544  0.0000E+00  0.1600E+02
 16.545  0.0000E+00  0.1600E+02
 16.546  0.0000E+00  0.1600E+02
 16.547  0.0000E+00  0.1600E+02
 16.548  0.0000E+00  0.1600E+02
 16.549  0.0000E+00  0.1600E+02
 16.550  0.0000E+00  0.1600E+02
 16.551  0.0000E+00  0.1600E+02
 16.552  0.0000E+00  0.1600E+02
 16.553  0.0000E+00  0.1600E+02
 16.554  0.0000E+00  0.1600E+02
 16.555  0.0000E+00  0.1600E+02
 16.556  0.0000E+00  0.1600E+02
 16.557  0.0000E+00  0.1600E+02
 16.558  0.0000E+00  0.1600E+02
 16.559  0.0000E+00  0.1600E+02
 16.560  0.0000E+00  0.1600E+02
 16.561  0.0000E+00  0.1600E+02
 16.562  0.0000E+00  0.1600E+02
 16.563  0.0000E+00  0.1600E+02
 16.564  0.0000E+00  0.1600E+02
 16.565  0.0000E+00  0.1600E+02
 16.566  0.0000E+00  0.1600E+02
 16.567  0.0000E+00  0.1600E+02
 16.568  0.0000E+00  0.1600E+02
 16.569  0.0000E+00  0.1600E+02
 16.570  0.0000E+00  0.1600E+02
 16.571  0.0000E+00  0.1600E+02
 16.572  0.0000E+00  0.1600E+02
 16.573  0.0000E+00  0.1600E+02
 16.574  0.0000E+00  0.1600E+02
 16.575  0.0000E+00  0.1600E+02
 16.576  0.0000E+00  0.1600E+02
 16.577  0.0000E+00  0.1600E+02
 16.578  0.0000E+00  0.1600E+02
 16.579  0.0000E+00  0.1600E+02
 16.580  0.0000E+00  0.1600E+02
 16.581  0.0000E+00  0.1600E+02
 16.582  0.0000E+00  0.1600E+02
 16.583  0.0000E+00  0.1600E+02
 16.584  0.0000E+00  0.1600E+02
 16.585  0.0000E+00  0.1600E+02
 16.586  0.0000E+00  0.1600E+02
 16.587  0.0000E+00  0.1600E+02
 16.588  0.0000E+00  0.1600E+02
 16.589  0.0000E+00  0.1600E+02
 16.590  0.0000E+00  0.1600E+02
 16.591  0.0000E+00  0.1600E+02
 16.592  0.0000E+00  0.1600E+02
 16.593  0.0000E+00  0.1600E+02
 16.594  0.0000E+00  0.1600E+02
 16.595  0.0000E+00  0.1600E+02
 16.596  0.0000E+00  0.1600E+02
 16.597  0.0000E+00  0.1600E+02
 16.598  0.0000E+00  0.1600E+02
 16.599  0.0000E+00  0.1600E+02
 16.600  0.0000E+00  0.1600E+02
 16.601  0.0000E+00  0.1600E+02
 16.602  0.0000E+00  0.1600E+02
 16.603  0.0000E+00  0.1600E+02
 16.604  0.0000E+00  0.1600E+02
 16.605  0.0000E+00  0.1600E+02
 16.606  0.0000E+00  0.1600E+02
 16.607  0.0000E+00  0.1600E+02
 16.608  0.0000E+00  0.1600E+02
 16.609  0.0000E+00  0.1600E+02
 16.610  0.0000E+00  0.1600E+02
 16.611  0.0000E+00  0.1600E+02
 16.612  0.0000E+00  0.1600E+02
 16.613  0.0000E+00  0.1600E+02
 16.614  0.0000E+00  0.1600E+02
 16.615  0.0000E+00  0.1600E+02
 16.616  0.0000E+00  0.1600E+02
 16.617  0.0000E+00  0.1600E+02
 16.618  0.0000E+00  0.1600E+02
 16.619  0.0000E+00  0.1600E+02
 16.620  0.0000E+00  0.1600E+02
 16.621  0.0000E+00  0.1600E+02
 16.622  0.0000E+00  0.1600E+02
 16.623  0.0000E+00  0.1600E+02
 16.624  0.0000E+00  0.1600E+02
 16.625  0.0000E+00  0.1600E+02
 16.626  0.0000E+00  0.1600E+02
 16.627  0.0000E+00  0.1600E+02
 16.628  0.0000E+00  0.1600E+02
 16.629  0.0000E+00  0.1600E+02
 16.630  0.0000E+00  0.1600E+02
 16.631  0.0000E+00  0.1600E+02
 16.632  0.0000E+00  0.1600E+02
 16.633  0.0000E+00  0.1600E+02
 16.634  0.0000E+00  0.1600E+02
 16.635  0.0000E+00  0.1600E+02
 16.636  0.0000E+00  0.1600E+02
 16.637  0.0000E+00  0.1600E+02
 16.638  0.0000E+00  0.1600E+02
 16.639  0.0000E+00  0.1600E+02
 16.640  0.0000E+00  0.1600E+02
 16.641  0.0000E+00  0.1600E+02
 16.642  0.0000E+00  0.1600E+02
 16.643  0.0000E+00  0.1600E+02
 16.644  0.0000E+00  0.1600E+02
 16.645  0.0000E+00  0.1600E+02
 16.646  0.0000E+00  0.1600E+02
 16.647  0.0000E+00  0.1600E+02
 16.648  0.0000E+00  0.1600E+02
 16.649  0.0000E+00  0.1600E+02
 16.650  0.0000E+00  0.1600E+02
 16.651  0.0000E+00  0.1600E+02
 16.652  0.0000E+00  0.1600E+02
 16.653  0.0000E+00  0.1600E+02
 16.654  0.0000E+00  0.1600E+02
 16.655  0.0000E+00  0.1600E+02
 16.656  0.0000E+00  0.1600E+02
 16.657  0.0000E+00  0.1600E+02
 16.658  0.0000E+00  0.1600E+02
 16.659  0.0000E+00  0.1600E+02
 16.660  0.0000E+00  0.1600E+02
 16.661  0.0000E+00  0.1600E+02
 16.662  0.0000E+00  0.1600E+02
 16.663  0.0000E+00  0.1600E+02
 16.664  0.0000E+00  0.1600E+02
 16.665  0.0000E+00  0.1600E+02
 16.666  0.0000E+00  0.1600E+02
 16.667  0.0000E+00  0.1600E+02
 16.668  0.0000E+00  0.1600E+02
 16.669  0.0000E+00  0.1600E+02
 16.670  0.0000E+00  0.1600E+02
 16.671  0.0000E+00  0.1600E+02
 16.672  0.0000E+00  0.1600E+02
 16.673  0.0000E+00  0.1600E+02
 16.674  0.0000E+00  0.1600E+02
 16.675  0.0000E+00  0.1600E+02
 16.676  0.0000E+00  0.1600E+02
 16.677  0.0000E+00  0.1600E+02
 16.678  0.0000E+00  0.1600E+02
 16.679  0.0000E+00  0.1600E+02
 16.680  0.0000E+00  0.1600E+02
 16.681  0.0000E+00  0.1600E+02
 16.682  0.0000E+00  0.1600E+02
 16.683  0.0000E+00  0.1600E+02
 16.684  0.0000E+00  0.1600E+02
 16.685  0.0000E+00  0.1600E+02
 16.686  0.0000E+00  0.1600E+02
 16.687  0.0000E+00  0.1600E+02
 16.688  0.0000E+00  0.1600E+02
 16.689  0.0000E+00  0.1600E+02
 16.690  0.0000E+00  0.1600E+02
 16.691  0.0000E+00  0.1600E+02
 16.692  0.0000E+00  0.1600E+02
 16.693  0.0000E+00  0.1600E+02
 16.694  0.0000E+00  0.1600E+02
 16.695  0.0000E+00  0.1600E+02
 16.696  0.0000E+00  0.1600E+02
 16.697  0.0000E+00  0.1600E+02
 16.698  0.0000E+00  0.1600E+02
 16.699  0.0000E+00  0.1600E+02
 16.700  0.0000E+00  0.1600E+02
 16.701  0.0000E+00  0.1600E+02
 16.702  0.0000E+00  0.1600E+02
 16.703  0.0000E+00  0.1600E+02
 16.704  0.0000E+00  0.1600E+02
 16.705  0.0000E+00  0.1600E+02
 16.706  0.0000E+00  0.1600E+02
 16.707  0.0000E+00  0.1600E+02
 16.708  0.0000E+00  0.1600E+02
 16.709  0.0000E+00  0.1600E+02
 16.710  0.0000E+00  0.1600E+02
 16.711  0.0000E+00  0.1600E+02
 16.712  0.0000E+00  0.1600E+02
 16.713  0.0000E+00  0.1600E+02
 16.714  0.0000E+00  0.1600E+02
 16.715  0.0000E+00  0.1600E+02
 16.716  0.0000E+00  0.1600E+02
 16.717  0.0000E+00  0.1600E+02
 16.718  0.0000E+00  0.1600E+02
 16.719  0.0000E+00  0.1600E+02
 16.720  0.0000E+00  0.1600E+02
 16.721  0.0000E+00  0.1600E+02
 16.722  0.0000E+00  0.1600E+02
 16.723  0.0000E+00  0.1600E+02
 16.724  0.0000E+00  0.1600E+02
 16.725  0.0000E+00  0.1600E+02
 16.726  0.0000E+00  0.1600E+02
 16.727  0.0000E+00  0.1600E+02
 16.728  0.0000E+00  0.1600E+02
 16.729  0.0000E+00  0.1600E+02
 16.730  0.0000E+00  0.1600E+02
 16.731  0.0000E+00  0.1600E+02
 16.732  0.0000E+00  0.1600E+02
 16.733  0.0000E+00  0.1600E+02
 16.734  0.0000E+00  0.1600E+02
 16.735  0.0000E+00  0.1600E+02
 16.736  0.0000E+00  0.1600E+02
 16.737  0.0000E+00  0.1600E+02
 16.738  0.0000E+00  0.1600E+02
 16.739  0.0000E+00  0.1600E+02
 16.740  0.0000E+00  0.1600E+02
 16.741  0.0000E+00  0.1600E+02
 16.742  0.0000E+00  0.1600E+02
 16.743  0.0000E+00  0.1600E+02
 16.744  0.0000E+00  0.1600E+02
 16.745  0.0000E+00  0.1600E+02
 16.746  0.0000E+00  0.1600E+02
 16.747  0.0000E+00  0.1600E+02
 16.748  0.0000E+00  0.1600E+02
 16.749  0.0000E+00  0.1600E+02
 16.750  0.0000E+00  0.1600E+02
 16.751  0.0000E+00  0.1600E+02
 16.752  0.0000E+00  0.1600E+02
 16.753  0.0000E+00  0.1600E+02
 16.754  0.0000E+00  0.1600E+02
 16.755  0.0000E+00  0.1600E+02
 16.756  0.0000E+00  0.1600E+02
 16.757  0.0000E+00  0.1600E+02
 16.758  0.0000E+00  0.1600E+02
 16.759  0.0000E+00  0.1600E+02
 16.760  0.0000E+00  0.1600E+02
 16.761  0.0000E+00  0.1600E+02
 16.762  0.0000E+00  0.1600E+02
 16.763  0.0000E+00  0.1600E+02
 16.764  0.0000E+00  0.1600E+02
 16.765  0.0000E+00  0.1600E+02
 16.766  0.0000E+00  0.1600E+02
 16.767  0.0000E+00  0.1600E+02
 16.768  0.0000E+00  0.1600E+02
 16.769  0.0000E+00  0.1600E+02
 16.770  0.0000E+00  0.1600E+02
 16.771  0.0000E+00  0.1600E+02
 16.772  0.0000E+00  0.1600E+02
 16.773  0.0000E+00  0.1600E+02
 16.774  0.0000E+00  0.1600E+02
 16.775  0.0000E+00  0.1600E+02
 16.776  0.0000E+00  0.1600E+02
 16.777  0.0000E+00  0.1600E+02
 16.778  0.0000E+00  0.1600E+02
 16.779  0.0000E+00  0.1600E+02
 16.780  0.0000E+00  0.1600E+02
 16.781  0.0000E+00  0.1600E+02
 16.782  0.0000E+00  0.1600E+02
 16.783  0.0000E+00  0.1600E+02
 16.784  0.0000E+00  0.1600E+02
 16.785  0.0000E+00  0.1600E+02
 16.786  0.0000E+00  0.1600E+02
 16.787  0.0000E+00  0.1600E+02
 16.788  0.0000E+00  0.1600E+02
 16.789  0.0000E+00  0.1600E+02
 16.790  0.0000E+00  0.1600E+02
 16.791  0.0000E+00  0.1600E+02
 16.792  0.0000E+00  0.1600E+02
 16.793  0.0000E+00  0.1600E+02
 16.794  0.0000E+00  0.1600E+02
 16.795  0.0000E+00  0.1600E+02
 16.796  0.0000E+00  0.1600E+02
 16.797  0.0000E+00  0.1600E+02
 16.798  0.0000E+00  0.1600E+02
 16.799  0.0000E+00  0.1600E+02
 16.800  0.0000E+00  0.1600E+02
 16.801  0.0000E+00  0.1600E+02
 16.802  0.0000E+00  0.1600E+02
 16.803  0.0000E+00  0.1600E+02
 16.804  0.0000E+00  0.1600E+02
 16.805  0.0000E+00  0.1600E+02
 16.806  0.0000E+00  0.1600E+02
 16.807  0.0000E+00  0.1600E+02
 16.808  0.0000E+00  0.1600E+02
 16.809  0.0000E+00  0.1600E+02
 16.810  0.0000E+00  0.1600E+02
 16.811  0.0000E+00  0.1600E+02
 16.812  0.0000E+00  0.1600E+02
 16.813  0.0000E+00  0.1600E+02
 16.814  0.0000E+00  0.1600E+02
 16.815  0.0000E+00  0.1600E+02
 16.816  0.0000E+00  0.1600E+02
 16.817  0.0000E+00  0.1600E+02
 16.818  0.0000E+00  0.1600E+02
 16.819  0.0000E+00  0.1600E+02
 16.820  0.0000E+00  0.1600E+02
 16.821  0.0000E+00  0.1600E+02
 16.822  0.0000E+00  0.1600E+02
 16.823  0.0000E+00  0.1600E+02
 16.824  0.0000E+00  0.1600E+02
 16.825  0.0000E+00  0.1600E+02
 16.826  0.0000E+00  0.1600E+02
 16.827  0.0000E+00  0.1600E+02
 16.828  0.0000E+00  0.1600E+02
 16.829  0.0000E+00  0.1600E+02
 16.830  0.0000E+00  0.1600E+02
 16.831  0.0000E+00  0.1600E+02
 16.832  0.0000E+00  0.1600E+02
 16.833  0.0000E+00  0.1600E+02
 16.834  0.0000E+00  0.1600E+02
 16.835  0.0000E+00  0.1600E+02
 16.836  0.0000E+00  0.1600E+02
 16.837  0.0000E+00  0.1600E+02
 16.838  0.0000E+00  0.1600E+02
 16.839  0.0000E+00  0.1600E+02
 16.840  0.0000E+00  0.1600E+02
 16.841  0.0000E+00  0.1600E+02
 16.842  0.0000E+00  0.1600E+02
 16.843  0.0000E+00  0.1600E+02
 16.844  0.0000E+00  0.1600E+02
 16.845  0.0000E+00  0.1600E+02
 16.846  0.0000E+00  0.1600E+02
 16.847  0.0000E+00  0.1600E+02
 16.848  0.0000E+00  0.1600E+02
 16.849  0.0000E+00  0.1600E+02
 16.850  0.0000E+00  0.1600E+02
 16.851  0.0000E+00  0.1600E+02
 16.852  0.0000E+00  0.1600E+02
 16.853  0.0000E+00  0.1600E+02
 16.854  0.0000E+00  0.1600E+02
 16.855  0.0000E+00  0.1600E+02
 16.856  0.0000E+00  0.1600E+02
 16.857  0.0000E+00  0.1600E+02
 16.858  0.0000E+00  0.1600E+02
 16.859  0.0000E+00  0.1600E+02
 16.860  0.0000E+00  0.1600E+02
 16.861  0.0000E+00  0.1600E+02
 16.862  0.0000E+00  0.1600E+02
 16.863  0.0000E+00  0.1600E+02
 16.864  0.0000E+00  0.1600E+02
 16.865  0.0000E+00  0.1600E+02
 16.866  0.0000E+00  0.1600E+02
 16.867  0.0000E+00  0.1600E+02
 16.868  0.0000E+00  0.1600E+02
 16.869  0.0000E+00  0.1600E+02
 16.870  0.0000E+00  0.1600E+02
 16.871  0.0000E+00  0.1600E+02
 16.872  0.0000E+00  0.1600E+02
 16.873  0.0000E+00  0.1600E+02
 16.874  0.0000E+00  0.1600E+02
 16.875  0.0000E+00  0.1600E+02
 16.876  0.0000E+00  0.1600E+02
 16.877  0.0000E+00  0.1600E+02
 16.878  0.0000E+00  0.1600E+02
 16.879  0.0000E+00  0.1600E+02
 16.880  0.0000E+00  0.1600E+02
 16.881  0.0000E+00  0.1600E+02
 16.882  0.0000E+00  0.1600E+02
 16.883  0.0000E+00  0.1600E+02
 16.884  0.0000E+00  0.1600E+02
 16.885  0.0000E+00  0.1600E+02
 16.886  0.0000E+00  0.1600E+02
 16.887  0.0000E+00  0.1600E+02
 16.888  0.0000E+00  0.1600E+02
 16.889  0.0000E+00  0.1600E+02
 16.890  0.0000E+00  0.1600E+02
 16.891  0.0000E+00  0.1600E+02
 16.892  0.0000E+00  0.1600E+02
 16.893  0.0000E+00  0.1600E+02
 16.894  0.0000E+00  0.1600E+02
 16.895  0.0000E+00  0.1600E+02
 16.896  0.0000E+00  0.1600E+02
 16.897  0.0000E+00  0.1600E+02
 16.898  0.0000E+00  0.1600E+02
 16.899  0.0000E+00  0.1600E+02
 16.900  0.0000E+00  0.1600E+02
 16.901  0.0000E+00  0.1600E+02
 16.902  0.0000E+00  0.1600E+02
 16.903  0.0000E+00  0.1600E+02
 16.904  0.0000E+00  0.1600E+02
 16.905  0.0000E+00  0.1600E+02
 16.906  0.0000E+00  0.1600E+02
 16.907  0.0000E+00  0.1600E+02
 16.908  0.0000E+00  0.1600E+02
 16.909  0.0000E+00  0.1600E+02
 16.910  0.0000E+00  0.1600E+02
 16.911  0.0000E+00  0.1600E+02
 16.912  0.0000E+00  0.1600E+02
 16.913  0.0000E+00  0.1600E+02
 16.914  0.0000E+00  0.1600E+02
 16.915  0.0000E+00  0.1600E+02
 16.916  0.0000E+00  0.1600E+02
 16.917  0.0000E+00  0.1600E+02
 16.918  0.0000E+00  0.1600E+02
 16.919  0.0000E+00  0.1600E+02
 16.920  0.0000E+00  0.1600E+02
 16.921  0.0000E+00  0.1600E+02
 16.922  0.0000E+00  0.1600E+02
 16.923  0.0000E+00  0.1600E+02
 16.924  0.0000E+00  0.1600E+02
 16.925  0.0000E+00  0.1600E+02
 16.926  0.0000E+00  0.1600E+02
 16.927  0.0000E+00  0.1600E+02
 16.928  0.0000E+00  0.1600E+02
 16.929  0.0000E+00  0.1600E+02
 16.930  0.0000E+00  0.1600E+02
 16.931  0.0000E+00  0.1600E+02
 16.932  0.0000E+00  0.1600E+02
 16.933  0.0000E+00  0.1600E+02
 16.934  0.0000E+00  0.1600E+02
 16.935  0.0000E+00  0.1600E+02
 16.936  0.0000E+00  0.1600E+02
 16.937  0.0000E+00  0.1600E+02
 16.938  0.0000E+00  0.1600E+02
 16.939  0.0000E+00  0.1600E+02
 16.940  0.0000E+00  0.1600E+02
 16.941  0.0000E+00  0.1600E+02
 16.942  0.0000E+00  0.1600E+02
 16.943  0.0000E+00  0.1600E+02
 16.944  0.0000E+00  0.1600E+02
 16.945  0.0000E+00  0.1600E+02
 16.946  0.0000E+00  0.1600E+02
 16.947  0.0000E+00  0.1600E+02
 16.948  0.0000E+00  0.1600E+02
 16.949  0.0000E+00  0.1600E+02
 16.950  0.0000E+00  0.1600E+02
 16.951  0.0000E+00  0.1600E+02
 16.952  0.0000E+00  0.1600E+02
 16.953  0.0000E+00  0.1600E+02
 16.954  0.0000E+00  0.1600E+02
 16.955  0.0000E+00  0.1600E+02
 16.956  0.0000E+00  0.1600E+02
 16.957  0.0000E+00  0.1600E+02
 16.958  0.0000E+00  0.1600E+02
 16.959  0.0000E+00  0.1600E+02
 16.960  0.0000E+00  0.1600E+02
 16.961  0.0000E+00  0.1600E+02
 16.962  0.0000E+00  0.1600E+02
 16.963  0.0000E+00  0.1600E+02
 16.964  0.0000E+00  0.1600E+02
 16.965  0.0000E+00  0.1600E+02
 16.966  0.0000E+00  0.1600E+02
 16.967  0.0000E+00  0.1600E+02
 16.968  0.0000E+00  0.1600E+02
 16.969  0.0000E+00  0.1600E+02
 16.970  0.0000E+00  0.1600E+02
 16.971  0.0000E+00  0.1600E+02
 16.972  0.0000E+00  0.1600E+02
 16.973  0.0000E+00  0.1600E+02
 16.974  0.0000E+00  0.1600E+02
 16.975  0.0000E+00  0.1600E+02
 16.976  0.0000E+00  0.1600E+02
 16.977  0.0000E+00  0.1600E+02
 16.978  0.0000E+00  0.1600E+02
 16.979  0.0000E+00  0.1600E+02
 16.980  0.0000E+00  0.1600E+02
 16.981  0.0000E+00  0.1600E+02
 16.982  0.0000E+00  0.1600E+02
 16.983  0.0000E+00  0.1600E+02
 16.984  0.0000E+00  0.1600E+02
 16.985  0.0000E+00  0.1600E+02
 16.986  0.0000E+00  0.1600E+02
 16.987  0.0000E+00  0.1600E+02
 16.988  0.0000E+00  0.1600E+02
 16.989  0.0000E+00  0.1600E+02
 16.990  0.0000E+00  0.1600E+02
 16.991  0.0000E+00  0.1600E+02
 16.992  0.0000E+00  0.1600E+02
 16.993  0.0000E+00  0.1600E+02
 16.994  0.0000E+00  0.1600E+02
 16.995  0.0000E+00  0.1600E+02
 16.996  0.0000E+00  0.1600E+02
 16.997  0.0000E+00  0.1600E+02
 16.998  0.0000E+00  0.1600E+02
 16.999  0.0000E+00  0.1600E+02
 17.000  0.0000E+00  0.1600E+02
 17.001  0.0000E+00  0.1600E+02
 17.002  0.0000E+00  0.1600E+02
 17.003  0.0000E+00  0.1600E+02
 17.004  0.0000E+00  0.1600E+02
 17.005  0.0000E+00  0.1600E+02
 17.006  0.0000E+00  0.1600E+02
 17.007  0.0000E+00  0.1600E+02
 17.008  0.0000E+00  0.1600E+02
 17.009  0.0000E+00  0.1600E+02
 17.010  0.0000E+00  0.1600E+02
 17.011  0.0000E+00  0.1600E+02
 17.012  0.0000E+00  0.1600E+02
 17.013  0.0000E+00  0.1600E+02
 17.014  0.0000E+00  0.1600E+02
 17.015  0.0000E+00  0.1600E+02
 17.016  0.0000E+00  0.1600E+02
 17.017  0.0000E+00  0.1600E+02
 17.018  0.0000E+00  0.1600E+02
 17.019  0.0000E+00  0.1600E+02
 17.020  0.0000E+00  0.1600E+02
 17.021  0.0000E+00  0.1600E+02
 17.022  0.0000E+00  0.1600E+02
 17.023  0.0000E+00  0.1600E+02
 17.024  0.0000E+00  0.1600E+02
 17.025  0.0000E+00  0.1600E+02
 17.026  0.0000E+00  0.1600E+02
 17.027  0.0000E+00  0.1600E+02
 17.028  0.0000E+00  0.1600E+02
 17.029  0.0000E+00  0.1600E+02
 17.030  0.0000E+00  0.1600E+02
 17.031  0.0000E+00  0.1600E+02
 17.032  0.0000E+00  0.1600E+02
 17.033  0.0000E+00  0.1600E+02
 17.034  0.0000E+00  0.1600E+02
 17.035  0.0000E+00  0.1600E+02
 17.036  0.0000E+00  0.1600E+02
 17.037  0.0000E+00  0.1600E+02
 17.038  0.0000E+00  0.1600E+02
 17.039  0.0000E+00  0.1600E+02
 17.040  0.0000E+00  0.1600E+02
 17.041  0.0000E+00  0.1600E+02
 17.042  0.0000E+00  0.1600E+02
 17.043  0.0000E+00  0.1600E+02
 17.044  0.0000E+00  0.1600E+02
 17.045  0.0000E+00  0.1600E+02
 17.046  0.0000E+00  0.1600E+02
 17.047  0.0000E+00  0.1600E+02
 17.048  0.0000E+00  0.1600E+02
 17.049  0.0000E+00  0.1600E+02
 17.050  0.0000E+00  0.1600E+02
 17.051  0.0000E+00  0.1600E+02
 17.052  0.0000E+00  0.1600E+02
 17.053  0.0000E+00  0.1600E+02
 17.054  0.0000E+00  0.1600E+02
 17.055  0.0000E+00  0.1600E+02
 17.056  0.0000E+00  0.1600E+02
 17.057  0.0000E+00  0.1600E+02
 17.058  0.0000E+00  0.1600E+02
 17.059  0.0000E+00  0.1600E+02
 17.060  0.0000E+00  0.1600E+02
 17.061  0.0000E+00  0.1600E+02
 17.062  0.0000E+00  0.1600E+02
 17.063  0.0000E+00  0.1600E+02
 17.064  0.0000E+00  0.1600E+02
 17.065  0.0000E+00  0.1600E+02
 17.066  0.0000E+00  0.1600E+02
 17.067  0.0000E+00  0.1600E+02
 17.068  0.0000E+00  0.1600E+02
 17.069  0.0000E+00  0.1600E+02
 17.070  0.0000E+00  0.1600E+02
 17.071  0.0000E+00  0.1600E+02
 17.072  0.0000E+00  0.1600E+02
 17.073  0.0000E+00  0.1600E+02
 17.074  0.0000E+00  0.1600E+02
 17.075  0.0000E+00  0.1600E+02
 17.076  0.0000E+00  0.1600E+02
 17.077  0.0000E+00  0.1600E+02
 17.078  0.0000E+00  0.1600E+02
 17.079  0.0000E+00  0.1600E+02
 17.080  0.0000E+00  0.1600E+02
 17.081  0.0000E+00  0.1600E+02
 17.082  0.0000E+00  0.1600E+02
 17.083  0.0000E+00  0.1600E+02
 17.084  0.0000E+00  0.1600E+02
 17.085  0.0000E+00  0.1600E+02
 17.086  0.0000E+00  0.1600E+02
 17.087  0.0000E+00  0.1600E+02
 17.088  0.0000E+00  0.1600E+02
 17.089  0.0000E+00  0.1600E+02
 17.090  0.0000E+00  0.1600E+02
 17.091  0.0000E+00  0.1600E+02
 17.092  0.0000E+00  0.1600E+02
 17.093  0.0000E+00  0.1600E+02
 17.094  0.0000E+00  0.1600E+02
 17.095  0.0000E+00  0.1600E+02
 17.096  0.0000E+00  0.1600E+02
 17.097  0.0000E+00  0.1600E+02
 17.098  0.0000E+00  0.1600E+02
 17.099  0.0000E+00  0.1600E+02
 17.100  0.0000E+00  0.1600E+02
 17.101  0.0000E+00  0.1600E+02
 17.102  0.0000E+00  0.1600E+02
 17.103  0.0000E+00  0.1600E+02
 17.104  0.0000E+00  0.1600E+02
 17.105  0.0000E+00  0.1600E+02
 17.106  0.0000E+00  0.1600E+02
 17.107  0.0000E+00  0.1600E+02
 17.108  0.0000E+00  0.1600E+02
 17.109  0.0000E+00  0.1600E+02
 17.110  0.0000E+00  0.1600E+02
 17.111  0.0000E+00  0.1600E+02
 17.112  0.0000E+00  0.1600E+02
 17.113  0.0000E+00  0.1600E+02
 17.114  0.0000E+00  0.1600E+02
 17.115  0.0000E+00  0.1600E+02
 17.116  0.0000E+00  0.1600E+02
 17.117  0.0000E+00  0.1600E+02
 17.118  0.0000E+00  0.1600E+02
 17.119  0.0000E+00  0.1600E+02
 17.120  0.0000E+00  0.1600E+02
 17.121  0.0000E+00  0.1600E+02
 17.122  0.0000E+00  0.1600E+02
 17.123  0.0000E+00  0.1600E+02
 17.124  0.0000E+00  0.1600E+02
 17.125  0.0000E+00  0.1600E+02
 17.126  0.0000E+00  0.1600E+02
 17.127  0.0000E+00  0.1600E+02
 17.128  0.0000E+00  0.1600E+02
 17.129  0.0000E+00  0.1600E+02
 17.130  0.0000E+00  0.1600E+02
 17.131  0.0000E+00  0.1600E+02
 17.132  0.0000E+00  0.1600E+02
 17.133  0.0000E+00  0.1600E+02
 17.134  0.0000E+00  0.1600E+02
 17.135  0.0000E+00  0.1600E+02
 17.136  0.0000E+00  0.1600E+02
 17.137  0.0000E+00  0.1600E+02
 17.138  0.0000E+00  0.1600E+02
 17.139  0.0000E+00  0.1600E+02
 17.140  0.0000E+00  0.1600E+02
 17.141  0.0000E+00  0.1600E+02
 17.142  0.0000E+00  0.1600E+02
 17.143  0.0000E+00  0.1600E+02
 17.144  0.0000E+00  0.1600E+02
 17.145  0.0000E+00  0.1600E+02
 17.146  0.0000E+00  0.1600E+02
 17.147  0.0000E+00  0.1600E+02
 17.148  0.0000E+00  0.1600E+02
 17.149  0.0000E+00  0.1600E+02
 17.150  0.0000E+00  0.1600E+02
 17.151  0.0000E+00  0.1600E+02
 17.152  0.0000E+00  0.1600E+02
 17.153  0.0000E+00  0.1600E+02
 17.154  0.0000E+00  0.1600E+02
 17.155  0.0000E+00  0.1600E+02
 17.156  0.0000E+00  0.1600E+02
 17.157  0.0000E+00  0.1600E+02
 17.158  0.0000E+00  0.1600E+02
 17.159  0.0000E+00  0.1600E+02
 17.160  0.0000E+00  0.1600E+02
 17.161  0.0000E+00  0.1600E+02
 17.162  0.0000E+00  0.1600E+02
 17.163  0.0000E+00  0.1600E+02
 17.164  0.0000E+00  0.1600E+02
 17.165  0.0000E+00  0.1600E+02
 17.166  0.0000E+00  0.1600E+02
 17.167  0.0000E+00  0.1600E+02
 17.168  0.0000E+00  0.1600E+02
 17.169  0.0000E+00  0.1600E+02
 17.170  0.0000E+00  0.1600E+02
 17.171  0.0000E+00  0.1600E+02
 17.172  0.0000E+00  0.1600E+02
 17.173  0.0000E+00  0.1600E+02
 17.174  0.0000E+00  0.1600E+02
 17.175  0.0000E+00  0.1600E+02
 17.176  0.0000E+00  0.1600E+02
 17.177  0.0000E+00  0.1600E+02
 17.178  0.0000E+00  0.1600E+02
 17.179  0.0000E+00  0.1600E+02
 17.180  0.0000E+00  0.1600E+02
 17.181  0.0000E+00  0.1600E+02
 17.182  0.0000E+00  0.1600E+02
 17.183  0.0000E+00  0.1600E+02
 17.184  0.0000E+00  0.1600E+02
 17.185  0.0000E+00  0.1600E+02
 17.186  0.0000E+00  0.1600E+02
 17.187  0.0000E+00  0.1600E+02
 17.188  0.0000E+00  0.1600E+02
 17.189  0.0000E+00  0.1600E+02
 17.190  0.0000E+00  0.1600E+02
 17.191  0.0000E+00  0.1600E+02
 17.192  0.0000E+00  0.1600E+02
 17.193  0.0000E+00  0.1600E+02
 17.194  0.0000E+00  0.1600E+02
 17.195  0.0000E+00  0.1600E+02
 17.196  0.0000E+00  0.1600E+02
 17.197  0.0000E+00  0.1600E+02
 17.198  0.0000E+00  0.1600E+02
 17.199  0.0000E+00  0.1600E+02
 17.200  0.0000E+00  0.1600E+02
 17.201  0.0000E+00  0.1600E+02
 17.202  0.0000E+00  0.1600E+02
 17.203  0.0000E+00  0.1600E+02
 17.204  0.0000E+00  0.1600E+02
 17.205  0.0000E+00  0.1600E+02
 17.206  0.0000E+00  0.1600E+02
 17.207  0.0000E+00  0.1600E+02
 17.208  0.0000E+00  0.1600E+02
 17.209  0.0000E+00  0.1600E+02
 17.210  0.0000E+00  0.1600E+02
 17.211  0.0000E+00  0.1600E+02
 17.212  0.0000E+00  0.1600E+02
 17.213  0.0000E+00  0.1600E+02
 17.214  0.0000E+00  0.1600E+02
 17.215  0.0000E+00  0.1600E+02
 17.216  0.0000E+00  0.1600E+02
 17.217  0.0000E+00  0.1600E+02
 17.218  0.0000E+00  0.1600E+02
 17.219  0.0000E+00  0.1600E+02
 17.220  0.0000E+00  0.1600E+02
 17.221  0.0000E+00  0.1600E+02
 17.222  0.0000E+00  0.1600E+02
 17.223  0.0000E+00  0.1600E+02
 17.224  0.0000E+00  0.1600E+02
 17.225  0.0000E+00  0.1600E+02
 17.226  0.0000E+00  0.1600E+02
 17.227  0.0000E+00  0.1600E+02
 17.228  0.0000E+00  0.1600E+02
 17.229  0.0000E+00  0.1600E+02
 17.230  0.0000E+00  0.1600E+02
 17.231  0.0000E+00  0.1600E+02
 17.232  0.0000E+00  0.1600E+02
 17.233  0.0000E+00  0.1600E+02
 17.234  0.0000E+00  0.1600E+02
 17.235  0.0000E+00  0.1600E+02
 17.236  0.0000E+00  0.1600E+02
 17.237  0.0000E+00  0.1600E+02
 17.238  0.0000E+00  0.1600E+02
 17.239  0.0000E+00  0.1600E+02
 17.240  0.0000E+00  0.1600E+02
 17.241  0.0000E+00  0.1600E+02
 17.242  0.0000E+00  0.1600E+02
 17.243  0.0000E+00  0.1600E+02
 17.244  0.0000E+00  0.1600E+02
 17.245  0.0000E+00  0.1600E+02
 17.246  0.0000E+00  0.1600E+02
 17.247  0.0000E+00  0.1600E+02
 17.248  0.0000E+00  0.1600E+02
 17.249  0.0000E+00  0.1600E+02
 17.250  0.0000E+00  0.1600E+02
 17.251  0.0000E+00  0.1600E+02
 17.252  0.0000E+00  0.1600E+02
 17.253  0.0000E+00  0.1600E+02
 17.254  0.0000E+00  0.1600E+02
 17.255  0.0000E+00  0.1600E+02
 17.256  0.0000E+00  0.1600E+02
 17.257  0.0000E+00  0.1600E+02
 17.258  0.0000E+00  0.1600E+02
 17.259  0.0000E+00  0.1600E+02
 17.260  0.0000E+00  0.1600E+02
 17.261  0.0000E+00  0.1600E+02
 17.262  0.0000E+00  0.1600E+02
 17.263  0.0000E+00  0.1600E+02
 17.264  0.0000E+00  0.1600E+02
 17.265  0.0000E+00  0.1600E+02
 17.266  0.0000E+00  0.1600E+02
 17.267  0.0000E+00  0.1600E+02
 17.268  0.0000E+00  0.1600E+02
 17.269  0.0000E+00  0.1600E+02
 17.270  0.0000E+00  0.1600E+02
 17.271  0.0000E+00  0.1600E+02
 17.272  0.0000E+00  0.1600E+02
 17.273  0.0000E+00  0.1600E+02
 17.274  0.0000E+00  0.1600E+02
 17.275  0.0000E+00  0.1600E+02
 17.276  0.0000E+00  0.1600E+02
 17.277  0.0000E+00  0.1600E+02
 17.278  0.0000E+00  0.1600E+02
 17.279  0.0000E+00  0.1600E+02
 17.280  0.0000E+00  0.1600E+02
 17.281  0.0000E+00  0.1600E+02
 17.282  0.0000E+00  0.1600E+02
 17.283  0.0000E+00  0.1600E+02
 17.284  0.0000E+00  0.1600E+02
 17.285  0.0000E+00  0.1600E+02
 17.286  0.0000E+00  0.1600E+02
 17.287  0.0000E+00  0.1600E+02
 17.288  0.0000E+00  0.1600E+02
 17.289  0.0000E+00  0.1600E+02
 17.290  0.0000E+00  0.1600E+02
 17.291  0.0000E+00  0.1600E+02
 17.292  0.0000E+00  0.1600E+02
 17.293  0.0000E+00  0.1600E+02
 17.294  0.0000E+00  0.1600E+02
 17.295  0.0000E+00  0.1600E+02
 17.296  0.0000E+00  0.1600E+02
 17.297  0.0000E+00  0.1600E+02
 17.298  0.0000E+00  0.1600E+02
 17.299  0.0000E+00  0.1600E+02
 17.300  0.0000E+00  0.1600E+02
 17.301  0.0000E+00  0.1600E+02
 17.302  0.0000E+00  0.1600E+02
 17.303  0.0000E+00  0.1600E+02
 17.304  0.0000E+00  0.1600E+02
 17.305  0.0000E+00  0.1600E+02
 17.306  0.0000E+00  0.1600E+02
 17.307  0.0000E+00  0.1600E+02
 17.308  0.0000E+00  0.1600E+02
 17.309  0.0000E+00  0.1600E+02
 17.310  0.0000E+00  0.1600E+02
 17.311  0.0000E+00  0.1600E+02
 17.312  0.0000E+00  0.1600E+02
 17.313  0.0000E+00  0.1600E+02
 17.314  0.0000E+00  0.1600E+02
 17.315  0.0000E+00  0.1600E+02
 17.316  0.0000E+00  0.1600E+02
 17.317  0.0000E+00  0.1600E+02
 17.318  0.0000E+00  0.1600E+02
 17.319  0.0000E+00  0.1600E+02
 17.320  0.0000E+00  0.1600E+02
 17.321  0.0000E+00  0.1600E+02
 17.322  0.0000E+00  0.1600E+02
 17.323  0.0000E+00  0.1600E+02
 17.324  0.0000E+00  0.1600E+02
 17.325  0.0000E+00  0.1600E+02
 17.326  0.0000E+00  0.1600E+02
 17.327  0.0000E+00  0.1600E+02
 17.328  0.0000E+00  0.1600E+02
 17.329  0.0000E+00  0.1600E+02
 17.330  0.0000E+00  0.1600E+02
 17.331  0.0000E+00  0.1600E+02
 17.332  0.0000E+00  0.1600E+02
 17.333  0.0000E+00  0.1600E+02
 17.334  0.0000E+00  0.1600E+02
 17.335  0.0000E+00  0.1600E+02
 17.336  0.0000E+00  0.1600E+02
 17.337  0.0000E+00  0.1600E+02
 17.338  0.0000E+00  0.1600E+02
 17.339  0.0000E+00  0.1600E+02
 17.340  0.0000E+00  0.1600E+02
 17.341  0.0000E+00  0.1600E+02
 17.342  0.0000E+00  0.1600E+02
 17.343  0.0000E+00  0.1600E+02
 17.344  0.0000E+00  0.1600E+02
 17.345  0.0000E+00  0.1600E+02
 17.346  0.0000E+00  0.1600E+02
 17.347  0.0000E+00  0.1600E+02
 17.348  0.0000E+00  0.1600E+02
 17.349  0.0000E+00  0.1600E+02
 17.350  0.0000E+00  0.1600E+02
 17.351  0.0000E+00  0.1600E+02
 17.352  0.0000E+00  0.1600E+02
 17.353  0.0000E+00  0.1600E+02
 17.354  0.0000E+00  0.1600E+02
 17.355  0.0000E+00  0.1600E+02
 17.356  0.0000E+00  0.1600E+02
 17.357  0.0000E+00  0.1600E+02
 17.358  0.0000E+00  0.1600E+02
 17.359  0.0000E+00  0.1600E+02
 17.360  0.0000E+00  0.1600E+02
 17.361  0.0000E+00  0.1600E+02
 17.362  0.0000E+00  0.1600E+02
 17.363  0.0000E+00  0.1600E+02
 17.364  0.0000E+00  0.1600E+02
 17.365  0.0000E+00  0.1600E+02
 17.366  0.0000E+00  0.1600E+02
 17.367  0.0000E+00  0.1600E+02
 17.368  0.0000E+00  0.1600E+02
 17.369  0.0000E+00  0.1600E+02
 17.370  0.0000E+00  0.1600E+02
 17.371  0.0000E+00  0.1600E+02
 17.372  0.0000E+00  0.1600E+02
 17.373  0.0000E+00  0.1600E+02
 17.374  0.0000E+00  0.1600E+02
 17.375  0.0000E+00  0.1600E+02
 17.376  0.0000E+00  0.1600E+02
 17.377  0.0000E+00  0.1600E+02
 17.378  0.0000E+00  0.1600E+02
 17.379  0.0000E+00  0.1600E+02
 17.380  0.0000E+00  0.1600E+02
 17.381  0.0000E+00  0.1600E+02
 17.382  0.0000E+00  0.1600E+02
 17.383  0.0000E+00  0.1600E+02
 17.384  0.0000E+00  0.1600E+02
 17.385  0.0000E+00  0.1600E+02
 17.386  0.0000E+00  0.1600E+02
 17.387  0.0000E+00  0.1600E+02
 17.388  0.0000E+00  0.1600E+02
 17.389  0.0000E+00  0.1600E+02
 17.390  0.0000E+00  0.1600E+02
 17.391  0.0000E+00  0.1600E+02
 17.392  0.0000E+00  0.1600E+02
 17.393  0.0000E+00  0.1600E+02
 17.394  0.0000E+00  0.1600E+02
 17.395  0.0000E+00  0.1600E+02
 17.396  0.0000E+00  0.1600E+02
 17.397  0.0000E+00  0.1600E+02
 17.398  0.0000E+00  0.1600E+02
 17.399  0.0000E+00  0.1600E+02
 17.400  0.0000E+00  0.1600E+02
 17.401  0.0000E+00  0.1600E+02
 17.402  0.0000E+00  0.1600E+02
 17.403  0.0000E+00  0.1600E+02
 17.404  0.0000E+00  0.1600E+02
 17.405  0.0000E+00  0.1600E+02
 17.406  0.0000E+00  0.1600E+02
 17.407  0.0000E+00  0.1600E+02
 17.408  0.0000E+00  0.1600E+02
 17.409  0.0000E+00  0.1600E+02
 17.410  0.0000E+00  0.1600E+02
 17.411  0.0000E+00  0.1600E+02
 17.412  0.0000E+00  0.1600E+02
 17.413  0.0000E+00  0.1600E+02
 17.414  0.0000E+00  0.1600E+02
 17.415  0.0000E+00  0.1600E+02
 17.416  0.0000E+00  0.1600E+02
 17.417  0.0000E+00  0.1600E+02
 17.418  0.0000E+00  0.1600E+02
 17.419  0.0000E+00  0.1600E+02
 17.420  0.0000E+00  0.1600E+02
 17.421  0.0000E+00  0.1600E+02
 17.422  0.0000E+00  0.1600E+02
 17.423  0.0000E+00  0.1600E+02
 17.424  0.0000E+00  0.1600E+02
 17.425  0.0000E+00  0.1600E+02
 17.426  0.0000E+00  0.1600E+02
 17.427  0.0000E+00  0.1600E+02
 17.428  0.0000E+00  0.1600E+02
 17.429  0.0000E+00  0.1600E+02
 17.430  0.0000E+00  0.1600E+02
 17.431  0.0000E+00  0.1600E+02
 17.432  0.0000E+00  0.1600E+02
 17.433  0.0000E+00  0.1600E+02
 17.434  0.0000E+00  0.1600E+02
 17.435  0.0000E+00  0.1600E+02
 17.436  0.0000E+00  0.1600E+02
 17.437  0.0000E+00  0.1600E+02
 17.438  0.0000E+00  0.1600E+02
 17.439  0.0000E+00  0.1600E+02
 17.440  0.0000E+00  0.1600E+02
 17.441  0.0000E+00  0.1600E+02
 17.442  0.0000E+00  0.1600E+02
 17.443  0.0000E+00  0.1600E+02
 17.444  0.0000E+00  0.1600E+02
 17.445  0.0000E+00  0.1600E+02
 17.446  0.0000E+00  0.1600E+02
 17.447  0.0000E+00  0.1600E+02
 17.448  0.0000E+00  0.1600E+02
 17.449  0.0000E+00  0.1600E+02
 17.450  0.0000E+00  0.1600E+02
 17.451  0.0000E+00  0.1600E+02
 17.452  0.0000E+00  0.1600E+02
 17.453  0.0000E+00  0.1600E+02
 17.454  0.0000E+00  0.1600E+02
 17.455  0.0000E+00  0.1600E+02
 17.456  0.0000E+00  0.1600E+02
 17.457  0.0000E+00  0.1600E+02
 17.458  0.0000E+00  0.1600E+02
 17.459  0.0000E+00  0.1600E+02
 17.460  0.0000E+00  0.1600E+02
 17.461  0.0000E+00  0.1600E+02
 17.462  0.0000E+00  0.1600E+02
 17.463  0.0000E+00  0.1600E+02
 17.464  0.0000E+00  0.1600E+02
 17.465  0.0000E+00  0.1600E+02
 17.466  0.0000E+00  0.1600E+02
 17.467  0.0000E+00  0.1600E+02
 17.468  0.0000E+00  0.1600E+02
 17.469  0.0000E+00  0.1600E+02
 17.470  0.0000E+00  0.1600E+02
 17.471  0.0000E+00  0.1600E+02
 17.472  0.0000E+00  0.1600E+02
 17.473  0.0000E+00  0.1600E+02
 17.474  0.0000E+00  0.1600E+02
 17.475  0.0000E+00  0.1600E+02
 17.476  0.0000E+00  0.1600E+02
 17.477  0.0000E+00  0.1600E+02
 17.478  0.0000E+00  0.1600E+02
 17.479  0.0000E+00  0.1600E+02
 17.480  0.0000E+00  0.1600E+02
 17.481  0.0000E+00  0.1600E+02
 17.482  0.0000E+00  0.1600E+02
 17.483  0.0000E+00  0.1600E+02
 17.484  0.0000E+00  0.1600E+02
 17.485  0.0000E+00  0.1600E+02
 17.486  0.0000E+00  0.1600E+02
 17.487  0.0000E+00  0.1600E+02
 17.488  0.0000E+00  0.1600E+02
 17.489  0.0000E+00  0.1600E+02
 17.490  0.0000E+00  0.1600E+02
 17.491  0.0000E+00  0.1600E+02
 17.492  0.0000E+00  0.1600E+02
 17.493  0.0000E+00  0.1600E+02
 17.494  0.0000E+00  0.1600E+02
 17.495  0.0000E+00  0.1600E+02
 17.496  0.0000E+00  0.1600E+02
 17.497  0.0000E+00  0.1600E+02
 17.498  0.0000E+00  0.1600E+02
 17.499  0.0000E+00  0.1600E+02
 17.500  0.0000E+00  0.1600E+02
 17.501  0.0000E+00  0.1600E+02
 17.502  0.0000E+00  0.1600E+02
 17.503  0.0000E+00  0.1600E+02
 17.504  0.0000E+00  0.1600E+02
 17.505  0.0000E+00  0.1600E+02
 17.506  0.0000E+00  0.1600E+02
 17.507  0.0000E+00  0.1600E+02
 17.508  0.0000E+00  0.1600E+02
 17.509  0.0000E+00  0.1600E+02
 17.510  0.0000E+00  0.1600E+02
 17.511  0.0000E+00  0.1600E+02
 17.512  0.0000E+00  0.1600E+02
 17.513  0.0000E+00  0.1600E+02
 17.514  0.0000E+00  0.1600E+02
 17.515  0.0000E+00  0.1600E+02
 17.516  0.0000E+00  0.1600E+02
 17.517  0.0000E+00  0.1600E+02
 17.518  0.0000E+00  0.1600E+02
 17.519  0.0000E+00  0.1600E+02
 17.520  0.0000E+00  0.1600E+02
 17.521  0.0000E+00  0.1600E+02
 17.522  0.0000E+00  0.1600E+02
 17.523  0.0000E+00  0.1600E+02
 17.524  0.0000E+00  0.1600E+02
 17.525  0.0000E+00  0.1600E+02
 17.526  0.0000E+00  0.1600E+02
 17.527  0.0000E+00  0.1600E+02
 17.528  0.0000E+00  0.1600E+02
 17.529  0.0000E+00  0.1600E+02
 17.530  0.0000E+00  0.1600E+02
 17.531  0.0000E+00  0.1600E+02
 17.532  0.0000E+00  0.1600E+02
 17.533  0.0000E+00  0.1600E+02
 17.534  0.0000E+00  0.1600E+02
 17.535  0.0000E+00  0.1600E+02
 17.536  0.0000E+00  0.1600E+02
 17.537  0.0000E+00  0.1600E+02
 17.538  0.0000E+00  0.1600E+02
 17.539  0.0000E+00  0.1600E+02
 17.540  0.0000E+00  0.1600E+02
 17.541  0.0000E+00  0.1600E+02
 17.542  0.0000E+00  0.1600E+02
 17.543  0.0000E+00  0.1600E+02
 17.544  0.0000E+00  0.1600E+02
 17.545  0.0000E+00  0.1600E+02
 17.546  0.0000E+00  0.1600E+02
 17.547  0.0000E+00  0.1600E+02
 17.548  0.0000E+00  0.1600E+02
 17.549  0.0000E+00  0.1600E+02
 17.550  0.0000E+00  0.1600E+02
 17.551  0.0000E+00  0.1600E+02
 17.552  0.0000E+00  0.1600E+02
 17.553  0.0000E+00  0.1600E+02
 17.554  0.0000E+00  0.1600E+02
 17.555  0.0000E+00  0.1600E+02
 17.556  0.0000E+00  0.1600E+02
 17.557  0.0000E+00  0.1600E+02
 17.558  0.0000E+00  0.1600E+02
 17.559  0.0000E+00  0.1600E+02
 17.560  0.0000E+00  0.1600E+02
 17.561  0.0000E+00  0.1600E+02
 17.562  0.0000E+00  0.1600E+02
 17.563  0.0000E+00  0.1600E+02
 17.564  0.0000E+00  0.1600E+02
 17.565  0.0000E+00  0.1600E+02
 17.566  0.0000E+00  0.1600E+02
 17.567  0.0000E+00  0.1600E+02
 17.568  0.0000E+00  0.1600E+02
 17.569  0.0000E+00  0.1600E+02
 17.570  0.0000E+00  0.1600E+02
 17.571  0.0000E+00  0.1600E+02
 17.572  0.0000E+00  0.1600E+02
 17.573  0.0000E+00  0.1600E+02
 17.574  0.0000E+00  0.1600E+02
 17.575  0.0000E+00  0.1600E+02
 17.576  0.0000E+00  0.1600E+02
 17.577  0.0000E+00  0.1600E+02
 17.578  0.0000E+00  0.1600E+02
 17.579  0.0000E+00  0.1600E+02
 17.580  0.0000E+00  0.1600E+02
 17.581  0.0000E+00  0.1600E+02
 17.582  0.0000E+00  0.1600E+02
 17.583  0.0000E+00  0.1600E+02
 17.584  0.0000E+00  0.1600E+02
 17.585  0.0000E+00  0.1600E+02
 17.586  0.0000E+00  0.1600E+02
 17.587  0.0000E+00  0.1600E+02
 17.588  0.0000E+00  0.1600E+02
 17.589  0.0000E+00  0.1600E+02
 17.590  0.0000E+00  0.1600E+02
 17.591  0.0000E+00  0.1600E+02
 17.592  0.0000E+00  0.1600E+02
 17.593  0.0000E+00  0.1600E+02
 17.594  0.0000E+00  0.1600E+02
 17.595  0.0000E+00  0.1600E+02
 17.596  0.0000E+00  0.1600E+02
 17.597  0.0000E+00  0.1600E+02
 17.598  0.0000E+00  0.1600E+02
 17.599  0.0000E+00  0.1600E+02
 17.600  0.0000E+00  0.1600E+02
 17.601  0.0000E+00  0.1600E+02
 17.602  0.0000E+00  0.1600E+02
 17.603  0.0000E+00  0.1600E+02
 17.604  0.0000E+00  0.1600E+02
 17.605  0.0000E+00  0.1600E+02
 17.606  0.0000E+00  0.1600E+02
 17.607  0.0000E+00  0.1600E+02
 17.608  0.0000E+00  0.1600E+02
 17.609  0.0000E+00  0.1600E+02
 17.610  0.0000E+00  0.1600E+02
 17.611  0.0000E+00  0.1600E+02
 17.612  0.0000E+00  0.1600E+02
 17.613  0.0000E+00  0.1600E+02
 17.614  0.0000E+00  0.1600E+02
 17.615  0.0000E+00  0.1600E+02
 17.616  0.0000E+00  0.1600E+02
 17.617  0.0000E+00  0.1600E+02
 17.618  0.0000E+00  0.1600E+02
 17.619  0.0000E+00  0.1600E+02
 17.620  0.0000E+00  0.1600E+02
 17.621  0.0000E+00  0.1600E+02
 17.622  0.0000E+00  0.1600E+02
 17.623  0.0000E+00  0.1600E+02
 17.624  0.0000E+00  0.1600E+02
 17.625  0.0000E+00  0.1600E+02
 17.626  0.0000E+00  0.1600E+02
 17.627  0.0000E+00  0.1600E+02
 17.628  0.0000E+00  0.1600E+02
 17.629  0.0000E+00  0.1600E+02
 17.630  0.0000E+00  0.1600E+02
 17.631  0.0000E+00  0.1600E+02
 17.632  0.0000E+00  0.1600E+02
 17.633  0.0000E+00  0.1600E+02
 17.634  0.0000E+00  0.1600E+02
 17.635  0.0000E+00  0.1600E+02
 17.636  0.0000E+00  0.1600E+02
 17.637  0.0000E+00  0.1600E+02
 17.638  0.0000E+00  0.1600E+02
 17.639  0.0000E+00  0.1600E+02
 17.640  0.0000E+00  0.1600E+02
 17.641  0.0000E+00  0.1600E+02
 17.642  0.0000E+00  0.1600E+02
 17.643  0.0000E+00  0.1600E+02
 17.644  0.0000E+00  0.1600E+02
 17.645  0.0000E+00  0.1600E+02
 17.646  0.0000E+00  0.1600E+02
 17.647  0.0000E+00  0.1600E+02
 17.648  0.0000E+00  0.1600E+02
 17.649  0.0000E+00  0.1600E+02
 17.650  0.0000E+00  0.1600E+02
 17.651  0.0000E+00  0.1600E+02
 17.652  0.0000E+00  0.1600E+02
 17.653  0.0000E+00  0.1600E+02
 17.654  0.0000E+00  0.1600E+02
 17.655  0.0000E+00  0.1600E+02
 17.656  0.0000E+00  0.1600E+02
 17.657  0.0000E+00  0.1600E+02
 17.658  0.0000E+00  0.1600E+02
 17.659  0.0000E+00  0.1600E+02
 17.660  0.0000E+00  0.1600E+02
 17.661  0.0000E+00  0.1600E+02
 17.662  0.0000E+00  0.1600E+02
 17.663  0.0000E+00  0.1600E+02
 17.664  0.0000E+00  0.1600E+02
 17.665  0.0000E+00  0.1600E+02
 17.666  0.0000E+00  0.1600E+02
 17.667  0.0000E+00  0.1600E+02
 17.668  0.0000E+00  0.1600E+02
 17.669  0.0000E+00  0.1600E+02
 17.670  0.0000E+00  0.1600E+02
 17.671  0.0000E+00  0.1600E+02
 17.672  0.0000E+00  0.1600E+02
 17.673  0.0000E+00  0.1600E+02
 17.674  0.0000E+00  0.1600E+02
 17.675  0.0000E+00  0.1600E+02
 17.676  0.0000E+00  0.1600E+02
 17.677  0.0000E+00  0.1600E+02
 17.678  0.0000E+00  0.1600E+02
 17.679  0.0000E+00  0.1600E+02
 17.680  0.0000E+00  0.1600E+02
 17.681  0.0000E+00  0.1600E+02
 17.682  0.0000E+00  0.1600E+02
 17.683  0.0000E+00  0.1600E+02
 17.684  0.0000E+00  0.1600E+02
 17.685  0.0000E+00  0.1600E+02
 17.686  0.0000E+00  0.1600E+02
 17.687  0.0000E+00  0.1600E+02
 17.688  0.0000E+00  0.1600E+02
 17.689  0.0000E+00  0.1600E+02
 17.690  0.0000E+00  0.1600E+02
 17.691  0.0000E+00  0.1600E+02
 17.692  0.0000E+00  0.1600E+02
 17.693  0.0000E+00  0.1600E+02
 17.694  0.0000E+00  0.1600E+02
 17.695  0.0000E+00  0.1600E+02
 17.696  0.0000E+00  0.1600E+02
 17.697  0.0000E+00  0.1600E+02
 17.698  0.0000E+00  0.1600E+02
 17.699  0.0000E+00  0.1600E+02
 17.700  0.0000E+00  0.1600E+02
 17.701  0.0000E+00  0.1600E+02
 17.702  0.0000E+00  0.1600E+02
 17.703  0.0000E+00  0.1600E+02
 17.704  0.0000E+00  0.1600E+02
 17.705  0.0000E+00  0.1600E+02
 17.706  0.0000E+00  0.1600E+02
 17.707  0.0000E+00  0.1600E+02
 17.708  0.0000E+00  0.1600E+02
 17.709  0.0000E+00  0.1600E+02
 17.710  0.0000E+00  0.1600E+02
 17.711  0.0000E+00  0.1600E+02
 17.712  0.0000E+00  0.1600E+02
 17.713  0.0000E+00  0.1600E+02
 17.714  0.0000E+00  0.1600E+02
 17.715  0.0000E+00  0.1600E+02
 17.716  0.0000E+00  0.1600E+02
 17.717  0.0000E+00  0.1600E+02
 17.718  0.0000E+00  0.1600E+02
 17.719  0.0000E+00  0.1600E+02
 17.720  0.0000E+00  0.1600E+02
 17.721  0.0000E+00  0.1600E+02
 17.722  0.0000E+00  0.1600E+02
 17.723  0.0000E+00  0.1600E+02
 17.724  0.0000E+00  0.1600E+02
 17.725  0.0000E+00  0.1600E+02
 17.726  0.0000E+00  0.1600E+02
 17.727  0.0000E+00  0.1600E+02
 17.728  0.0000E+00  0.1600E+02
 17.729  0.0000E+00  0.1600E+02
 17.730  0.0000E+00  0.1600E+02
 17.731  0.0000E+00  0.1600E+02
 17.732  0.0000E+00  0.1600E+02
 17.733  0.0000E+00  0.1600E+02
 17.734  0.0000E+00  0.1600E+02
 17.735  0.0000E+00  0.1600E+02
 17.736  0.0000E+00  0.1600E+02
 17.737  0.0000E+00  0.1600E+02
 17.738  0.0000E+00  0.1600E+02
 17.739  0.0000E+00  0.1600E+02
 17.740  0.0000E+00  0.1600E+02
 17.741  0.0000E+00  0.1600E+02
 17.742  0.0000E+00  0.1600E+02
 17.743  0.0000E+00  0.1600E+02
 17.744  0.0000E+00  0.1600E+02
 17.745  0.0000E+00  0.1600E+02
 17.746  0.0000E+00  0.1600E+02
 17.747  0.0000E+00  0.1600E+02
 17.748  0.0000E+00  0.1600E+02
 17.749  0.0000E+00  0.1600E+02
 17.750  0.0000E+00  0.1600E+02
 17.751  0.0000E+00  0.1600E+02
 17.752  0.0000E+00  0.1600E+02
 17.753  0.0000E+00  0.1600E+02
 17.754  0.0000E+00  0.1600E+02
 17.755  0.0000E+00  0.1600E+02
 17.756  0.0000E+00  0.1600E+02
 17.757  0.0000E+00  0.1600E+02
 17.758  0.0000E+00  0.1600E+02
 17.759  0.0000E+00  0.1600E+02
 17.760  0.0000E+00  0.1600E+02
 17.761  0.0000E+00  0.1600E+02
 17.762  0.0000E+00  0.1600E+02
 17.763  0.0000E+00  0.1600E+02
 17.764  0.0000E+00  0.1600E+02
 17.765  0.0000E+00  0.1600E+02
 17.766  0.0000E+00  0.1600E+02
 17.767  0.0000E+00  0.1600E+02
 17.768  0.0000E+00  0.1600E+02
 17.769  0.0000E+00  0.1600E+02
 17.770  0.0000E+00  0.1600E+02
 17.771  0.0000E+00  0.1600E+02
 17.772  0.0000E+00  0.1600E+02
 17.773  0.0000E+00  0.1600E+02
 17.774  0.0000E+00  0.1600E+02
 17.775  0.0000E+00  0.1600E+02
 17.776  0.0000E+00  0.1600E+02
 17.777  0.0000E+00  0.1600E+02
 17.778  0.0000E+00  0.1600E+02
 17.779  0.0000E+00  0.1600E+02
 17.780  0.0000E+00  0.1600E+02
 17.781  0.0000E+00  0.1600E+02
 17.782  0.0000E+00  0.1600E+02
 17.783  0.0000E+00  0.1600E+02
 17.784  0.0000E+00  0.1600E+02
 17.785  0.0000E+00  0.1600E+02
 17.786  0.0000E+00  0.1600E+02
 17.787  0.0000E+00  0.1600E+02
 17.788  0.0000E+00  0.1600E+02
 17.789  0.0000E+00  0.1600E+02
 17.790  0.0000E+00  0.1600E+02
 17.791  0.0000E+00  0.1600E+02
 17.792  0.0000E+00  0.1600E+02
 17.793  0.0000E+00  0.1600E+02
 17.794  0.0000E+00  0.1600E+02
 17.795  0.0000E+00  0.1600E+02
 17.796  0.0000E+00  0.1600E+02
 17.797  0.0000E+00  0.1600E+02
 17.798  0.0000E+00  0.1600E+02
 17.799  0.0000E+00  0.1600E+02
 17.800  0.0000E+00  0.1600E+02
 17.801  0.0000E+00  0.1600E+02
 17.802  0.0000E+00  0.1600E+02
 17.803  0.0000E+00  0.1600E+02
 17.804  0.0000E+00  0.1600E+02
 17.805  0.0000E+00  0.1600E+02
 17.806  0.0000E+00  0.1600E+02
 17.807  0.0000E+00  0.1600E+02
 17.808  0.0000E+00  0.1600E+02
 17.809  0.0000E+00  0.1600E+02
 17.810  0.0000E+00  0.1600E+02
 17.811  0.0000E+00  0.1600E+02
 17.812  0.0000E+00  0.1600E+02
 17.813  0.0000E+00  0.1600E+02
 17.814  0.0000E+00  0.1600E+02
 17.815  0.0000E+00  0.1600E+02
 17.816  0.0000E+00  0.1600E+02
 17.817  0.0000E+00  0.1600E+02
 17.818  0.0000E+00  0.1600E+02
 17.819  0.0000E+00  0.1600E+02
 17.820  0.0000E+00  0.1600E+02
 17.821  0.0000E+00  0.1600E+02
 17.822  0.0000E+00  0.1600E+02
 17.823  0.0000E+00  0.1600E+02
 17.824  0.0000E+00  0.1600E+02
 17.825  0.0000E+00  0.1600E+02
 17.826  0.0000E+00  0.1600E+02
 17.827  0.0000E+00  0.1600E+02
 17.828  0.0000E+00  0.1600E+02
 17.829  0.0000E+00  0.1600E+02
 17.830  0.0000E+00  0.1600E+02
 17.831  0.0000E+00  0.1600E+02
 17.832  0.0000E+00  0.1600E+02
 17.833  0.0000E+00  0.1600E+02
 17.834  0.0000E+00  0.1600E+02
 17.835  0.0000E+00  0.1600E+02
 17.836  0.0000E+00  0.1600E+02
 17.837  0.0000E+00  0.1600E+02
 17.838  0.0000E+00  0.1600E+02
 17.839  0.0000E+00  0.1600E+02
 17.840  0.0000E+00  0.1600E+02
 17.841  0.0000E+00  0.1600E+02
 17.842  0.0000E+00  0.1600E+02
 17.843  0.0000E+00  0.1600E+02
 17.844  0.0000E+00  0.1600E+02
 17.845  0.0000E+00  0.1600E+02
 17.846  0.0000E+00  0.1600E+02
 17.847  0.0000E+00  0.1600E+02
 17.848  0.0000E+00  0.1600E+02
 17.849  0.0000E+00  0.1600E+02
 17.850  0.0000E+00  0.1600E+02
 17.851  0.0000E+00  0.1600E+02
 17.852  0.0000E+00  0.1600E+02
 17.853  0.0000E+00  0.1600E+02
 17.854  0.0000E+00  0.1600E+02
 17.855  0.0000E+00  0.1600E+02
 17.856  0.0000E+00  0.1600E+02
 17.857  0.0000E+00  0.1600E+02
 17.858  0.0000E+00  0.1600E+02
 17.859  0.0000E+00  0.1600E+02
 17.860  0.0000E+00  0.1600E+02
 17.861  0.0000E+00  0.1600E+02
 17.862  0.0000E+00  0.1600E+02
 17.863  0.0000E+00  0.1600E+02
 17.864  0.0000E+00  0.1600E+02
 17.865  0.0000E+00  0.1600E+02
 17.866  0.0000E+00  0.1600E+02
 17.867  0.0000E+00  0.1600E+02
 17.868  0.0000E+00  0.1600E+02
 17.869  0.0000E+00  0.1600E+02
 17.870  0.0000E+00  0.1600E+02
 17.871  0.0000E+00  0.1600E+02
 17.872  0.0000E+00  0.1600E+02
 17.873  0.0000E+00  0.1600E+02
 17.874  0.0000E+00  0.1600E+02
 17.875  0.0000E+00  0.1600E+02
 17.876  0.0000E+00  0.1600E+02
 17.877  0.0000E+00  0.1600E+02
 17.878  0.0000E+00  0.1600E+02
 17.879  0.0000E+00  0.1600E+02
 17.880  0.0000E+00  0.1600E+02
 17.881  0.0000E+00  0.1600E+02
 17.882  0.0000E+00  0.1600E+02
 17.883  0.0000E+00  0.1600E+02
 17.884  0.0000E+00  0.1600E+02
 17.885  0.0000E+00  0.1600E+02
 17.886  0.0000E+00  0.1600E+02
 17.887  0.0000E+00  0.1600E+02
 17.888  0.0000E+00  0.1600E+02
 17.889  0.0000E+00  0.1600E+02
 17.890  0.0000E+00  0.1600E+02
 17.891  0.0000E+00  0.1600E+02
 17.892  0.0000E+00  0.1600E+02
 17.893  0.0000E+00  0.1600E+02
 17.894  0.0000E+00  0.1600E+02
 17.895  0.0000E+00  0.1600E+02
 17.896  0.0000E+00  0.1600E+02
 17.897  0.0000E+00  0.1600E+02
 17.898  0.0000E+00  0.1600E+02
 17.899  0.0000E+00  0.1600E+02
 17.900  0.0000E+00  0.1600E+02
 17.901  0.0000E+00  0.1600E+02
 17.902  0.0000E+00  0.1600E+02
 17.903  0.0000E+00  0.1600E+02
 17.904  0.0000E+00  0.1600E+02
 17.905  0.0000E+00  0.1600E+02
 17.906  0.0000E+00  0.1600E+02
 17.907  0.0000E+00  0.1600E+02
 17.908  0.0000E+00  0.1600E+02
 17.909  0.0000E+00  0.1600E+02
 17.910  0.0000E+00  0.1600E+02
 17.911  0.0000E+00  0.1600E+02
 17.912  0.0000E+00  0.1600E+02
 17.913  0.0000E+00  0.1600E+02
 17.914  0.0000E+00  0.1600E+02
 17.915  0.0000E+00  0.1600E+02
 17.916  0.0000E+00  0.1600E+02
 17.917  0.0000E+00  0.1600E+02
 17.918  0.0000E+00  0.1600E+02
 17.919  0.0000E+00  0.1600E+02
 17.920  0.0000E+00  0.1600E+02
 17.921  0.0000E+00  0.1600E+02
 17.922  0.0000E+00  0.1600E+02
 17.923  0.0000E+00  0.1600E+02
 17.924  0.0000E+00  0.1600E+02
 17.925  0.0000E+00  0.1600E+02
 17.926  0.0000E+00  0.1600E+02
 17.927  0.0000E+00  0.1600E+02
 17.928  0.0000E+00  0.1600E+02
 17.929  0.0000E+00  0.1600E+02
 17.930  0.0000E+00  0.1600E+02
 17.931  0.0000E+00  0.1600E+02
 17.932  0.0000E+00  0.1600E+02
 17.933  0.0000E+00  0.1600E+02
 17.934  0.0000E+00  0.1600E+02
 17.935  0.0000E+00  0.1600E+02
 17.936  0.0000E+00  0.1600E+02
 17.937  0.0000E+00  0.1600E+02
 17.938  0.0000E+00  0.1600E+02
 17.939  0.0000E+00  0.1600E+02
 17.940  0.0000E+00  0.1600E+02
 17.941  0.0000E+00  0.1600E+02
 17.942  0.0000E+00  0.1600E+02
 17.943  0.0000E+00  0.1600E+02
 17.944  0.0000E+00  0.1600E+02
 17.945  0.0000E+00  0.1600E+02
 17.946  0.0000E+00  0.1600E+02
 17.947  0.0000E+00  0.1600E+02
 17.948  0.0000E+00  0.1600E+02
 17.949  0.0000E+00  0.1600E+02
 17.950  0.0000E+00  0.1600E+02
 17.951  0.0000E+00  0.1600E+02
 17.952  0.0000E+00  0.1600E+02
 17.953  0.0000E+00  0.1600E+02
 17.954  0.0000E+00  0.1600E+02
 17.955  0.0000E+00  0.1600E+02
 17.956  0.0000E+00  0.1600E+02
 17.957  0.0000E+00  0.1600E+02
 17.958  0.0000E+00  0.1600E+02
 17.959  0.0000E+00  0.1600E+02
 17.960  0.0000E+00  0.1600E+02
 17.961  0.0000E+00  0.1600E+02
 17.962  0.0000E+00  0.1600E+02
 17.963  0.0000E+00  0.1600E+02
 17.964  0.0000E+00  0.1600E+02
 17.965  0.0000E+00  0.1600E+02
 17.966  0.0000E+00  0.1600E+02
 17.967  0.0000E+00  0.1600E+02
 17.968  0.0000E+00  0.1600E+02
 17.969  0.0000E+00  0.1600E+02
 17.970  0.0000E+00  0.1600E+02
 17.971  0.0000E+00  0.1600E+02
 17.972  0.0000E+00  0.1600E+02
 17.973  0.0000E+00  0.1600E+02
 17.974  0.0000E+00  0.1600E+02
 17.975  0.0000E+00  0.1600E+02
 17.976  0.0000E+00  0.1600E+02
 17.977  0.0000E+00  0.1600E+02
 17.978  0.0000E+00  0.1600E+02
 17.979  0.0000E+00  0.1600E+02
 17.980  0.0000E+00  0.1600E+02
 17.981  0.0000E+00  0.1600E+02
 17.982  0.0000E+00  0.1600E+02
 17.983  0.0000E+00  0.1600E+02
 17.984  0.0000E+00  0.1600E+02
 17.985  0.0000E+00  0.1600E+02
 17.986  0.0000E+00  0.1600E+02
 17.987  0.0000E+00  0.1600E+02
 17.988  0.0000E+00  0.1600E+02
 17.989  0.0000E+00  0.1600E+02
 17.990  0.0000E+00  0.1600E+02
 17.991  0.0000E+00  0.1600E+02
 17.992  0.0000E+00  0.1600E+02
 17.993  0.0000E+00  0.1600E+02
 17.994  0.0000E+00  0.1600E+02
 17.995  0.0000E+00  0.1600E+02
 17.996  0.0000E+00  0.1600E+02
 17.997  0.0000E+00  0.1600E+02
 17.998  0.0000E+00  0.1600E+02
 17.999  0.0000E+00  0.1600E+02
 18.000  0.0000E+00  0.1600E+02
 18.001  0.0000E+00  0.1600E+02
 18.002  0.0000E+00  0.1600E+02
 18.003  0.0000E+00  0.1600E+02
 18.004  0.0000E+00  0.1600E+02
 18.005  0.0000E+00  0.1600E+02
 18.006  0.0000E+00  0.1600E+02
 18.007  0.0000E+00  0.1600E+02
 18.008  0.0000E+00  0.1600E+02
 18.009  0.0000E+00  0.1600E+02
 18.010  0.0000E+00  0.1600E+02
 18.011  0.0000E+00  0.1600E+02
 18.012  0.0000E+00  0.1600E+02
 18.013  0.0000E+00  0.1600E+02
 18.014  0.0000E+00  0.1600E+02
 18.015  0.0000E+00  0.1600E+02
 18.016  0.0000E+00  0.1600E+02
 18.017  0.0000E+00  0.1600E+02
 18.018  0.0000E+00  0.1600E+02
 18.019  0.0000E+00  0.1600E+02
 18.020  0.0000E+00  0.1600E+02
 18.021  0.0000E+00  0.1600E+02
 18.022  0.0000E+00  0.1600E+02
 18.023  0.0000E+00  0.1600E+02
 18.024  0.0000E+00  0.1600E+02
 18.025  0.0000E+00  0.1600E+02
 18.026  0.0000E+00  0.1600E+02
 18.027  0.0000E+00  0.1600E+02
 18.028  0.0000E+00  0.1600E+02
 18.029  0.0000E+00  0.1600E+02
 18.030  0.0000E+00  0.1600E+02
 18.031  0.0000E+00  0.1600E+02
 18.032  0.0000E+00  0.1600E+02
 18.033  0.0000E+00  0.1600E+02
 18.034  0.0000E+00  0.1600E+02
 18.035  0.0000E+00  0.1600E+02
 18.036  0.0000E+00  0.1600E+02
 18.037  0.0000E+00  0.1600E+02
 18.038  0.0000E+00  0.1600E+02
 18.039  0.0000E+00  0.1600E+02
 18.040  0.0000E+00  0.1600E+02
 18.041  0.0000E+00  0.1600E+02
 18.042  0.0000E+00  0.1600E+02
 18.043  0.0000E+00  0.1600E+02
 18.044  0.0000E+00  0.1600E+02
 18.045  0.0000E+00  0.1600E+02
 18.046  0.0000E+00  0.1600E+02
 18.047  0.0000E+00  0.1600E+02
 18.048  0.0000E+00  0.1600E+02
 18.049  0.0000E+00  0.1600E+02
 18.050  0.0000E+00  0.1600E+02
 18.051  0.0000E+00  0.1600E+02
 18.052  0.0000E+00  0.1600E+02
 18.053  0.0000E+00  0.1600E+02
 18.054  0.0000E+00  0.1600E+02
 18.055  0.0000E+00  0.1600E+02
 18.056  0.0000E+00  0.1600E+02
 18.057  0.0000E+00  0.1600E+02
 18.058  0.0000E+00  0.1600E+02
 18.059  0.0000E+00  0.1600E+02
 18.060  0.0000E+00  0.1600E+02
 18.061  0.0000E+00  0.1600E+02
 18.062  0.0000E+00  0.1600E+02
 18.063  0.0000E+00  0.1600E+02
 18.064  0.0000E+00  0.1600E+02
 18.065  0.0000E+00  0.1600E+02
 18.066  0.0000E+00  0.1600E+02
 18.067  0.0000E+00  0.1600E+02
 18.068  0.0000E+00  0.1600E+02
 18.069  0.0000E+00  0.1600E+02
 18.070  0.0000E+00  0.1600E+02
 18.071  0.0000E+00  0.1600E+02
 18.072  0.0000E+00  0.1600E+02
 18.073  0.0000E+00  0.1600E+02
 18.074  0.0000E+00  0.1600E+02
 18.075  0.0000E+00  0.1600E+02
 18.076  0.0000E+00  0.1600E+02
 18.077  0.0000E+00  0.1600E+02
 18.078  0.0000E+00  0.1600E+02
 18.079  0.0000E+00  0.1600E+02
 18.080  0.0000E+00  0.1600E+02
 18.081  0.0000E+00  0.1600E+02
 18.082  0.0000E+00  0.1600E+02
 18.083  0.0000E+00  0.1600E+02
 18.084  0.0000E+00  0.1600E+02
 18.085  0.0000E+00  0.1600E+02
 18.086  0.0000E+00  0.1600E+02
 18.087  0.0000E+00  0.1600E+02
 18.088  0.0000E+00  0.1600E+02
 18.089  0.0000E+00  0.1600E+02
 18.090  0.0000E+00  0.1600E+02
 18.091  0.0000E+00  0.1600E+02
 18.092  0.0000E+00  0.1600E+02
 18.093  0.0000E+00  0.1600E+02
 18.094  0.0000E+00  0.1600E+02
 18.095  0.0000E+00  0.1600E+02
 18.096  0.0000E+00  0.1600E+02
 18.097  0.0000E+00  0.1600E+02
 18.098  0.0000E+00  0.1600E+02
 18.099  0.0000E+00  0.1600E+02
 18.100  0.0000E+00  0.1600E+02
 18.101  0.0000E+00  0.1600E+02
 18.102  0.0000E+00  0.1600E+02
 18.103  0.0000E+00  0.1600E+02
 18.104  0.0000E+00  0.1600E+02
 18.105  0.0000E+00  0.1600E+02
 18.106  0.0000E+00  0.1600E+02
 18.107  0.0000E+00  0.1600E+02
 18.108  0.0000E+00  0.1600E+02
 18.109  0.0000E+00  0.1600E+02
 18.110  0.0000E+00  0.1600E+02
 18.111  0.0000E+00  0.1600E+02
 18.112  0.0000E+00  0.1600E+02
 18.113  0.0000E+00  0.1600E+02
 18.114  0.0000E+00  0.1600E+02
 18.115  0.0000E+00  0.1600E+02
 18.116  0.0000E+00  0.1600E+02
 18.117  0.0000E+00  0.1600E+02
 18.118  0.0000E+00  0.1600E+02
 18.119  0.0000E+00  0.1600E+02
 18.120  0.0000E+00  0.1600E+02
 18.121  0.0000E+00  0.1600E+02
 18.122  0.0000E+00  0.1600E+02
 18.123  0.0000E+00  0.1600E+02
 18.124  0.0000E+00  0.1600E+02
 18.125  0.0000E+00  0.1600E+02
 18.126  0.0000E+00  0.1600E+02
 18.127  0.0000E+00  0.1600E+02
 18.128  0.0000E+00  0.1600E+02
 18.129  0.0000E+00  0.1600E+02
 18.130  0.0000E+00  0.1600E+02
 18.131  0.0000E+00  0.1600E+02
 18.132  0.0000E+00  0.1600E+02
 18.133  0.0000E+00  0.1600E+02
 18.134  0.0000E+00  0.1600E+02
 18.135  0.0000E+00  0.1600E+02
 18.136  0.0000E+00  0.1600E+02
 18.137  0.0000E+00  0.1600E+02
 18.138  0.0000E+00  0.1600E+02
 18.139  0.0000E+00  0.1600E+02
 18.140  0.0000E+00  0.1600E+02
 18.141  0.0000E+00  0.1600E+02
 18.142  0.0000E+00  0.1600E+02
 18.143  0.0000E+00  0.1600E+02
 18.144  0.0000E+00  0.1600E+02
 18.145  0.0000E+00  0.1600E+02
 18.146  0.0000E+00  0.1600E+02
 18.147  0.0000E+00  0.1600E+02
 18.148  0.0000E+00  0.1600E+02
 18.149  0.0000E+00  0.1600E+02
 18.150  0.0000E+00  0.1600E+02
 18.151  0.0000E+00  0.1600E+02
 18.152  0.0000E+00  0.1600E+02
 18.153  0.0000E+00  0.1600E+02
 18.154  0.0000E+00  0.1600E+02
 18.155  0.0000E+00  0.1600E+02
 18.156  0.0000E+00  0.1600E+02
 18.157  0.0000E+00  0.1600E+02
 18.158  0.0000E+00  0.1600E+02
 18.159  0.0000E+00  0.1600E+02
 18.160  0.0000E+00  0.1600E+02
 18.161  0.0000E+00  0.1600E+02
 18.162  0.0000E+00  0.1600E+02
 18.163  0.0000E+00  0.1600E+02
 18.164  0.0000E+00  0.1600E+02
 18.165  0.0000E+00  0.1600E+02
 18.166  0.0000E+00  0.1600E+02
 18.167  0.0000E+00  0.1600E+02
 18.168  0.0000E+00  0.1600E+02
 18.169  0.0000E+00  0.1600E+02
 18.170  0.0000E+00  0.1600E+02
 18.171  0.0000E+00  0.1600E+02
 18.172  0.0000E+00  0.1600E+02
 18.173  0.0000E+00  0.1600E+02
 18.174  0.0000E+00  0.1600E+02
 18.175  0.0000E+00  0.1600E+02
 18.176  0.0000E+00  0.1600E+02
 18.177  0.0000E+00  0.1600E+02
 18.178  0.0000E+00  0.1600E+02
 18.179  0.0000E+00  0.1600E+02
 18.180  0.0000E+00  0.1600E+02
 18.181  0.0000E+00  0.1600E+02
 18.182  0.0000E+00  0.1600E+02
 18.183  0.0000E+00  0.1600E+02
 18.184  0.0000E+00  0.1600E+02
 18.185  0.0000E+00  0.1600E+02
 18.186  0.0000E+00  0.1600E+02
 18.187  0.0000E+00  0.1600E+02
 18.188  0.0000E+00  0.1600E+02
 18.189  0.0000E+00  0.1600E+02
 18.190  0.0000E+00  0.1600E+02
 18.191  0.0000E+00  0.1600E+02
 18.192  0.0000E+00  0.1600E+02
 18.193  0.0000E+00  0.1600E+02
 18.194  0.0000E+00  0.1600E+02
 18.195  0.0000E+00  0.1600E+02
 18.196  0.0000E+00  0.1600E+02
 18.197  0.0000E+00  0.1600E+02
 18.198  0.0000E+00  0.1600E+02
 18.199  0.0000E+00  0.1600E+02
 18.200  0.0000E+00  0.1600E+02
 18.201  0.0000E+00  0.1600E+02
 18.202  0.0000E+00  0.1600E+02
 18.203  0.0000E+00  0.1600E+02
 18.204  0.0000E+00  0.1600E+02
 18.205  0.0000E+00  0.1600E+02
 18.206  0.0000E+00  0.1600E+02
 18.207  0.0000E+00  0.1600E+02
 18.208  0.0000E+00  0.1600E+02
 18.209  0.0000E+00  0.1600E+02
 18.210  0.0000E+00  0.1600E+02
 18.211  0.0000E+00  0.1600E+02
 18.212  0.0000E+00  0.1600E+02
 18.213  0.0000E+00  0.1600E+02
 18.214  0.0000E+00  0.1600E+02
 18.215  0.0000E+00  0.1600E+02
 18.216  0.0000E+00  0.1600E+02
 18.217  0.0000E+00  0.1600E+02
 18.218  0.0000E+00  0.1600E+02
 18.219  0.0000E+00  0.1600E+02
 18.220  0.0000E+00  0.1600E+02
 18.221  0.0000E+00  0.1600E+02
 18.222  0.0000E+00  0.1600E+02
 18.223  0.0000E+00  0.1600E+02
 18.224  0.0000E+00  0.1600E+02
 18.225  0.0000E+00  0.1600E+02
 18.226  0.0000E+00  0.1600E+02
 18.227  0.0000E+00  0.1600E+02
 18.228  0.0000E+00  0.1600E+02
 18.229  0.0000E+00  0.1600E+02
 18.230  0.0000E+00  0.1600E+02
 18.231  0.0000E+00  0.1600E+02
 18.232  0.0000E+00  0.1600E+02
 18.233  0.0000E+00  0.1600E+02
 18.234  0.0000E+00  0.1600E+02
 18.235  0.0000E+00  0.1600E+02
 18.236  0.0000E+00  0.1600E+02
 18.237  0.0000E+00  0.1600E+02
 18.238  0.0000E+00  0.1600E+02
 18.239  0.0000E+00  0.1600E+02
 18.240  0.0000E+00  0.1600E+02
 18.241  0.0000E+00  0.1600E+02
 18.242  0.0000E+00  0.1600E+02
 18.243  0.0000E+00  0.1600E+02
 18.244  0.0000E+00  0.1600E+02
 18.245  0.0000E+00  0.1600E+02
 18.246  0.0000E+00  0.1600E+02
 18.247  0.0000E+00  0.1600E+02
 18.248  0.0000E+00  0.1600E+02
 18.249  0.0000E+00  0.1600E+02
 18.250  0.0000E+00  0.1600E+02
 18.251  0.0000E+00  0.1600E+02
 18.252  0.0000E+00  0.1600E+02
 18.253  0.0000E+00  0.1600E+02
 18.254  0.0000E+00  0.1600E+02
 18.255  0.0000E+00  0.1600E+02
 18.256  0.0000E+00  0.1600E+02
 18.257  0.0000E+00  0.1600E+02
 18.258  0.0000E+00  0.1600E+02
 18.259  0.0000E+00  0.1600E+02
 18.260  0.0000E+00  0.1600E+02
 18.261  0.0000E+00  0.1600E+02
 18.262  0.0000E+00  0.1600E+02
 18.263  0.0000E+00  0.1600E+02
 18.264  0.0000E+00  0.1600E+02
 18.265  0.0000E+00  0.1600E+02
 18.266  0.0000E+00  0.1600E+02
 18.267  0.0000E+00  0.1600E+02
 18.268  0.0000E+00  0.1600E+02
 18.269  0.0000E+00  0.1600E+02
 18.270  0.0000E+00  0.1600E+02
 18.271  0.0000E+00  0.1600E+02
 18.272  0.0000E+00  0.1600E+02
 18.273  0.0000E+00  0.1600E+02
 18.274  0.0000E+00  0.1600E+02
 18.275  0.0000E+00  0.1600E+02
 18.276  0.0000E+00  0.1600E+02
 18.277  0.0000E+00  0.1600E+02
 18.278  0.0000E+00  0.1600E+02
 18.279  0.0000E+00  0.1600E+02
 18.280  0.0000E+00  0.1600E+02
 18.281  0.0000E+00  0.1600E+02
 18.282  0.0000E+00  0.1600E+02
 18.283  0.0000E+00  0.1600E+02
 18.284  0.0000E+00  0.1600E+02
 18.285  0.0000E+00  0.1600E+02
 18.286  0.0000E+00  0.1600E+02
 18.287  0.0000E+00  0.1600E+02
 18.288  0.0000E+00  0.1600E+02
 18.289  0.0000E+00  0.1600E+02
 18.290  0.0000E+00  0.1600E+02
 18.291  0.0000E+00  0.1600E+02
 18.292  0.0000E+00  0.1600E+02
 18.293  0.0000E+00  0.1600E+02
 18.294  0.0000E+00  0.1600E+02
 18.295  0.0000E+00  0.1600E+02
 18.296  0.0000E+00  0.1600E+02
 18.297  0.0000E+00  0.1600E+02
 18.298  0.0000E+00  0.1600E+02
 18.299  0.0000E+00  0.1600E+02
 18.300  0.0000E+00  0.1600E+02
 18.301  0.0000E+00  0.1600E+02
 18.302  0.0000E+00  0.1600E+02
 18.303  0.0000E+00  0.1600E+02
 18.304  0.0000E+00  0.1600E+02
 18.305  0.0000E+00  0.1600E+02
 18.306  0.0000E+00  0.1600E+02
 18.307  0.0000E+00  0.1600E+02
 18.308  0.0000E+00  0.1600E+02
 18.309  0.0000E+00  0.1600E+02
 18.310  0.0000E+00  0.1600E+02
 18.311  0.0000E+00  0.1600E+02
 18.312  0.0000E+00  0.1600E+02
 18.313  0.0000E+00  0.1600E+02
 18.314  0.0000E+00  0.1600E+02
 18.315  0.0000E+00  0.1600E+02
 18.316  0.0000E+00  0.1600E+02
 18.317  0.0000E+00  0.1600E+02
 18.318  0.0000E+00  0.1600E+02
 18.319  0.0000E+00  0.1600E+02
 18.320  0.0000E+00  0.1600E+02
 18.321  0.0000E+00  0.1600E+02
 18.322  0.0000E+00  0.1600E+02
 18.323  0.0000E+00  0.1600E+02
 18.324  0.0000E+00  0.1600E+02
 18.325  0.0000E+00  0.1600E+02
 18.326  0.0000E+00  0.1600E+02
 18.327  0.0000E+00  0.1600E+02
 18.328  0.0000E+00  0.1600E+02
 18.329  0.0000E+00  0.1600E+02
 18.330  0.0000E+00  0.1600E+02
 18.331  0.0000E+00  0.1600E+02
 18.332  0.0000E+00  0.1600E+02
 18.333  0.0000E+00  0.1600E+02
 18.334  0.0000E+00  0.1600E+02
 18.335  0.0000E+00  0.1600E+02
 18.336  0.0000E+00  0.1600E+02
 18.337  0.0000E+00  0.1600E+02
 18.338  0.0000E+00  0.1600E+02
 18.339  0.0000E+00  0.1600E+02
 18.340  0.0000E+00  0.1600E+02
 18.341  0.0000E+00  0.1600E+02
 18.342  0.0000E+00  0.1600E+02
 18.343  0.0000E+00  0.1600E+02
 18.344  0.0000E+00  0.1600E+02
 18.345  0.0000E+00  0.1600E+02
 18.346  0.0000E+00  0.1600E+02
 18.347  0.0000E+00  0.1600E+02
 18.348  0.0000E+00  0.1600E+02
 18.349  0.0000E+00  0.1600E+02
 18.350  0.0000E+00  0.1600E+02
 18.351  0.0000E+00  0.1600E+02
 18.352  0.0000E+00  0.1600E+02
 18.353  0.0000E+00  0.1600E+02
 18.354  0.0000E+00  0.1600E+02
 18.355  0.0000E+00  0.1600E+02
 18.356  0.0000E+00  0.1600E+02
 18.357  0.0000E+00  0.1600E+02
 18.358  0.0000E+00  0.1600E+02
 18.359  0.0000E+00  0.1600E+02
 18.360  0.0000E+00  0.1600E+02
 18.361  0.0000E+00  0.1600E+02
 18.362  0.0000E+00  0.1600E+02
 18.363  0.0000E+00  0.1600E+02
 18.364  0.0000E+00  0.1600E+02
 18.365  0.0000E+00  0.1600E+02
 18.366  0.0000E+00  0.1600E+02
 18.367  0.0000E+00  0.1600E+02
 18.368  0.0000E+00  0.1600E+02
 18.369  0.0000E+00  0.1600E+02
 18.370  0.0000E+00  0.1600E+02
 18.371  0.0000E+00  0.1600E+02
 18.372  0.0000E+00  0.1600E+02
 18.373  0.0000E+00  0.1600E+02
 18.374  0.0000E+00  0.1600E+02
 18.375  0.0000E+00  0.1600E+02
 18.376  0.0000E+00  0.1600E+02
 18.377  0.0000E+00  0.1600E+02
 18.378  0.0000E+00  0.1600E+02
 18.379  0.0000E+00  0.1600E+02
 18.380  0.0000E+00  0.1600E+02
 18.381  0.0000E+00  0.1600E+02
 18.382  0.0000E+00  0.1600E+02
 18.383  0.0000E+00  0.1600E+02
 18.384  0.0000E+00  0.1600E+02
 18.385  0.0000E+00  0.1600E+02
 18.386  0.0000E+00  0.1600E+02
 18.387  0.0000E+00  0.1600E+02
 18.388  0.0000E+00  0.1600E+02
 18.389  0.0000E+00  0.1600E+02
 18.390  0.0000E+00  0.1600E+02
 18.391  0.0000E+00  0.1600E+02
 18.392  0.0000E+00  0.1600E+02
 18.393  0.0000E+00  0.1600E+02
 18.394  0.0000E+00  0.1600E+02
 18.395  0.0000E+00  0.1600E+02
 18.396  0.0000E+00  0.1600E+02
 18.397  0.0000E+00  0.1600E+02
 18.398  0.0000E+00  0.1600E+02
 18.399  0.0000E+00  0.1600E+02
 18.400  0.0000E+00  0.1600E+02
 18.401  0.0000E+00  0.1600E+02
 18.402  0.0000E+00  0.1600E+02
 18.403  0.0000E+00  0.1600E+02
 18.404  0.0000E+00  0.1600E+02
 18.405  0.0000E+00  0.1600E+02
 18.406  0.0000E+00  0.1600E+02
 18.407  0.0000E+00  0.1600E+02
 18.408  0.0000E+00  0.1600E+02
 18.409  0.0000E+00  0.1600E+02
 18.410  0.0000E+00  0.1600E+02
 18.411  0.0000E+00  0.1600E+02
 18.412  0.0000E+00  0.1600E+02
 18.413  0.0000E+00  0.1600E+02
 18.414  0.0000E+00  0.1600E+02
 18.415  0.0000E+00  0.1600E+02
 18.416  0.0000E+00  0.1600E+02
 18.417  0.0000E+00  0.1600E+02
 18.418  0.0000E+00  0.1600E+02
 18.419  0.0000E+00  0.1600E+02
 18.420  0.0000E+00  0.1600E+02
 18.421  0.0000E+00  0.1600E+02
 18.422  0.0000E+00  0.1600E+02
 18.423  0.0000E+00  0.1600E+02
 18.424  0.0000E+00  0.1600E+02
 18.425  0.0000E+00  0.1600E+02
 18.426  0.0000E+00  0.1600E+02
 18.427  0.0000E+00  0.1600E+02
 18.428  0.0000E+00  0.1600E+02
 18.429  0.0000E+00  0.1600E+02
 18.430  0.0000E+00  0.1600E+02
 18.431  0.0000E+00  0.1600E+02
 18.432  0.0000E+00  0.1600E+02
 18.433  0.0000E+00  0.1600E+02
 18.434  0.0000E+00  0.1600E+02
 18.435  0.0000E+00  0.1600E+02
 18.436  0.0000E+00  0.1600E+02
 18.437  0.0000E+00  0.1600E+02
 18.438  0.0000E+00  0.1600E+02
 18.439  0.0000E+00  0.1600E+02
 18.440  0.0000E+00  0.1600E+02
 18.441  0.0000E+00  0.1600E+02
 18.442  0.0000E+00  0.1600E+02
 18.443  0.0000E+00  0.1600E+02
 18.444  0.0000E+00  0.1600E+02
 18.445  0.0000E+00  0.1600E+02
 18.446  0.0000E+00  0.1600E+02
 18.447  0.0000E+00  0.1600E+02
 18.448  0.0000E+00  0.1600E+02
 18.449  0.0000E+00  0.1600E+02
 18.450  0.0000E+00  0.1600E+02
 18.451  0.0000E+00  0.1600E+02
 18.452  0.0000E+00  0.1600E+02
 18.453  0.0000E+00  0.1600E+02
 18.454  0.0000E+00  0.1600E+02
 18.455  0.0000E+00  0.1600E+02
 18.456  0.0000E+00  0.1600E+02
 18.457  0.0000E+00  0.1600E+02
 18.458  0.0000E+00  0.1600E+02
 18.459  0.0000E+00  0.1600E+02
 18.460  0.0000E+00  0.1600E+02
 18.461  0.0000E+00  0.1600E+02
 18.462  0.0000E+00  0.1600E+02
 18.463  0.0000E+00  0.1600E+02
 18.464  0.0000E+00  0.1600E+02
 18.465  0.0000E+00  0.1600E+02
 18.466  0.0000E+00  0.1600E+02
 18.467  0.0000E+00  0.1600E+02
 18.468  0.0000E+00  0.1600E+02
 18.469  0.0000E+00  0.1600E+02
 18.470  0.0000E+00  0.1600E+02
 18.471  0.0000E+00  0.1600E+02
 18.472  0.0000E+00  0.1600E+02
 18.473  0.0000E+00  0.1600E+02
 18.474  0.0000E+00  0.1600E+02
 18.475  0.0000E+00  0.1600E+02
 18.476  0.0000E+00  0.1600E+02
 18.477  0.0000E+00  0.1600E+02
 18.478  0.0000E+00  0.1600E+02
 18.479  0.0000E+00  0.1600E+02
 18.480  0.0000E+00  0.1600E+02
 18.481  0.0000E+00  0.1600E+02
 18.482  0.0000E+00  0.1600E+02
 18.483  0.0000E+00  0.1600E+02
 18.484  0.0000E+00  0.1600E+02
 18.485  0.0000E+00  0.1600E+02
 18.486  0.0000E+00  0.1600E+02
 18.487  0.0000E+00  0.1600E+02
 18.488  0.0000E+00  0.1600E+02
 18.489  0.0000E+00  0.1600E+02
 18.490  0.0000E+00  0.1600E+02
 18.491  0.0000E+00  0.1600E+02
 18.492  0.0000E+00  0.1600E+02
 18.493  0.0000E+00  0.1600E+02
 18.494  0.0000E+00  0.1600E+02
 18.495  0.0000E+00  0.1600E+02
 18.496  0.0000E+00  0.1600E+02
 18.497  0.0000E+00  0.1600E+02
 18.498  0.0000E+00  0.1600E+02
 18.499  0.0000E+00  0.1600E+02
 18.500  0.0000E+00  0.1600E+02
 18.501  0.0000E+00  0.1600E+02
 18.502  0.0000E+00  0.1600E+02
 18.503  0.0000E+00  0.1600E+02
 18.504  0.0000E+00  0.1600E+02
 18.505  0.0000E+00  0.1600E+02
 18.506  0.0000E+00  0.1600E+02
 18.507  0.0000E+00  0.1600E+02
 18.508  0.0000E+00  0.1600E+02
 18.509  0.0000E+00  0.1600E+02
 18.510  0.0000E+00  0.1600E+02
 18.511  0.0000E+00  0.1600E+02
 18.512  0.0000E+00  0.1600E+02
 18.513  0.0000E+00  0.1600E+02
 18.514  0.0000E+00  0.1600E+02
 18.515  0.0000E+00  0.1600E+02
 18.516  0.0000E+00  0.1600E+02
 18.517  0.0000E+00  0.1600E+02
 18.518  0.0000E+00  0.1600E+02
 18.519  0.0000E+00  0.1600E+02
 18.520  0.0000E+00  0.1600E+02
 18.521  0.0000E+00  0.1600E+02
 18.522  0.0000E+00  0.1600E+02
 18.523  0.0000E+00  0.1600E+02
 18.524  0.0000E+00  0.1600E+02
 18.525  0.0000E+00  0.1600E+02
 18.526  0.0000E+00  0.1600E+02
 18.527  0.0000E+00  0.1600E+02
 18.528  0.0000E+00  0.1600E+02
 18.529  0.0000E+00  0.1600E+02
 18.530  0.0000E+00  0.1600E+02
 18.531  0.0000E+00  0.1600E+02
 18.532  0.0000E+00  0.1600E+02
 18.533  0.0000E+00  0.1600E+02
 18.534  0.0000E+00  0.1600E+02
 18.535  0.0000E+00  0.1600E+02
 18.536  0.0000E+00  0.1600E+02
 18.537  0.0000E+00  0.1600E+02
 18.538  0.0000E+00  0.1600E+02
 18.539  0.0000E+00  0.1600E+02
 18.540  0.0000E+00  0.1600E+02
 18.541  0.0000E+00  0.1600E+02
 18.542  0.0000E+00  0.1600E+02
 18.543  0.0000E+00  0.1600E+02
 18.544  0.0000E+00  0.1600E+02
 18.545  0.0000E+00  0.1600E+02
 18.546  0.0000E+00  0.1600E+02
 18.547  0.0000E+00  0.1600E+02
 18.548  0.0000E+00  0.1600E+02
 18.549  0.0000E+00  0.1600E+02
 18.550  0.0000E+00  0.1600E+02
 18.551  0.0000E+00  0.1600E+02
 18.552  0.0000E+00  0.1600E+02
 18.553  0.0000E+00  0.1600E+02
 18.554  0.0000E+00  0.1600E+02
 18.555  0.0000E+00  0.1600E+02
 18.556  0.0000E+00  0.1600E+02
 18.557  0.0000E+00  0.1600E+02
 18.558  0.0000E+00  0.1600E+02
 18.559  0.0000E+00  0.1600E+02
 18.560  0.0000E+00  0.1600E+02
 18.561  0.0000E+00  0.1600E+02
 18.562  0.0000E+00  0.1600E+02
 18.563  0.0000E+00  0.1600E+02
 18.564  0.0000E+00  0.1600E+02
 18.565  0.0000E+00  0.1600E+02
 18.566  0.0000E+00  0.1600E+02
 18.567  0.0000E+00  0.1600E+02
 18.568  0.0000E+00  0.1600E+02
 18.569  0.0000E+00  0.1600E+02
 18.570  0.0000E+00  0.1600E+02
 18.571  0.0000E+00  0.1600E+02
 18.572  0.0000E+00  0.1600E+02
 18.573  0.0000E+00  0.1600E+02
 18.574  0.0000E+00  0.1600E+02
 18.575  0.0000E+00  0.1600E+02
 18.576  0.0000E+00  0.1600E+02
 18.577  0.0000E+00  0.1600E+02
 18.578  0.0000E+00  0.1600E+02
 18.579  0.0000E+00  0.1600E+02
 18.580  0.0000E+00  0.1600E+02
 18.581  0.0000E+00  0.1600E+02
 18.582  0.0000E+00  0.1600E+02
 18.583  0.0000E+00  0.1600E+02
 18.584  0.0000E+00  0.1600E+02
 18.585  0.0000E+00  0.1600E+02
 18.586  0.0000E+00  0.1600E+02
 18.587  0.0000E+00  0.1600E+02
 18.588  0.0000E+00  0.1600E+02
 18.589  0.0000E+00  0.1600E+02
 18.590  0.0000E+00  0.1600E+02
 18.591  0.0000E+00  0.1600E+02
 18.592  0.0000E+00  0.1600E+02
 18.593  0.0000E+00  0.1600E+02
 18.594  0.0000E+00  0.1600E+02
 18.595  0.0000E+00  0.1600E+02
 18.596  0.0000E+00  0.1600E+02
 18.597  0.0000E+00  0.1600E+02
 18.598  0.0000E+00  0.1600E+02
 18.599  0.0000E+00  0.1600E+02
 18.600  0.0000E+00  0.1600E+02
 18.601  0.0000E+00  0.1600E+02
 18.602  0.0000E+00  0.1600E+02
 18.603  0.0000E+00  0.1600E+02
 18.604  0.0000E+00  0.1600E+02
 18.605  0.0000E+00  0.1600E+02
 18.606  0.0000E+00  0.1600E+02
 18.607  0.0000E+00  0.1600E+02
 18.608  0.0000E+00  0.1600E+02
 18.609  0.0000E+00  0.1600E+02
 18.610  0.0000E+00  0.1600E+02
 18.611  0.0000E+00  0.1600E+02
 18.612  0.0000E+00  0.1600E+02
 18.613  0.0000E+00  0.1600E+02
 18.614  0.0000E+00  0.1600E+02
 18.615  0.0000E+00  0.1600E+02
 18.616  0.0000E+00  0.1600E+02
 18.617  0.0000E+00  0.1600E+02
 18.618  0.0000E+00  0.1600E+02
 18.619  0.0000E+00  0.1600E+02
 18.620  0.0000E+00  0.1600E+02
 18.621  0.0000E+00  0.1600E+02
 18.622  0.0000E+00  0.1600E+02
 18.623  0.0000E+00  0.1600E+02
 18.624  0.0000E+00  0.1600E+02
 18.625  0.0000E+00  0.1600E+02
 18.626  0.0000E+00  0.1600E+02
 18.627  0.0000E+00  0.1600E+02
 18.628  0.0000E+00  0.1600E+02
 18.629  0.0000E+00  0.1600E+02
 18.630  0.0000E+00  0.1600E+02
 18.631  0.0000E+00  0.1600E+02
 18.632  0.0000E+00  0.1600E+02
 18.633  0.0000E+00  0.1600E+02
 18.634  0.0000E+00  0.1600E+02
 18.635  0.0000E+00  0.1600E+02
 18.636  0.0000E+00  0.1600E+02
 18.637  0.0000E+00  0.1600E+02
 18.638  0.0000E+00  0.1600E+02
 18.639  0.0000E+00  0.1600E+02
 18.640  0.0000E+00  0.1600E+02
 18.641  0.0000E+00  0.1600E+02
 18.642  0.0000E+00  0.1600E+02
 18.643  0.0000E+00  0.1600E+02
 18.644  0.0000E+00  0.1600E+02
 18.645  0.0000E+00  0.1600E+02
 18.646  0.0000E+00  0.1600E+02
 18.647  0.0000E+00  0.1600E+02
 18.648  0.0000E+00  0.1600E+02
 18.649  0.0000E+00  0.1600E+02
 18.650  0.0000E+00  0.1600E+02
 18.651  0.0000E+00  0.1600E+02
 18.652  0.0000E+00  0.1600E+02
 18.653  0.0000E+00  0.1600E+02
 18.654  0.0000E+00  0.1600E+02
 18.655  0.0000E+00  0.1600E+02
 18.656  0.0000E+00  0.1600E+02
 18.657  0.0000E+00  0.1600E+02
 18.658  0.0000E+00  0.1600E+02
 18.659  0.0000E+00  0.1600E+02
 18.660  0.0000E+00  0.1600E+02
 18.661  0.0000E+00  0.1600E+02
 18.662  0.0000E+00  0.1600E+02
 18.663  0.0000E+00  0.1600E+02
 18.664  0.0000E+00  0.1600E+02
 18.665  0.0000E+00  0.1600E+02
 18.666  0.0000E+00  0.1600E+02
 18.667  0.0000E+00  0.1600E+02
 18.668  0.0000E+00  0.1600E+02
 18.669  0.0000E+00  0.1600E+02
 18.670  0.0000E+00  0.1600E+02
 18.671  0.0000E+00  0.1600E+02
 18.672  0.0000E+00  0.1600E+02
 18.673  0.0000E+00  0.1600E+02
 18.674  0.0000E+00  0.1600E+02
 18.675  0.0000E+00  0.1600E+02
 18.676  0.0000E+00  0.1600E+02
 18.677  0.0000E+00  0.1600E+02
 18.678  0.0000E+00  0.1600E+02
 18.679  0.0000E+00  0.1600E+02
 18.680  0.0000E+00  0.1600E+02
 18.681  0.0000E+00  0.1600E+02
 18.682  0.0000E+00  0.1600E+02
 18.683  0.0000E+00  0.1600E+02
 18.684  0.0000E+00  0.1600E+02
 18.685  0.0000E+00  0.1600E+02
 18.686  0.0000E+00  0.1600E+02
 18.687  0.0000E+00  0.1600E+02
 18.688  0.0000E+00  0.1600E+02
 18.689  0.0000E+00  0.1600E+02
 18.690  0.0000E+00  0.1600E+02
 18.691  0.0000E+00  0.1600E+02
 18.692  0.0000E+00  0.1600E+02
 18.693  0.0000E+00  0.1600E+02
 18.694  0.0000E+00  0.1600E+02
 18.695  0.0000E+00  0.1600E+02
 18.696  0.0000E+00  0.1600E+02
 18.697  0.0000E+00  0.1600E+02
 18.698  0.0000E+00  0.1600E+02
 18.699  0.0000E+00  0.1600E+02
 18.700  0.0000E+00  0.1600E+02
 18.701  0.0000E+00  0.1600E+02
 18.702  0.0000E+00  0.1600E+02
 18.703  0.0000E+00  0.1600E+02
 18.704  0.0000E+00  0.1600E+02
 18.705  0.0000E+00  0.1600E+02
 18.706  0.0000E+00  0.1600E+02
 18.707  0.0000E+00  0.1600E+02
 18.708  0.0000E+00  0.1600E+02
 18.709  0.0000E+00  0.1600E+02
 18.710  0.0000E+00  0.1600E+02
 18.711  0.0000E+00  0.1600E+02
 18.712  0.0000E+00  0.1600E+02
 18.713  0.0000E+00  0.1600E+02
 18.714  0.0000E+00  0.1600E+02
 18.715  0.0000E+00  0.1600E+02
 18.716  0.0000E+00  0.1600E+02
 18.717  0.0000E+00  0.1600E+02
 18.718  0.0000E+00  0.1600E+02
 18.719  0.0000E+00  0.1600E+02
 18.720  0.0000E+00  0.1600E+02
 18.721  0.0000E+00  0.1600E+02
 18.722  0.0000E+00  0.1600E+02
 18.723  0.0000E+00  0.1600E+02
 18.724  0.0000E+00  0.1600E+02
 18.725  0.0000E+00  0.1600E+02
 18.726  0.0000E+00  0.1600E+02
 18.727  0.0000E+00  0.1600E+02
 18.728  0.0000E+00  0.1600E+02
 18.729  0.0000E+00  0.1600E+02
 18.730  0.0000E+00  0.1600E+02
 18.731  0.0000E+00  0.1600E+02
 18.732  0.0000E+00  0.1600E+02
 18.733  0.0000E+00  0.1600E+02
 18.734  0.0000E+00  0.1600E+02
 18.735  0.0000E+00  0.1600E+02
 18.736  0.0000E+00  0.1600E+02
 18.737  0.0000E+00  0.1600E+02
 18.738  0.0000E+00  0.1600E+02
 18.739  0.0000E+00  0.1600E+02
 18.740  0.0000E+00  0.1600E+02
 18.741  0.0000E+00  0.1600E+02
 18.742  0.0000E+00  0.1600E+02
 18.743  0.0000E+00  0.1600E+02
 18.744  0.0000E+00  0.1600E+02
 18.745  0.0000E+00  0.1600E+02
 18.746  0.0000E+00  0.1600E+02
 18.747  0.0000E+00  0.1600E+02
 18.748  0.0000E+00  0.1600E+02
 18.749  0.0000E+00  0.1600E+02
 18.750  0.0000E+00  0.1600E+02
 18.751  0.0000E+00  0.1600E+02
 18.752  0.0000E+00  0.1600E+02
 18.753  0.0000E+00  0.1600E+02
 18.754  0.0000E+00  0.1600E+02
 18.755  0.0000E+00  0.1600E+02
 18.756  0.0000E+00  0.1600E+02
 18.757  0.0000E+00  0.1600E+02
 18.758  0.0000E+00  0.1600E+02
 18.759  0.0000E+00  0.1600E+02
 18.760  0.0000E+00  0.1600E+02
 18.761  0.0000E+00  0.1600E+02
 18.762  0.0000E+00  0.1600E+02
 18.763  0.0000E+00  0.1600E+02
 18.764  0.0000E+00  0.1600E+02
 18.765  0.0000E+00  0.1600E+02
 18.766  0.0000E+00  0.1600E+02
 18.767  0.0000E+00  0.1600E+02
 18.768  0.0000E+00  0.1600E+02
 18.769  0.0000E+00  0.1600E+02
 18.770  0.0000E+00  0.1600E+02
 18.771  0.0000E+00  0.1600E+02
 18.772  0.0000E+00  0.1600E+02
 18.773  0.0000E+00  0.1600E+02
 18.774  0.0000E+00  0.1600E+02
 18.775  0.0000E+00  0.1600E+02
 18.776  0.0000E+00  0.1600E+02
 18.777  0.0000E+00  0.1600E+02
 18.778  0.0000E+00  0.1600E+02
 18.779  0.0000E+00  0.1600E+02
 18.780  0.0000E+00  0.1600E+02
 18.781  0.0000E+00  0.1600E+02
 18.782  0.0000E+00  0.1600E+02
 18.783  0.0000E+00  0.1600E+02
 18.784  0.0000E+00  0.1600E+02
 18.785  0.0000E+00  0.1600E+02
 18.786  0.0000E+00  0.1600E+02
 18.787  0.0000E+00  0.1600E+02
 18.788  0.0000E+00  0.1600E+02
 18.789  0.0000E+00  0.1600E+02
 18.790  0.0000E+00  0.1600E+02
 18.791  0.0000E+00  0.1600E+02
 18.792  0.0000E+00  0.1600E+02
 18.793  0.0000E+00  0.1600E+02
 18.794  0.0000E+00  0.1600E+02
 18.795  0.0000E+00  0.1600E+02
 18.796  0.0000E+00  0.1600E+02
 18.797  0.0000E+00  0.1600E+02
 18.798  0.0000E+00  0.1600E+02
 18.799  0.0000E+00  0.1600E+02
 18.800  0.0000E+00  0.1600E+02
 18.801  0.0000E+00  0.1600E+02
 18.802  0.0000E+00  0.1600E+02
 18.803  0.0000E+00  0.1600E+02
 18.804  0.0000E+00  0.1600E+02
 18.805  0.0000E+00  0.1600E+02
 18.806  0.0000E+00  0.1600E+02
 18.807  0.0000E+00  0.1600E+02
 18.808  0.0000E+00  0.1600E+02
 18.809  0.0000E+00  0.1600E+02
 18.810  0.0000E+00  0.1600E+02
 18.811  0.0000E+00  0.1600E+02
 18.812  0.0000E+00  0.1600E+02
 18.813  0.0000E+00  0.1600E+02
 18.814  0.0000E+00  0.1600E+02
 18.815  0.0000E+00  0.1600E+02
 18.816  0.0000E+00  0.1600E+02
 18.817  0.0000E+00  0.1600E+02
 18.818  0.0000E+00  0.1600E+02
 18.819  0.0000E+00  0.1600E+02
 18.820  0.0000E+00  0.1600E+02
 18.821  0.0000E+00  0.1600E+02
 18.822  0.0000E+00  0.1600E+02
 18.823  0.0000E+00  0.1600E+02
 18.824  0.0000E+00  0.1600E+02
 18.825  0.0000E+00  0.1600E+02
 18.826  0.0000E+00  0.1600E+02
 18.827  0.0000E+00  0.1600E+02
 18.828  0.0000E+00  0.1600E+02
 18.829  0.0000E+00  0.1600E+02
 18.830  0.0000E+00  0.1600E+02
 18.831  0.0000E+00  0.1600E+02
 18.832  0.0000E+00  0.1600E+02
 18.833  0.0000E+00  0.1600E+02
 18.834  0.0000E+00  0.1600E+02
 18.835  0.0000E+00  0.1600E+02
 18.836  0.0000E+00  0.1600E+02
 18.837  0.0000E+00  0.1600E+02
 18.838  0.0000E+00  0.1600E+02
 18.839  0.0000E+00  0.1600E+02
 18.840  0.0000E+00  0.1600E+02
 18.841  0.0000E+00  0.1600E+02
 18.842  0.0000E+00  0.1600E+02
 18.843  0.0000E+00  0.1600E+02
 18.844  0.0000E+00  0.1600E+02
 18.845  0.0000E+00  0.1600E+02
 18.846  0.0000E+00  0.1600E+02
 18.847  0.0000E+00  0.1600E+02
 18.848  0.0000E+00  0.1600E+02
 18.849  0.0000E+00  0.1600E+02
 18.850  0.0000E+00  0.1600E+02
 18.851  0.0000E+00  0.1600E+02
 18.852  0.0000E+00  0.1600E+02
 18.853  0.0000E+00  0.1600E+02
 18.854  0.0000E+00  0.1600E+02
 18.855  0.0000E+00  0.1600E+02
 18.856  0.0000E+00  0.1600E+02
 18.857  0.0000E+00  0.1600E+02
 18.858  0.0000E+00  0.1600E+02
 18.859  0.0000E+00  0.1600E+02
 18.860  0.0000E+00  0.1600E+02
 18.861  0.0000E+00  0.1600E+02
 18.862  0.0000E+00  0.1600E+02
 18.863  0.0000E+00  0.1600E+02
 18.864  0.0000E+00  0.1600E+02
 18.865  0.0000E+00  0.1600E+02
 18.866  0.0000E+00  0.1600E+02
 18.867  0.0000E+00  0.1600E+02
 18.868  0.0000E+00  0.1600E+02
 18.869  0.0000E+00  0.1600E+02
 18.870  0.0000E+00  0.1600E+02
 18.871  0.0000E+00  0.1600E+02
 18.872  0.0000E+00  0.1600E+02
 18.873  0.0000E+00  0.1600E+02
 18.874  0.0000E+00  0.1600E+02
 18.875  0.0000E+00  0.1600E+02
 18.876  0.0000E+00  0.1600E+02
 18.877  0.0000E+00  0.1600E+02
 18.878  0.0000E+00  0.1600E+02
 18.879  0.0000E+00  0.1600E+02
 18.880  0.0000E+00  0.1600E+02
 18.881  0.0000E+00  0.1600E+02
 18.882  0.0000E+00  0.1600E+02
 18.883  0.0000E+00  0.1600E+02
 18.884  0.0000E+00  0.1600E+02
 18.885  0.0000E+00  0.1600E+02
 18.886  0.0000E+00  0.1600E+02
 18.887  0.0000E+00  0.1600E+02
 18.888  0.0000E+00  0.1600E+02
 18.889  0.0000E+00  0.1600E+02
 18.890  0.0000E+00  0.1600E+02
 18.891  0.0000E+00  0.1600E+02
 18.892  0.0000E+00  0.1600E+02
 18.893  0.0000E+00  0.1600E+02
 18.894  0.0000E+00  0.1600E+02
 18.895  0.0000E+00  0.1600E+02
 18.896  0.0000E+00  0.1600E+02
 18.897  0.0000E+00  0.1600E+02
 18.898  0.0000E+00  0.1600E+02
 18.899  0.0000E+00  0.1600E+02
 18.900  0.0000E+00  0.1600E+02
 18.901  0.0000E+00  0.1600E+02
 18.902  0.0000E+00  0.1600E+02
 18.903  0.0000E+00  0.1600E+02
 18.904  0.0000E+00  0.1600E+02
 18.905  0.0000E+00  0.1600E+02
 18.906  0.0000E+00  0.1600E+02
 18.907  0.0000E+00  0.1600E+02
 18.908  0.0000E+00  0.1600E+02
 18.909  0.0000E+00  0.1600E+02
 18.910  0.0000E+00  0.1600E+02
 18.911  0.0000E+00  0.1600E+02
 18.912  0.0000E+00  0.1600E+02
 18.913  0.0000E+00  0.1600E+02
 18.914  0.0000E+00  0.1600E+02
 18.915  0.0000E+00  0.1600E+02
 18.916  0.0000E+00  0.1600E+02
 18.917  0.0000E+00  0.1600E+02
 18.918  0.0000E+00  0.1600E+02
 18.919  0.0000E+00  0.1600E+02
 18.920  0.0000E+00  0.1600E+02
 18.921  0.0000E+00  0.1600E+02
 18.922  0.0000E+00  0.1600E+02
 18.923  0.0000E+00  0.1600E+02
 18.924  0.0000E+00  0.1600E+02
 18.925  0.0000E+00  0.1600E+02
 18.926  0.0000E+00  0.1600E+02
 18.927  0.0000E+00  0.1600E+02
 18.928  0.0000E+00  0.1600E+02
 18.929  0.0000E+00  0.1600E+02
 18.930  0.0000E+00  0.1600E+02
 18.931  0.0000E+00  0.1600E+02
 18.932  0.0000E+00  0.1600E+02
 18.933  0.0000E+00  0.1600E+02
 18.934  0.0000E+00  0.1600E+02
 18.935  0.0000E+00  0.1600E+02
 18.936  0.0000E+00  0.1600E+02
 18.937  0.0000E+00  0.1600E+02
 18.938  0.0000E+00  0.1600E+02
 18.939  0.0000E+00  0.1600E+02
 18.940  0.0000E+00  0.1600E+02
 18.941  0.0000E+00  0.1600E+02
 18.942  0.0000E+00  0.1600E+02
 18.943  0.0000E+00  0.1600E+02
 18.944  0.0000E+00  0.1600E+02
 18.945  0.0000E+00  0.1600E+02
 18.946  0.0000E+00  0.1600E+02
 18.947  0.0000E+00  0.1600E+02
 18.948  0.0000E+00  0.1600E+02
 18.949  0.0000E+00  0.1600E+02
 18.950  0.0000E+00  0.1600E+02
 18.951  0.0000E+00  0.1600E+02
 18.952  0.0000E+00  0.1600E+02
 18.953  0.0000E+00  0.1600E+02
 18.954  0.0000E+00  0.1600E+02
 18.955  0.0000E+00  0.1600E+02
 18.956  0.0000E+00  0.1600E+02
 18.957  0.0000E+00  0.1600E+02
 18.958  0.0000E+00  0.1600E+02
 18.959  0.0000E+00  0.1600E+02
 18.960  0.0000E+00  0.1600E+02
 18.961  0.0000E+00  0.1600E+02
 18.962  0.0000E+00  0.1600E+02
 18.963  0.0000E+00  0.1600E+02
 18.964  0.0000E+00  0.1600E+02
 18.965  0.0000E+00  0.1600E+02
 18.966  0.0000E+00  0.1600E+02
 18.967  0.0000E+00  0.1600E+02
 18.968  0.0000E+00  0.1600E+02
 18.969  0.0000E+00  0.1600E+02
 18.970  0.0000E+00  0.1600E+02
 18.971  0.0000E+00  0.1600E+02
 18.972  0.0000E+00  0.1600E+02
 18.973  0.0000E+00  0.1600E+02
 18.974  0.0000E+00  0.1600E+02
 18.975  0.0000E+00  0.1600E+02
 18.976  0.0000E+00  0.1600E+02
 18.977  0.0000E+00  0.1600E+02
 18.978  0.0000E+00  0.1600E+02
 18.979  0.0000E+00  0.1600E+02
 18.980  0.0000E+00  0.1600E+02
 18.981  0.0000E+00  0.1600E+02
 18.982  0.0000E+00  0.1600E+02
 18.983  0.0000E+00  0.1600E+02
 18.984  0.0000E+00  0.1600E+02
 18.985  0.0000E+00  0.1600E+02
 18.986  0.0000E+00  0.1600E+02
 18.987  0.0000E+00  0.1600E+02
 18.988  0.0000E+00  0.1600E+02
 18.989  0.0000E+00  0.1600E+02
 18.990  0.0000E+00  0.1600E+02
 18.991  0.0000E+00  0.1600E+02
 18.992  0.0000E+00  0.1600E+02
 18.993  0.0000E+00  0.1600E+02
 18.994  0.0000E+00  0.1600E+02
 18.995  0.0000E+00  0.1600E+02
 18.996  0.0000E+00  0.1600E+02
 18.997  0.0000E+00  0.1600E+02
 18.998  0.0000E+00  0.1600E+02
 18.999  0.0000E+00  0.1600E+02
 19.000  0.0000E+00  0.1600E+02
 19.001  0.0000E+00  0.1600E+02
 19.002  0.0000E+00  0.1600E+02
 19.003  0.0000E+00  0.1600E+02
 19.004  0.0000E+00  0.1600E+02
 19.005  0.0000E+00  0.1600E+02
 19.006  0.0000E+00  0.1600E+02
 19.007  0.0000E+00  0.1600E+02
 19.008  0.0000E+00  0.1600E+02
 19.009  0.0000E+00  0.1600E+02
 19.010  0.0000E+00  0.1600E+02
 19.011  0.0000E+00  0.1600E+02
 19.012  0.0000E+00  0.1600E+02
 19.013  0.0000E+00  0.1600E+02
 19.014  0.0000E+00  0.1600E+02
 19.015  0.0000E+00  0.1600E+02
 19.016  0.0000E+00  0.1600E+02
 19.017  0.0000E+00  0.1600E+02
 19.018  0.0000E+00  0.1600E+02
 19.019  0.0000E+00  0.1600E+02
 19.020  0.0000E+00  0.1600E+02
 19.021  0.0000E+00  0.1600E+02
 19.022  0.0000E+00  0.1600E+02
 19.023  0.0000E+00  0.1600E+02
 19.024  0.0000E+00  0.1600E+02
 19.025  0.0000E+00  0.1600E+02
 19.026  0.0000E+00  0.1600E+02
 19.027  0.0000E+00  0.1600E+02
 19.028  0.0000E+00  0.1600E+02
 19.029  0.0000E+00  0.1600E+02
 19.030  0.0000E+00  0.1600E+02
 19.031  0.0000E+00  0.1600E+02
 19.032  0.0000E+00  0.1600E+02
 19.033  0.0000E+00  0.1600E+02
 19.034  0.0000E+00  0.1600E+02
 19.035  0.0000E+00  0.1600E+02
 19.036  0.0000E+00  0.1600E+02
 19.037  0.0000E+00  0.1600E+02
 19.038  0.0000E+00  0.1600E+02
 19.039  0.0000E+00  0.1600E+02
 19.040  0.0000E+00  0.1600E+02
 19.041  0.0000E+00  0.1600E+02
 19.042  0.0000E+00  0.1600E+02
 19.043  0.0000E+00  0.1600E+02
 19.044  0.0000E+00  0.1600E+02
 19.045  0.0000E+00  0.1600E+02
 19.046  0.0000E+00  0.1600E+02
 19.047  0.0000E+00  0.1600E+02
 19.048  0.0000E+00  0.1600E+02
 19.049  0.0000E+00  0.1600E+02
 19.050  0.0000E+00  0.1600E+02
 19.051  0.0000E+00  0.1600E+02
 19.052  0.0000E+00  0.1600E+02
 19.053  0.0000E+00  0.1600E+02
 19.054  0.0000E+00  0.1600E+02
 19.055  0.0000E+00  0.1600E+02
 19.056  0.0000E+00  0.1600E+02
 19.057  0.0000E+00  0.1600E+02
 19.058  0.0000E+00  0.1600E+02
 19.059  0.0000E+00  0.1600E+02
 19.060  0.0000E+00  0.1600E+02
 19.061  0.0000E+00  0.1600E+02
 19.062  0.0000E+00  0.1600E+02
 19.063  0.0000E+00  0.1600E+02
 19.064  0.0000E+00  0.1600E+02
 19.065  0.0000E+00  0.1600E+02
 19.066  0.0000E+00  0.1600E+02
 19.067  0.0000E+00  0.1600E+02
 19.068  0.0000E+00  0.1600E+02
 19.069  0.0000E+00  0.1600E+02
 19.070  0.0000E+00  0.1600E+02
 19.071  0.0000E+00  0.1600E+02
 19.072  0.0000E+00  0.1600E+02
 19.073  0.0000E+00  0.1600E+02
 19.074  0.0000E+00  0.1600E+02
 19.075  0.0000E+00  0.1600E+02
 19.076  0.0000E+00  0.1600E+02
 19.077  0.0000E+00  0.1600E+02
 19.078  0.0000E+00  0.1600E+02
 19.079  0.0000E+00  0.1600E+02
 19.080  0.0000E+00  0.1600E+02
 19.081  0.0000E+00  0.1600E+02
 19.082  0.0000E+00  0.1600E+02
 19.083  0.0000E+00  0.1600E+02
 19.084  0.0000E+00  0.1600E+02
 19.085  0.0000E+00  0.1600E+02
 19.086  0.0000E+00  0.1600E+02
 19.087  0.0000E+00  0.1600E+02
 19.088  0.0000E+00  0.1600E+02
 19.089  0.0000E+00  0.1600E+02
 19.090  0.0000E+00  0.1600E+02
 19.091  0.0000E+00  0.1600E+02
 19.092  0.0000E+00  0.1600E+02
 19.093  0.0000E+00  0.1600E+02
 19.094  0.0000E+00  0.1600E+02
 19.095  0.0000E+00  0.1600E+02
 19.096  0.0000E+00  0.1600E+02
 19.097  0.0000E+00  0.1600E+02
 19.098  0.0000E+00  0.1600E+02
 19.099  0.0000E+00  0.1600E+02
 19.100  0.0000E+00  0.1600E+02
 19.101  0.0000E+00  0.1600E+02
 19.102  0.0000E+00  0.1600E+02
 19.103  0.0000E+00  0.1600E+02
 19.104  0.0000E+00  0.1600E+02
 19.105  0.0000E+00  0.1600E+02
 19.106  0.0000E+00  0.1600E+02
 19.107  0.0000E+00  0.1600E+02
 19.108  0.0000E+00  0.1600E+02
 19.109  0.0000E+00  0.1600E+02
 19.110  0.0000E+00  0.1600E+02
 19.111  0.0000E+00  0.1600E+02
 19.112  0.0000E+00  0.1600E+02
 19.113  0.0000E+00  0.1600E+02
 19.114  0.0000E+00  0.1600E+02
 19.115  0.0000E+00  0.1600E+02
 19.116  0.0000E+00  0.1600E+02
 19.117  0.0000E+00  0.1600E+02
 19.118  0.0000E+00  0.1600E+02
 19.119  0.0000E+00  0.1600E+02
 19.120  0.0000E+00  0.1600E+02
 19.121  0.0000E+00  0.1600E+02
 19.122  0.0000E+00  0.1600E+02
 19.123  0.0000E+00  0.1600E+02
 19.124  0.0000E+00  0.1600E+02
 19.125  0.0000E+00  0.1600E+02
 19.126  0.0000E+00  0.1600E+02
 19.127  0.0000E+00  0.1600E+02
 19.128  0.0000E+00  0.1600E+02
 19.129  0.0000E+00  0.1600E+02
 19.130  0.0000E+00  0.1600E+02
 19.131  0.0000E+00  0.1600E+02
 19.132  0.0000E+00  0.1600E+02
 19.133  0.0000E+00  0.1600E+02
 19.134  0.0000E+00  0.1600E+02
 19.135  0.0000E+00  0.1600E+02
 19.136  0.0000E+00  0.1600E+02
 19.137  0.0000E+00  0.1600E+02
 19.138  0.0000E+00  0.1600E+02
 19.139  0.0000E+00  0.1600E+02
 19.140  0.0000E+00  0.1600E+02
 19.141  0.0000E+00  0.1600E+02
 19.142  0.0000E+00  0.1600E+02
 19.143  0.0000E+00  0.1600E+02
 19.144  0.0000E+00  0.1600E+02
 19.145  0.0000E+00  0.1600E+02
 19.146  0.0000E+00  0.1600E+02
 19.147  0.0000E+00  0.1600E+02
 19.148  0.0000E+00  0.1600E+02
 19.149  0.0000E+00  0.1600E+02
 19.150  0.0000E+00  0.1600E+02
 19.151  0.0000E+00  0.1600E+02
 19.152  0.0000E+00  0.1600E+02
 19.153  0.0000E+00  0.1600E+02
 19.154  0.0000E+00  0.1600E+02
 19.155  0.0000E+00  0.1600E+02
 19.156  0.0000E+00  0.1600E+02
 19.157  0.0000E+00  0.1600E+02
 19.158  0.0000E+00  0.1600E+02
 19.159  0.0000E+00  0.1600E+02
 19.160  0.0000E+00  0.1600E+02
 19.161  0.0000E+00  0.1600E+02
 19.162  0.0000E+00  0.1600E+02
 19.163  0.0000E+00  0.1600E+02
 19.164  0.0000E+00  0.1600E+02
 19.165  0.0000E+00  0.1600E+02
 19.166  0.0000E+00  0.1600E+02
 19.167  0.0000E+00  0.1600E+02
 19.168  0.0000E+00  0.1600E+02
 19.169  0.0000E+00  0.1600E+02
 19.170  0.0000E+00  0.1600E+02
 19.171  0.0000E+00  0.1600E+02
 19.172  0.0000E+00  0.1600E+02
 19.173  0.0000E+00  0.1600E+02
 19.174  0.0000E+00  0.1600E+02
 19.175  0.0000E+00  0.1600E+02
 19.176  0.0000E+00  0.1600E+02
 19.177  0.0000E+00  0.1600E+02
 19.178  0.0000E+00  0.1600E+02
 19.179  0.0000E+00  0.1600E+02
 19.180  0.0000E+00  0.1600E+02
 19.181  0.0000E+00  0.1600E+02
 19.182  0.0000E+00  0.1600E+02
 19.183  0.0000E+00  0.1600E+02
 19.184  0.0000E+00  0.1600E+02
 19.185  0.0000E+00  0.1600E+02
 19.186  0.0000E+00  0.1600E+02
 19.187  0.0000E+00  0.1600E+02
 19.188  0.0000E+00  0.1600E+02
 19.189  0.0000E+00  0.1600E+02
 19.190  0.0000E+00  0.1600E+02
 19.191  0.0000E+00  0.1600E+02
 19.192  0.0000E+00  0.1600E+02
 19.193  0.0000E+00  0.1600E+02
 19.194  0.0000E+00  0.1600E+02
 19.195  0.0000E+00  0.1600E+02
 19.196  0.0000E+00  0.1600E+02
 19.197  0.0000E+00  0.1600E+02
 19.198  0.0000E+00  0.1600E+02
 19.199  0.0000E+00  0.1600E+02
 19.200  0.0000E+00  0.1600E+02
 19.201  0.0000E+00  0.1600E+02
 19.202  0.0000E+00  0.1600E+02
 19.203  0.0000E+00  0.1600E+02
 19.204  0.0000E+00  0.1600E+02
 19.205  0.0000E+00  0.1600E+02
 19.206  0.0000E+00  0.1600E+02
 19.207  0.0000E+00  0.1600E+02
 19.208  0.0000E+00  0.1600E+02
 19.209  0.0000E+00  0.1600E+02
 19.210  0.0000E+00  0.1600E+02
 19.211  0.0000E+00  0.1600E+02
 19.212  0.0000E+00  0.1600E+02
 19.213  0.0000E+00  0.1600E+02
 19.214  0.0000E+00  0.1600E+02
 19.215  0.0000E+00  0.1600E+02
 19.216  0.0000E+00  0.1600E+02
 19.217  0.0000E+00  0.1600E+02
 19.218  0.0000E+00  0.1600E+02
 19.219  0.0000E+00  0.1600E+02
 19.220  0.0000E+00  0.1600E+02
 19.221  0.0000E+00  0.1600E+02
 19.222  0.0000E+00  0.1600E+02
 19.223  0.0000E+00  0.1600E+02
 19.224  0.0000E+00  0.1600E+02
 19.225  0.0000E+00  0.1600E+02
 19.226  0.0000E+00  0.1600E+02
 19.227  0.0000E+00  0.1600E+02
 19.228  0.0000E+00  0.1600E+02
 19.229  0.0000E+00  0.1600E+02
 19.230  0.0000E+00  0.1600E+02
 19.231  0.0000E+00  0.1600E+02
 19.232  0.0000E+00  0.1600E+02
 19.233  0.0000E+00  0.1600E+02
 19.234  0.0000E+00  0.1600E+02
 19.235  0.0000E+00  0.1600E+02
 19.236  0.0000E+00  0.1600E+02
 19.237  0.0000E+00  0.1600E+02
 19.238  0.0000E+00  0.1600E+02
 19.239  0.0000E+00  0.1600E+02
 19.240  0.0000E+00  0.1600E+02
 19.241  0.0000E+00  0.1600E+02
 19.242  0.0000E+00  0.1600E+02
 19.243  0.0000E+00  0.1600E+02
 19.244  0.0000E+00  0.1600E+02
 19.245  0.0000E+00  0.1600E+02
 19.246  0.0000E+00  0.1600E+02
 19.247  0.0000E+00  0.1600E+02
 19.248  0.0000E+00  0.1600E+02
 19.249  0.0000E+00  0.1600E+02
 19.250  0.0000E+00  0.1600E+02
 19.251  0.0000E+00  0.1600E+02
 19.252  0.0000E+00  0.1600E+02
 19.253  0.0000E+00  0.1600E+02
 19.254  0.0000E+00  0.1600E+02
 19.255  0.0000E+00  0.1600E+02
 19.256  0.0000E+00  0.1600E+02
 19.257  0.0000E+00  0.1600E+02
 19.258  0.0000E+00  0.1600E+02
 19.259  0.0000E+00  0.1600E+02
 19.260  0.0000E+00  0.1600E+02
 19.261  0.0000E+00  0.1600E+02
 19.262  0.0000E+00  0.1600E+02
 19.263  0.0000E+00  0.1600E+02
 19.264  0.0000E+00  0.1600E+02
 19.265  0.0000E+00  0.1600E+02
 19.266  0.0000E+00  0.1600E+02
 19.267  0.0000E+00  0.1600E+02
 19.268  0.0000E+00  0.1600E+02
 19.269  0.0000E+00  0.1600E+02
 19.270  0.0000E+00  0.1600E+02
 19.271  0.0000E+00  0.1600E+02
 19.272  0.0000E+00  0.1600E+02
 19.273  0.0000E+00  0.1600E+02
 19.274  0.0000E+00  0.1600E+02
 19.275  0.0000E+00  0.1600E+02
 19.276  0.0000E+00  0.1600E+02
 19.277  0.0000E+00  0.1600E+02
 19.278  0.0000E+00  0.1600E+02
 19.279  0.0000E+00  0.1600E+02
 19.280  0.0000E+00  0.1600E+02
 19.281  0.0000E+00  0.1600E+02
 19.282  0.0000E+00  0.1600E+02
 19.283  0.0000E+00  0.1600E+02
 19.284  0.0000E+00  0.1600E+02
 19.285  0.0000E+00  0.1600E+02
 19.286  0.0000E+00  0.1600E+02
 19.287  0.0000E+00  0.1600E+02
 19.288  0.0000E+00  0.1600E+02
 19.289  0.0000E+00  0.1600E+02
 19.290  0.0000E+00  0.1600E+02
 19.291  0.0000E+00  0.1600E+02
 19.292  0.0000E+00  0.1600E+02
 19.293  0.0000E+00  0.1600E+02
 19.294  0.0000E+00  0.1600E+02
 19.295  0.0000E+00  0.1600E+02
 19.296  0.0000E+00  0.1600E+02
 19.297  0.0000E+00  0.1600E+02
 19.298  0.0000E+00  0.1600E+02
 19.299  0.0000E+00  0.1600E+02
 19.300  0.0000E+00  0.1600E+02
 19.301  0.0000E+00  0.1600E+02
 19.302  0.0000E+00  0.1600E+02
 19.303  0.0000E+00  0.1600E+02
 19.304  0.0000E+00  0.1600E+02
 19.305  0.0000E+00  0.1600E+02
 19.306  0.0000E+00  0.1600E+02
 19.307  0.0000E+00  0.1600E+02
 19.308  0.0000E+00  0.1600E+02
 19.309  0.0000E+00  0.1600E+02
 19.310  0.0000E+00  0.1600E+02
 19.311  0.0000E+00  0.1600E+02
 19.312  0.0000E+00  0.1600E+02
 19.313  0.0000E+00  0.1600E+02
 19.314  0.0000E+00  0.1600E+02
 19.315  0.0000E+00  0.1600E+02
 19.316  0.0000E+00  0.1600E+02
 19.317  0.0000E+00  0.1600E+02
 19.318  0.0000E+00  0.1600E+02
 19.319  0.0000E+00  0.1600E+02
 19.320  0.0000E+00  0.1600E+02
 19.321  0.0000E+00  0.1600E+02
 19.322  0.0000E+00  0.1600E+02
 19.323  0.0000E+00  0.1600E+02
 19.324  0.0000E+00  0.1600E+02
 19.325  0.0000E+00  0.1600E+02
 19.326  0.0000E+00  0.1600E+02
 19.327  0.0000E+00  0.1600E+02
 19.328  0.0000E+00  0.1600E+02
 19.329  0.0000E+00  0.1600E+02
 19.330  0.0000E+00  0.1600E+02
 19.331  0.0000E+00  0.1600E+02
 19.332  0.0000E+00  0.1600E+02
 19.333  0.0000E+00  0.1600E+02
 19.334  0.0000E+00  0.1600E+02
 19.335  0.0000E+00  0.1600E+02
 19.336  0.0000E+00  0.1600E+02
 19.337  0.0000E+00  0.1600E+02
 19.338  0.0000E+00  0.1600E+02
 19.339  0.0000E+00  0.1600E+02
 19.340  0.0000E+00  0.1600E+02
 19.341  0.0000E+00  0.1600E+02
 19.342  0.0000E+00  0.1600E+02
 19.343  0.0000E+00  0.1600E+02
 19.344  0.0000E+00  0.1600E+02
 19.345  0.0000E+00  0.1600E+02
 19.346  0.0000E+00  0.1600E+02
 19.347  0.0000E+00  0.1600E+02
 19.348  0.0000E+00  0.1600E+02
 19.349  0.0000E+00  0.1600E+02
 19.350  0.0000E+00  0.1600E+02
 19.351  0.0000E+00  0.1600E+02
 19.352  0.0000E+00  0.1600E+02
 19.353  0.0000E+00  0.1600E+02
 19.354  0.0000E+00  0.1600E+02
 19.355  0.0000E+00  0.1600E+02
 19.356  0.0000E+00  0.1600E+02
 19.357  0.0000E+00  0.1600E+02
 19.358  0.0000E+00  0.1600E+02
 19.359  0.0000E+00  0.1600E+02
 19.360  0.0000E+00  0.1600E+02
 19.361  0.0000E+00  0.1600E+02
 19.362  0.0000E+00  0.1600E+02
 19.363  0.0000E+00  0.1600E+02
 19.364  0.0000E+00  0.1600E+02
 19.365  0.0000E+00  0.1600E+02
 19.366  0.0000E+00  0.1600E+02
 19.367  0.0000E+00  0.1600E+02
 19.368  0.0000E+00  0.1600E+02
 19.369  0.0000E+00  0.1600E+02
 19.370  0.0000E+00  0.1600E+02
 19.371  0.0000E+00  0.1600E+02
 19.372  0.0000E+00  0.1600E+02
 19.373  0.0000E+00  0.1600E+02
 19.374  0.0000E+00  0.1600E+02
 19.375  0.0000E+00  0.1600E+02
 19.376  0.0000E+00  0.1600E+02
 19.377  0.0000E+00  0.1600E+02
 19.378  0.0000E+00  0.1600E+02
 19.379  0.0000E+00  0.1600E+02
 19.380  0.0000E+00  0.1600E+02
 19.381  0.0000E+00  0.1600E+02
 19.382  0.0000E+00  0.1600E+02
 19.383  0.0000E+00  0.1600E+02
 19.384  0.0000E+00  0.1600E+02
 19.385  0.0000E+00  0.1600E+02
 19.386  0.0000E+00  0.1600E+02
 19.387  0.0000E+00  0.1600E+02
 19.388  0.0000E+00  0.1600E+02
 19.389  0.0000E+00  0.1600E+02
 19.390  0.0000E+00  0.1600E+02
 19.391  0.0000E+00  0.1600E+02
 19.392  0.0000E+00  0.1600E+02
 19.393  0.0000E+00  0.1600E+02
 19.394  0.0000E+00  0.1600E+02
 19.395  0.0000E+00  0.1600E+02
 19.396  0.0000E+00  0.1600E+02
 19.397  0.0000E+00  0.1600E+02
 19.398  0.0000E+00  0.1600E+02
 19.399  0.0000E+00  0.1600E+02
 19.400  0.0000E+00  0.1600E+02
 19.401  0.0000E+00  0.1600E+02
 19.402  0.0000E+00  0.1600E+02
 19.403  0.0000E+00  0.1600E+02
 19.404  0.0000E+00  0.1600E+02
 19.405  0.0000E+00  0.1600E+02
 19.406  0.0000E+00  0.1600E+02
 19.407  0.0000E+00  0.1600E+02
 19.408  0.0000E+00  0.1600E+02
 19.409  0.0000E+00  0.1600E+02
 19.410  0.0000E+00  0.1600E+02
 19.411  0.0000E+00  0.1600E+02
 19.412  0.0000E+00  0.1600E+02
 19.413  0.0000E+00  0.1600E+02
 19.414  0.0000E+00  0.1600E+02
 19.415  0.0000E+00  0.1600E+02
 19.416  0.0000E+00  0.1600E+02
 19.417  0.0000E+00  0.1600E+02
 19.418  0.0000E+00  0.1600E+02
 19.419  0.0000E+00  0.1600E+02
 19.420  0.0000E+00  0.1600E+02
 19.421  0.0000E+00  0.1600E+02
 19.422  0.0000E+00  0.1600E+02
 19.423  0.0000E+00  0.1600E+02
 19.424  0.0000E+00  0.1600E+02
 19.425  0.0000E+00  0.1600E+02
 19.426  0.0000E+00  0.1600E+02
 19.427  0.0000E+00  0.1600E+02
 19.428  0.0000E+00  0.1600E+02
 19.429  0.0000E+00  0.1600E+02
 19.430  0.0000E+00  0.1600E+02
 19.431  0.0000E+00  0.1600E+02
 19.432  0.0000E+00  0.1600E+02
 19.433  0.0000E+00  0.1600E+02
 19.434  0.0000E+00  0.1600E+02
 19.435  0.0000E+00  0.1600E+02
 19.436  0.0000E+00  0.1600E+02
 19.437  0.0000E+00  0.1600E+02
 19.438  0.0000E+00  0.1600E+02
 19.439  0.0000E+00  0.1600E+02
 19.440  0.0000E+00  0.1600E+02
 19.441  0.0000E+00  0.1600E+02
 19.442  0.0000E+00  0.1600E+02
 19.443  0.0000E+00  0.1600E+02
 19.444  0.0000E+00  0.1600E+02
 19.445  0.0000E+00  0.1600E+02
 19.446  0.0000E+00  0.1600E+02
 19.447  0.0000E+00  0.1600E+02
 19.448  0.0000E+00  0.1600E+02
 19.449  0.0000E+00  0.1600E+02
 19.450  0.0000E+00  0.1600E+02
 19.451  0.0000E+00  0.1600E+02
 19.452  0.0000E+00  0.1600E+02
 19.453  0.0000E+00  0.1600E+02
 19.454  0.0000E+00  0.1600E+02
 19.455  0.0000E+00  0.1600E+02
 19.456  0.0000E+00  0.1600E+02
 19.457  0.0000E+00  0.1600E+02
 19.458  0.0000E+00  0.1600E+02
 19.459  0.0000E+00  0.1600E+02
 19.460  0.0000E+00  0.1600E+02
 19.461  0.0000E+00  0.1600E+02
 19.462  0.0000E+00  0.1600E+02
 19.463  0.0000E+00  0.1600E+02
 19.464  0.0000E+00  0.1600E+02
 19.465  0.0000E+00  0.1600E+02
 19.466  0.0000E+00  0.1600E+02
 19.467  0.0000E+00  0.1600E+02
 19.468  0.0000E+00  0.1600E+02
 19.469  0.0000E+00  0.1600E+02
 19.470  0.0000E+00  0.1600E+02
 19.471  0.0000E+00  0.1600E+02
 19.472  0.0000E+00  0.1600E+02
 19.473  0.0000E+00  0.1600E+02
 19.474  0.0000E+00  0.1600E+02
 19.475  0.0000E+00  0.1600E+02
 19.476  0.0000E+00  0.1600E+02
 19.477  0.0000E+00  0.1600E+02
 19.478  0.0000E+00  0.1600E+02
 19.479  0.0000E+00  0.1600E+02
 19.480  0.0000E+00  0.1600E+02
 19.481  0.0000E+00  0.1600E+02
 19.482  0.0000E+00  0.1600E+02
 19.483  0.0000E+00  0.1600E+02
 19.484  0.0000E+00  0.1600E+02
 19.485  0.0000E+00  0.1600E+02
 19.486  0.0000E+00  0.1600E+02
 19.487  0.0000E+00  0.1600E+02
 19.488  0.0000E+00  0.1600E+02
 19.489  0.0000E+00  0.1600E+02
 19.490  0.0000E+00  0.1600E+02
 19.491  0.0000E+00  0.1600E+02
 19.492  0.0000E+00  0.1600E+02
 19.493  0.0000E+00  0.1600E+02
 19.494  0.0000E+00  0.1600E+02
 19.495  0.0000E+00  0.1600E+02
 19.496  0.0000E+00  0.1600E+02
 19.497  0.0000E+00  0.1600E+02
 19.498  0.0000E+00  0.1600E+02
 19.499  0.0000E+00  0.1600E+02
 19.500  0.0000E+00  0.1600E+02
 19.501  0.0000E+00  0.1600E+02
 19.502  0.0000E+00  0.1600E+02
 19.503  0.0000E+00  0.1600E+02
 19.504  0.0000E+00  0.1600E+02
 19.505  0.0000E+00  0.1600E+02
 19.506  0.0000E+00  0.1600E+02
 19.507  0.0000E+00  0.1600E+02
 19.508  0.0000E+00  0.1600E+02
 19.509  0.0000E+00  0.1600E+02
 19.510  0.0000E+00  0.1600E+02
 19.511  0.0000E+00  0.1600E+02
 19.512  0.0000E+00  0.1600E+02
 19.513  0.0000E+00  0.1600E+02
 19.514  0.0000E+00  0.1600E+02
 19.515  0.0000E+00  0.1600E+02
 19.516  0.0000E+00  0.1600E+02
 19.517  0.0000E+00  0.1600E+02
 19.518  0.0000E+00  0.1600E+02
 19.519  0.0000E+00  0.1600E+02
 19.520  0.0000E+00  0.1600E+02
 19.521  0.0000E+00  0.1600E+02
 19.522  0.0000E+00  0.1600E+02
 19.523  0.0000E+00  0.1600E+02
 19.524  0.0000E+00  0.1600E+02
 19.525  0.0000E+00  0.1600E+02
 19.526  0.0000E+00  0.1600E+02
 19.527  0.0000E+00  0.1600E+02
 19.528  0.0000E+00  0.1600E+02
 19.529  0.0000E+00  0.1600E+02
 19.530  0.0000E+00  0.1600E+02
 19.531  0.0000E+00  0.1600E+02
 19.532  0.0000E+00  0.1600E+02
 19.533  0.0000E+00  0.1600E+02
 19.534  0.0000E+00  0.1600E+02
 19.535  0.0000E+00  0.1600E+02
 19.536  0.0000E+00  0.1600E+02
 19.537  0.0000E+00  0.1600E+02
 19.538  0.0000E+00  0.1600E+02
 19.539  0.0000E+00  0.1600E+02
 19.540  0.0000E+00  0.1600E+02
 19.541  0.0000E+00  0.1600E+02
 19.542  0.0000E+00  0.1600E+02
 19.543  0.0000E+00  0.1600E+02
 19.544  0.0000E+00  0.1600E+02
 19.545  0.0000E+00  0.1600E+02
 19.546  0.0000E+00  0.1600E+02
 19.547  0.0000E+00  0.1600E+02
 19.548  0.0000E+00  0.1600E+02
 19.549  0.0000E+00  0.1600E+02
 19.550  0.0000E+00  0.1600E+02
 19.551  0.0000E+00  0.1600E+02
 19.552  0.0000E+00  0.1600E+02
 19.553  0.0000E+00  0.1600E+02
 19.554  0.0000E+00  0.1600E+02
 19.555  0.0000E+00  0.1600E+02
 19.556  0.0000E+00  0.1600E+02
 19.557  0.0000E+00  0.1600E+02
 19.558  0.0000E+00  0.1600E+02
 19.559  0.0000E+00  0.1600E+02
 19.560  0.0000E+00  0.1600E+02
 19.561  0.0000E+00  0.1600E+02
 19.562  0.0000E+00  0.1600E+02
 19.563  0.0000E+00  0.1600E+02
 19.564  0.0000E+00  0.1600E+02
 19.565  0.0000E+00  0.1600E+02
 19.566  0.0000E+00  0.1600E+02
 19.567  0.0000E+00  0.1600E+02
 19.568  0.0000E+00  0.1600E+02
 19.569  0.0000E+00  0.1600E+02
 19.570  0.0000E+00  0.1600E+02
 19.571  0.0000E+00  0.1600E+02
 19.572  0.0000E+00  0.1600E+02
 19.573  0.0000E+00  0.1600E+02
 19.574  0.0000E+00  0.1600E+02
 19.575  0.0000E+00  0.1600E+02
 19.576  0.0000E+00  0.1600E+02
 19.577  0.0000E+00  0.1600E+02
 19.578  0.0000E+00  0.1600E+02
 19.579  0.0000E+00  0.1600E+02
 19.580  0.0000E+00  0.1600E+02
 19.581  0.0000E+00  0.1600E+02
 19.582  0.0000E+00  0.1600E+02
 19.583  0.0000E+00  0.1600E+02
 19.584  0.0000E+00  0.1600E+02
 19.585  0.0000E+00  0.1600E+02
 19.586  0.0000E+00  0.1600E+02
 19.587  0.0000E+00  0.1600E+02
 19.588  0.0000E+00  0.1600E+02
 19.589  0.0000E+00  0.1600E+02
 19.590  0.0000E+00  0.1600E+02
 19.591  0.0000E+00  0.1600E+02
 19.592  0.0000E+00  0.1600E+02
 19.593  0.0000E+00  0.1600E+02
 19.594  0.0000E+00  0.1600E+02
 19.595  0.0000E+00  0.1600E+02
 19.596  0.0000E+00  0.1600E+02
 19.597  0.0000E+00  0.1600E+02
 19.598  0.0000E+00  0.1600E+02
 19.599  0.0000E+00  0.1600E+02
 19.600  0.0000E+00  0.1600E+02
 19.601  0.0000E+00  0.1600E+02
 19.602  0.0000E+00  0.1600E+02
 19.603  0.0000E+00  0.1600E+02
 19.604  0.0000E+00  0.1600E+02
 19.605  0.0000E+00  0.1600E+02
 19.606  0.0000E+00  0.1600E+02
 19.607  0.0000E+00  0.1600E+02
 19.608  0.0000E+00  0.1600E+02
 19.609  0.0000E+00  0.1600E+02
 19.610  0.0000E+00  0.1600E+02
 19.611  0.0000E+00  0.1600E+02
 19.612  0.0000E+00  0.1600E+02
 19.613  0.0000E+00  0.1600E+02
 19.614  0.0000E+00  0.1600E+02
 19.615  0.0000E+00  0.1600E+02
 19.616  0.0000E+00  0.1600E+02
 19.617  0.0000E+00  0.1600E+02
 19.618  0.0000E+00  0.1600E+02
 19.619  0.0000E+00  0.1600E+02
 19.620  0.0000E+00  0.1600E+02
 19.621  0.0000E+00  0.1600E+02
 19.622  0.0000E+00  0.1600E+02
 19.623  0.0000E+00  0.1600E+02
 19.624  0.0000E+00  0.1600E+02
 19.625  0.0000E+00  0.1600E+02
 19.626  0.0000E+00  0.1600E+02
 19.627  0.0000E+00  0.1600E+02
 19.628  0.0000E+00  0.1600E+02
 19.629  0.0000E+00  0.1600E+02
 19.630  0.0000E+00  0.1600E+02
 19.631  0.0000E+00  0.1600E+02
 19.632  0.0000E+00  0.1600E+02
 19.633  0.0000E+00  0.1600E+02
 19.634  0.0000E+00  0.1600E+02
 19.635  0.0000E+00  0.1600E+02
 19.636  0.0000E+00  0.1600E+02
 19.637  0.0000E+00  0.1600E+02
 19.638  0.0000E+00  0.1600E+02
 19.639  0.0000E+00  0.1600E+02
 19.640  0.0000E+00  0.1600E+02
 19.641  0.0000E+00  0.1600E+02
 19.642  0.0000E+00  0.1600E+02
 19.643  0.0000E+00  0.1600E+02
 19.644  0.0000E+00  0.1600E+02
 19.645  0.0000E+00  0.1600E+02
 19.646  0.0000E+00  0.1600E+02
 19.647  0.0000E+00  0.1600E+02
 19.648  0.0000E+00  0.1600E+02
 19.649  0.0000E+00  0.1600E+02
 19.650  0.0000E+00  0.1600E+02
 19.651  0.0000E+00  0.1600E+02
 19.652  0.0000E+00  0.1600E+02
 19.653  0.0000E+00  0.1600E+02
 19.654  0.0000E+00  0.1600E+02
 19.655  0.0000E+00  0.1600E+02
 19.656  0.0000E+00  0.1600E+02
 19.657  0.0000E+00  0.1600E+02
 19.658  0.0000E+00  0.1600E+02
 19.659  0.0000E+00  0.1600E+02
 19.660  0.0000E+00  0.1600E+02
 19.661  0.0000E+00  0.1600E+02
 19.662  0.0000E+00  0.1600E+02
 19.663  0.0000E+00  0.1600E+02
 19.664  0.0000E+00  0.1600E+02
 19.665  0.0000E+00  0.1600E+02
 19.666  0.0000E+00  0.1600E+02
 19.667  0.0000E+00  0.1600E+02
 19.668  0.0000E+00  0.1600E+02
 19.669  0.0000E+00  0.1600E+02
 19.670  0.0000E+00  0.1600E+02
 19.671  0.0000E+00  0.1600E+02
 19.672  0.0000E+00  0.1600E+02
 19.673  0.0000E+00  0.1600E+02
 19.674  0.0000E+00  0.1600E+02
 19.675  0.0000E+00  0.1600E+02
 19.676  0.0000E+00  0.1600E+02
 19.677  0.0000E+00  0.1600E+02
 19.678  0.0000E+00  0.1600E+02
 19.679  0.0000E+00  0.1600E+02
 19.680  0.0000E+00  0.1600E+02
 19.681  0.0000E+00  0.1600E+02
 19.682  0.0000E+00  0.1600E+02
 19.683  0.0000E+00  0.1600E+02
 19.684  0.0000E+00  0.1600E+02
 19.685  0.0000E+00  0.1600E+02
 19.686  0.0000E+00  0.1600E+02
 19.687  0.0000E+00  0.1600E+02
 19.688  0.0000E+00  0.1600E+02
 19.689  0.0000E+00  0.1600E+02
 19.690  0.0000E+00  0.1600E+02
 19.691  0.0000E+00  0.1600E+02
 19.692  0.0000E+00  0.1600E+02
 19.693  0.0000E+00  0.1600E+02
 19.694  0.0000E+00  0.1600E+02
 19.695  0.0000E+00  0.1600E+02
 19.696  0.0000E+00  0.1600E+02
 19.697  0.0000E+00  0.1600E+02
 19.698  0.0000E+00  0.1600E+02
 19.699  0.0000E+00  0.1600E+02
 19.700  0.0000E+00  0.1600E+02
 19.701  0.0000E+00  0.1600E+02
 19.702  0.0000E+00  0.1600E+02
 19.703  0.0000E+00  0.1600E+02
 19.704  0.0000E+00  0.1600E+02
 19.705  0.0000E+00  0.1600E+02
 19.706  0.0000E+00  0.1600E+02
 19.707  0.0000E+00  0.1600E+02
 19.708  0.0000E+00  0.1600E+02
 19.709  0.0000E+00  0.1600E+02
 19.710  0.0000E+00  0.1600E+02
 19.711  0.0000E+00  0.1600E+02
 19.712  0.0000E+00  0.1600E+02
 19.713  0.0000E+00  0.1600E+02
 19.714  0.0000E+00  0.1600E+02
 19.715  0.0000E+00  0.1600E+02
 19.716  0.0000E+00  0.1600E+02
 19.717  0.0000E+00  0.1600E+02
 19.718  0.0000E+00  0.1600E+02
 19.719  0.0000E+00  0.1600E+02
 19.720  0.0000E+00  0.1600E+02
 19.721  0.0000E+00  0.1600E+02
 19.722  0.0000E+00  0.1600E+02
 19.723  0.0000E+00  0.1600E+02
 19.724  0.0000E+00  0.1600E+02
 19.725  0.0000E+00  0.1600E+02
 19.726  0.0000E+00  0.1600E+02
 19.727  0.0000E+00  0.1600E+02
 19.728  0.0000E+00  0.1600E+02
 19.729  0.0000E+00  0.1600E+02
 19.730  0.0000E+00  0.1600E+02
 19.731  0.0000E+00  0.1600E+02
 19.732  0.0000E+00  0.1600E+02
 19.733  0.0000E+00  0.1600E+02
 19.734  0.0000E+00  0.1600E+02
 19.735  0.0000E+00  0.1600E+02
 19.736  0.0000E+00  0.1600E+02
 19.737  0.0000E+00  0.1600E+02
 19.738  0.0000E+00  0.1600E+02
 19.739  0.0000E+00  0.1600E+02
 19.740  0.0000E+00  0.1600E+02
 19.741  0.0000E+00  0.1600E+02
 19.742  0.0000E+00  0.1600E+02
 19.743  0.0000E+00  0.1600E+02
 19.744  0.0000E+00  0.1600E+02
 19.745  0.0000E+00  0.1600E+02
 19.746  0.0000E+00  0.1600E+02
 19.747  0.0000E+00  0.1600E+02
 19.748  0.0000E+00  0.1600E+02
 19.749  0.0000E+00  0.1600E+02
 19.750  0.0000E+00  0.1600E+02
 19.751  0.0000E+00  0.1600E+02
 19.752  0.0000E+00  0.1600E+02
 19.753  0.0000E+00  0.1600E+02
 19.754  0.0000E+00  0.1600E+02
 19.755  0.0000E+00  0.1600E+02
 19.756  0.0000E+00  0.1600E+02
 19.757  0.0000E+00  0.1600E+02
 19.758  0.0000E+00  0.1600E+02
 19.759  0.0000E+00  0.1600E+02
 19.760  0.0000E+00  0.1600E+02
 19.761  0.0000E+00  0.1600E+02
 19.762  0.0000E+00  0.1600E+02
 19.763  0.0000E+00  0.1600E+02
 19.764  0.0000E+00  0.1600E+02
 19.765  0.0000E+00  0.1600E+02
 19.766  0.0000E+00  0.1600E+02
 19.767  0.0000E+00  0.1600E+02
 19.768  0.0000E+00  0.1600E+02
 19.769  0.0000E+00  0.1600E+02
 19.770  0.0000E+00  0.1600E+02
 19.771  0.0000E+00  0.1600E+02
 19.772  0.0000E+00  0.1600E+02
 19.773  0.0000E+00  0.1600E+02
 19.774  0.0000E+00  0.1600E+02
 19.775  0.0000E+00  0.1600E+02
 19.776  0.0000E+00  0.1600E+02
 19.777  0.0000E+00  0.1600E+02
 19.778  0.0000E+00  0.1600E+02
 19.779  0.0000E+00  0.1600E+02
 19.780  0.0000E+00  0.1600E+02
 19.781  0.0000E+00  0.1600E+02
 19.782  0.0000E+00  0.1600E+02
 19.783  0.0000E+00  0.1600E+02
 19.784  0.0000E+00  0.1600E+02
 19.785  0.0000E+00  0.1600E+02
 19.786  0.0000E+00  0.1600E+02
 19.787  0.0000E+00  0.1600E+02
 19.788  0.0000E+00  0.1600E+02
 19.789  0.0000E+00  0.1600E+02
 19.790  0.0000E+00  0.1600E+02
 19.791  0.0000E+00  0.1600E+02
 19.792  0.0000E+00  0.1600E+02
 19.793  0.0000E+00  0.1600E+02
 19.794  0.0000E+00  0.1600E+02
 19.795  0.0000E+00  0.1600E+02
 19.796  0.0000E+00  0.1600E+02
 19.797  0.0000E+00  0.1600E+02
 19.798  0.0000E+00  0.1600E+02
 19.799  0.0000E+00  0.1600E+02
 19.800  0.0000E+00  0.1600E+02
 19.801  0.0000E+00  0.1600E+02
 19.802  0.0000E+00  0.1600E+02
 19.803  0.0000E+00  0.1600E+02
 19.804  0.0000E+00  0.1600E+02
 19.805  0.0000E+00  0.1600E+02
 19.806  0.0000E+00  0.1600E+02
 19.807  0.0000E+00  0.1600E+02
 19.808  0.0000E+00  0.1600E+02
 19.809  0.0000E+00  0.1600E+02
 19.810  0.0000E+00  0.1600E+02
 19.811  0.0000E+00  0.1600E+02
 19.812  0.0000E+00  0.1600E+02
 19.813  0.0000E+00  0.1600E+02
 19.814  0.0000E+00  0.1600E+02
 19.815  0.0000E+00  0.1600E+02
 19.816  0.0000E+00  0.1600E+02
 19.817  0.0000E+00  0.1600E+02
 19.818  0.0000E+00  0.1600E+02
 19.819  0.0000E+00  0.1600E+02
 19.820  0.0000E+00  0.1600E+02
 19.821  0.0000E+00  0.1600E+02
 19.822  0.0000E+00  0.1600E+02
 19.823  0.0000E+00  0.1600E+02
 19.824  0.0000E+00  0.1600E+02
 19.825  0.0000E+00  0.1600E+02
 19.826  0.0000E+00  0.1600E+02
 19.827  0.0000E+00  0.1600E+02
 19.828  0.0000E+00  0.1600E+02
 19.829  0.0000E+00  0.1600E+02
 19.830  0.0000E+00  0.1600E+02
 19.831  0.0000E+00  0.1600E+02
 19.832  0.0000E+00  0.1600E+02
 19.833  0.0000E+00  0.1600E+02
 19.834  0.0000E+00  0.1600E+02
 19.835  0.0000E+00  0.1600E+02
 19.836  0.0000E+00  0.1600E+02
 19.837  0.0000E+00  0.1600E+02
 19.838  0.0000E+00  0.1600E+02
 19.839  0.0000E+00  0.1600E+02
 19.840  0.0000E+00  0.1600E+02
 19.841  0.0000E+00  0.1600E+02
 19.842  0.0000E+00  0.1600E+02
 19.843  0.0000E+00  0.1600E+02
 19.844  0.0000E+00  0.1600E+02
 19.845  0.0000E+00  0.1600E+02
 19.846  0.0000E+00  0.1600E+02
 19.847  0.0000E+00  0.1600E+02
 19.848  0.0000E+00  0.1600E+02
 19.849  0.0000E+00  0.1600E+02
 19.850  0.0000E+00  0.1600E+02
 19.851  0.0000E+00  0.1600E+02
 19.852  0.0000E+00  0.1600E+02
 19.853  0.0000E+00  0.1600E+02
 19.854  0.0000E+00  0.1600E+02
 19.855  0.0000E+00  0.1600E+02
 19.856  0.0000E+00  0.1600E+02
 19.857  0.0000E+00  0.1600E+02
 19.858  0.0000E+00  0.1600E+02
 19.859  0.0000E+00  0.1600E+02
 19.860  0.0000E+00  0.1600E+02
 19.861  0.0000E+00  0.1600E+02
 19.862  0.0000E+00  0.1600E+02
 19.863  0.0000E+00  0.1600E+02
 19.864  0.0000E+00  0.1600E+02
 19.865  0.0000E+00  0.1600E+02
 19.866  0.0000E+00  0.1600E+02
 19.867  0.0000E+00  0.1600E+02
 19.868  0.0000E+00  0.1600E+02
 19.869  0.0000E+00  0.1600E+02
 19.870  0.0000E+00  0.1600E+02
 19.871  0.0000E+00  0.1600E+02
 19.872  0.0000E+00  0.1600E+02
 19.873  0.0000E+00  0.1600E+02
 19.874  0.0000E+00  0.1600E+02
 19.875  0.0000E+00  0.1600E+02
 19.876  0.0000E+00  0.1600E+02
 19.877  0.0000E+00  0.1600E+02
 19.878  0.0000E+00  0.1600E+02
 19.879  0.0000E+00  0.1600E+02
 19.880  0.0000E+00  0.1600E+02
 19.881  0.0000E+00  0.1600E+02
 19.882  0.0000E+00  0.1600E+02
 19.883  0.0000E+00  0.1600E+02
 19.884  0.0000E+00  0.1600E+02
 19.885  0.0000E+00  0.1600E+02
 19.886  0.0000E+00  0.1600E+02
 19.887  0.0000E+00  0.1600E+02
 19.888  0.0000E+00  0.1600E+02
 19.889  0.0000E+00  0.1600E+02
 19.890  0.0000E+00  0.1600E+02
 19.891  0.0000E+00  0.1600E+02
 19.892  0.0000E+00  0.1600E+02
 19.893  0.0000E+00  0.1600E+02
 19.894  0.0000E+00  0.1600E+02
 19.895  0.0000E+00  0.1600E+02
 19.896  0.0000E+00  0.1600E+02
 19.897  0.0000E+00  0.1600E+02
 19.898  0.0000E+00  0.1600E+02
 19.899  0.0000E+00  0.1600E+02
 19.900  0.0000E+00  0.1600E+02
 19.901  0.0000E+00  0.1600E+02
 19.902  0.0000E+00  0.1600E+02
 19.903  0.0000E+00  0.1600E+02
 19.904  0.0000E+00  0.1600E+02
 19.905  0.0000E+00  0.1600E+02
 19.906  0.0000E+00  0.1600E+02
 19.907  0.0000E+00  0.1600E+02
 19.908  0.0000E+00  0.1600E+02
 19.909  0.0000E+00  0.1600E+02
 19.910  0.0000E+00  0.1600E+02
 19.911  0.0000E+00  0.1600E+02
 19.912  0.0000E+00  0.1600E+02
 19.913  0.0000E+00  0.1600E+02
 19.914  0.0000E+00  0.1600E+02
 19.915  0.0000E+00  0.1600E+02
 19.916  0.0000E+00  0.1600E+02
 19.917  0.0000E+00  0.1600E+02
 19.918  0.0000E+00  0.1600E+02
 19.919  0.0000E+00  0.1600E+02
 19.920  0.0000E+00  0.1600E+02
 19.921  0.0000E+00  0.1600E+02
 19.922  0.0000E+00  0.1600E+02
 19.923  0.0000E+00  0.1600E+02
 19.924  0.0000E+00  0.1600E+02
 19.925  0.0000E+00  0.1600E+02
 19.926  0.0000E+00  0.1600E+02
 19.927  0.0000E+00  0.1600E+02
 19.928  0.0000E+00  0.1600E+02
 19.929  0.0000E+00  0.1600E+02
 19.930  0.0000E+00  0.1600E+02
 19.931  0.0000E+00  0.1600E+02
 19.932  0.0000E+00  0.1600E+02
 19.933  0.0000E+00  0.1600E+02
 19.934  0.0000E+00  0.1600E+02
 19.935  0.0000E+00  0.1600E+02
 19.936  0.0000E+00  0.1600E+02
 19.937  0.0000E+00  0.1600E+02
 19.938  0.0000E+00  0.1600E+02
 19.939  0.0000E+00  0.1600E+02
 19.940  0.0000E+00  0.1600E+02
 19.941  0.0000E+00  0.1600E+02
 19.942  0.0000E+00  0.1600E+02
 19.943  0.0000E+00  0.1600E+02
 19.944  0.0000E+00  0.1600E+02
 19.945  0.0000E+00  0.1600E+02
 19.946  0.0000E+00  0.1600E+02
 19.947  0.0000E+00  0.1600E+02
 19.948  0.0000E+00  0.1600E+02
 19.949  0.0000E+00  0.1600E+02
 19.950  0.0000E+00  0.1600E+02
 19.951  0.0000E+00  0.1600E+02
 19.952  0.0000E+00  0.1600E+02
 19.953  0.0000E+00  0.1600E+02
 19.954  0.0000E+00  0.1600E+02
 19.955  0.0000E+00  0.1600E+02
 19.956  0.0000E+00  0.1600E+02
 19.957  0.0000E+00  0.1600E+02
 19.958  0.0000E+00  0.1600E+02
 19.959  0.0000E+00  0.1600E+02
 19.960  0.0000E+00  0.1600E+02
 19.961  0.0000E+00  0.1600E+02
 19.962  0.0000E+00  0.1600E+02
 19.963  0.0000E+00  0.1600E+02
 19.964  0.0000E+00  0.1600E+02
 19.965  0.0000E+00  0.1600E+02
 19.966  0.0000E+00  0.1600E+02
 19.967  0.0000E+00  0.1600E+02
 19.968  0.0000E+00  0.1600E+02
 19.969  0.0000E+00  0.1600E+02
 19.970  0.0000E+00  0.1600E+02
 19.971  0.0000E+00  0.1600E+02
 19.972  0.0000E+00  0.1600E+02
 19.973  0.0000E+00  0.1600E+02
 19.974  0.0000E+00  0.1600E+02
 19.975  0.0000E+00  0.1600E+02
 19.976  0.0000E+00  0.1600E+02
 19.977  0.0000E+00  0.1600E+02
 19.978  0.0000E+00  0.1600E+02
 19.979  0.0000E+00  0.1600E+02
 19.980  0.0000E+00  0.1600E+02
 19.981  0.0000E+00  0.1600E+02
 19.982  0.0000E+00  0.1600E+02
 19.983  0.0000E+00  0.1600E+02
 19.984  0.0000E+00  0.1600E+02
 19.985  0.0000E+00  0.1600E+02
 19.986  0.0000E+00  0.1600E+02
 19.987  0.0000E+00  0.1600E+02
 19.988  0.0000E+00  0.1600E+02
 19.989  0.0000E+00  0.1600E+02
 19.990  0.0000E+00  0.1600E+02
 19.991  0.0000E+00  0.1600E+02
 19.992  0.0000E+00  0.1600E+02
 19.993  0.0000E+00  0.1600E+02
 19.994  0.0000E+00  0.1600E+02
 19.995  0.0000E+00  0.1600E+02
 19.996  0.0000E+00  0.1600E+02
 19.997  0.0000E+00  0.1600E+02
 19.998  0.0000E+00  0.1600E+02
 19.999  0.0000E+00  0.1600E+02
 20.000  0.0000E+00  0.1600E+02
