 -7.465382576E+000 0.000000000E+000
 -7.455382824E+000 2.597999992E-005
 -7.445382595E+000 2.163000026E-004
 -7.435382843E+000 5.914000212E-004
 -7.425382614E+000 1.151000033E-003
 -7.415382385E+000 1.896000002E-003
 -7.405382633E+000 2.825000091E-003
 -7.395382404E+000 3.938999958E-003
 -7.385382652E+000 5.237999838E-003
 -7.375382423E+000 6.721000187E-003
 -7.365382671E+000 8.390000090E-003
 -7.355382442E+000 1.023999974E-002
 -7.345382690E+000 1.228000037E-002
 -7.335382462E+000 1.449999958E-002
 -7.325382710E+000 1.690999977E-002
 -7.315382481E+000 1.950000040E-002
 -7.305382729E+000 2.228000015E-002
 -7.295382500E+000 2.524000034E-002
 -7.285382748E+000 2.838999964E-002
 -7.275382519E+000 3.172000125E-002
 -7.265382767E+000 3.522999957E-002
 -7.255382538E+000 3.892999887E-002
 -7.245382786E+000 4.281999916E-002
 -7.235382557E+000 4.689000174E-002
 -7.225382805E+000 5.113999918E-002
 -7.215382576E+000 5.500999838E-002
 -7.205382824E+000 5.318000168E-002
 -7.195382595E+000 5.172999948E-002
 -7.185382843E+000 5.065999925E-002
 -7.175382614E+000 4.997999966E-002
 -7.165382385E+000 4.967999831E-002
 -7.155382633E+000 4.975999892E-002
 -7.145382404E+000 5.023000017E-002
 -7.135382652E+000 5.107000098E-002
 -7.125382423E+000 5.217000097E-002
 -7.115382671E+000 5.327000096E-002
 -7.105382442E+000 5.438999832E-002
 -7.094382286E+000 5.550999939E-002
 -7.084382534E+000 5.665000156E-002
 -7.074382305E+000 5.779999867E-002
 -7.064382553E+000 5.894999951E-002
 -7.054382324E+000 6.012000144E-002
 -7.044382572E+000 6.128999963E-002
 -7.034382343E+000 6.247999892E-002
 -7.024382591E+000 6.367000192E-002
 -7.014382362E+000 6.487999856E-002
 -7.004382610E+000 6.609000266E-002
 -6.994382381E+000 6.731999665E-002
 -6.984382629E+000 6.854999810E-002
 -6.974382401E+000 6.979999691E-002
 -6.964382648E+000 7.105000317E-002
 -6.954382420E+000 7.231999934E-002
 -6.944382668E+000 7.359000295E-002
 -6.934382439E+000 7.487999648E-002
 -6.924382687E+000 7.616999745E-002
 -6.914382458E+000 7.748000324E-002
 -6.904382706E+000 7.879000157E-002
 -6.894382477E+000 8.011999726E-002
 -6.884382725E+000 8.145000041E-002
 -6.874382496E+000 8.280000091E-002
 -6.864382267E+000 8.415000141E-002
 -6.854382515E+000 8.551999927E-002
 -6.844382286E+000 8.688999712E-002
 -6.834382534E+000 8.827999979E-002
 -6.824382305E+000 8.967000246E-002
 -6.814382553E+000 9.104999900E-002
 -6.804382324E+000 9.240999818E-002
 -6.794382572E+000 9.376999736E-002
 -6.784382343E+000 9.510000050E-002
 -6.774382591E+000 9.643000364E-002
 -6.764382362E+000 9.774000198E-002
 -6.754382610E+000 9.903000295E-002
 -6.744382381E+000 1.002999991E-001
 -6.734382629E+000 1.015999988E-001
 -6.724382401E+000 1.027999967E-001
 -6.714382648E+000 1.040999964E-001
 -6.704382420E+000 1.053000018E-001
 -6.694382668E+000 1.064999998E-001
 -6.684382439E+000 1.076999977E-001
 -6.674382687E+000 1.089000031E-001
 -6.664382458E+000 1.101000011E-001
 -6.654382706E+000 1.111999974E-001
 -6.644382477E+000 1.124000028E-001
 -6.634382725E+000 1.134999990E-001
 -6.624382496E+000 1.146000028E-001
 -6.614382267E+000 1.156999990E-001
 -6.604382515E+000 1.169999987E-001
 -6.594382286E+000 1.184000000E-001
 -6.584382534E+000 1.199999973E-001
 -6.574382305E+000 1.217999980E-001
 -6.564382553E+000 1.234999970E-001
 -6.554382324E+000 1.254000068E-001
 -6.544382572E+000 1.272000074E-001
 -6.534382343E+000 1.290999949E-001
 -6.524382591E+000 1.309999973E-001
 -6.514382362E+000 1.328999996E-001
 -6.504382610E+000 1.348000020E-001
 -6.494382381E+000 1.368000060E-001
 -6.484382629E+000 1.387999952E-001
 -6.474382401E+000 1.409000009E-001
 -6.464382648E+000 1.430000067E-001
 -6.454382420E+000 1.450999975E-001
 -6.444382668E+000 1.472000033E-001
 -6.434382439E+000 1.493999958E-001
 -6.424382687E+000 1.515000015E-001
 -6.414382458E+000 1.537999958E-001
 -6.404382706E+000 1.560000032E-001
 -6.394382477E+000 1.582999974E-001
 -6.384382725E+000 1.606000066E-001
 -6.374382496E+000 1.629000008E-001
 -6.364382267E+000 1.652999967E-001
 -6.354382515E+000 1.676999927E-001
 -6.344382286E+000 1.701000035E-001
 -6.334382534E+000 1.724999994E-001
 -6.324382305E+000 1.749999970E-001
 -6.314382553E+000 1.774999946E-001
 -6.304382324E+000 1.800000072E-001
 -6.294382572E+000 1.826000065E-001
 -6.284382343E+000 1.852000058E-001
 -6.274382591E+000 1.878000051E-001
 -6.264382362E+000 1.905000061E-001
 -6.254382610E+000 1.932000071E-001
 -6.244382381E+000 1.958999932E-001
 -6.234382629E+000 1.985999942E-001
 -6.224382401E+000 2.013999969E-001
 -6.214382648E+000 2.041999996E-001
 -6.204382420E+000 2.071000040E-001
 -6.194382668E+000 2.099999934E-001
 -6.184382439E+000 2.128999978E-001
 -6.174382687E+000 2.158000022E-001
 -6.164382458E+000 2.712000012E-001
 -6.154382706E+000 3.614999950E-001
 -6.144382477E+000 4.393000007E-001
 -6.134382725E+000 4.975999892E-001
 -6.124382496E+000 5.480999947E-001
 -6.114382267E+000 6.281999946E-001
 -6.104382515E+000 7.153000236E-001
 -6.094382286E+000 8.093000054E-001
 -6.084382534E+000 9.111999869E-001
 -6.074382305E+000 1.036999941E+000
 -6.064382553E+000 1.164000034E+000
 -6.054382324E+000 1.332999945E+000
 -6.044382572E+000 1.506000042E+000
 -6.034382343E+000 1.636000037E+000
 -6.024382591E+000 1.733999968E+000
 -6.014382362E+000 1.838000059E+000
 -6.004382610E+000 1.906000018E+000
 -5.994382381E+000 1.985000014E+000
 -5.984382629E+000 2.058000088E+000
 -5.974382401E+000 2.125000000E+000
 -5.964382648E+000 2.184999943E+000
 -5.954382420E+000 2.237999916E+000
 -5.944382668E+000 2.282999992E+000
 -5.934382439E+000 2.319000006E+000
 -5.924382687E+000 2.345999956E+000
 -5.914382458E+000 2.365999937E+000
 -5.904382706E+000 2.403000116E+000
 -5.894382477E+000 2.456000090E+000
 -5.884382725E+000 2.516999960E+000
 -5.874382496E+000 2.582999945E+000
 -5.864382267E+000 2.650000095E+000
 -5.854382515E+000 2.719000101E+000
 -5.844382286E+000 2.789999962E+000
 -5.834382534E+000 2.861999989E+000
 -5.824382305E+000 2.934999943E+000
 -5.814382553E+000 3.009999990E+000
 -5.804382324E+000 3.085999966E+000
 -5.794382572E+000 3.164000034E+000
 -5.784382343E+000 3.273999929E+000
 -5.774382591E+000 3.448999882E+000
 -5.764382362E+000 3.667000055E+000
 -5.754382610E+000 3.927999973E+000
 -5.744382381E+000 4.245999813E+000
 -5.734382629E+000 4.473999977E+000
 -5.724382401E+000 4.572999954E+000
 -5.714382648E+000 4.598999977E+000
 -5.704382420E+000 4.605000019E+000
 -5.694382668E+000 4.584000111E+000
 -5.684382439E+000 4.526999950E+000
 -5.674382687E+000 4.459000111E+000
 -5.664382458E+000 4.387000084E+000
 -5.654382706E+000 4.308000088E+000
 -5.644382477E+000 4.223000050E+000
 -5.634382725E+000 4.129000187E+000
 -5.624382496E+000 4.026999950E+000
 -5.614382267E+000 3.923000097E+000
 -5.604382515E+000 3.816999912E+000
 -5.594382286E+000 3.710000038E+000
 -5.584382534E+000 3.628999949E+000
 -5.574382305E+000 3.552000046E+000
 -5.564382553E+000 3.489000082E+000
 -5.554382324E+000 3.441999912E+000
 -5.544382572E+000 3.410000086E+000
 -5.534382343E+000 3.394000053E+000
 -5.524382591E+000 3.394999981E+000
 -5.514382362E+000 3.420000076E+000
 -5.504382610E+000 3.299000025E+000
 -5.494382381E+000 3.302999973E+000
 -5.484382629E+000 3.299000025E+000
 -5.474382401E+000 3.282000065E+000
 -5.464382648E+000 3.243999958E+000
 -5.454382420E+000 3.197000027E+000
 -5.444382668E+000 3.138999939E+000
 -5.434382439E+000 3.072000027E+000
 -5.424382687E+000 2.993999958E+000
 -5.414382458E+000 2.907999992E+000
 -5.404382706E+000 2.816999912E+000
 -5.394382477E+000 2.799999952E+000
 -5.384382725E+000 2.881999969E+000
 -5.374382496E+000 3.062000036E+000
 -5.364382267E+000 2.655999899E+000
 -5.354382515E+000 2.315999985E+000
 -5.344382286E+000 2.069000006E+000
 -5.334382534E+000 1.945999980E+000
 -5.324382305E+000 1.889999986E+000
 -5.314382553E+000 1.842000008E+000
 -5.304382324E+000 1.800999999E+000
 -5.294382572E+000 1.771999955E+000
 -5.284382343E+000 1.756999969E+000
 -5.274382591E+000 1.756000042E+000
 -5.264382362E+000 1.776999950E+000
 -5.254382610E+000 1.830000043E+000
 -5.244382381E+000 1.916000009E+000
 -5.234382629E+000 2.025000095E+000
 -5.224382401E+000 2.145999908E+000
 -5.214382648E+000 2.293999910E+000
 -5.204382420E+000 2.463000059E+000
 -5.194382668E+000 2.653000116E+000
 -5.184382439E+000 2.831000090E+000
 -5.174382687E+000 2.937999964E+000
 -5.164382458E+000 2.992000103E+000
 -5.154382706E+000 2.990999937E+000
 -5.144382477E+000 2.937000036E+000
 -5.134382725E+000 2.854000092E+000
 -5.124382496E+000 2.516999960E+000
 -5.114382267E+000 2.476000071E+000
 -5.104382515E+000 2.460000038E+000
 -5.094382286E+000 2.493999958E+000
 -5.084382534E+000 2.585999966E+000
 -5.074382305E+000 2.724999905E+000
 -5.064382553E+000 2.875000000E+000
 -5.054382324E+000 3.006000042E+000
 -5.044382572E+000 3.118999958E+000
 -5.034382343E+000 3.214999914E+000
 -5.024382591E+000 3.292999983E+000
 -5.014382362E+000 3.354000092E+000
 -5.004382610E+000 3.398000002E+000
 -4.994382381E+000 3.424000025E+000
 -4.984382629E+000 3.588999987E+000
 -4.974382401E+000 3.382999897E+000
 -4.964382648E+000 3.197999954E+000
 -4.954382420E+000 3.082000017E+000
 -4.944382668E+000 2.986000061E+000
 -4.934382439E+000 2.898999929E+000
 -4.924382210E+000 2.828999996E+000
 -4.914382458E+000 2.772000074E+000
 -4.904382229E+000 2.713999987E+000
 -4.894382477E+000 2.614000082E+000
 -4.884382248E+000 2.513999939E+000
 -4.874382496E+000 2.426000118E+000
 -4.864382267E+000 2.362999916E+000
 -4.854382515E+000 2.290999889E+000
 -4.844382286E+000 2.209000111E+000
 -4.834382534E+000 2.122999907E+000
 -4.824382305E+000 2.035000086E+000
 -4.814382553E+000 2.035000086E+000
 -4.804382324E+000 2.075000048E+000
 -4.794382572E+000 2.019999981E+000
 -4.784382343E+000 1.940000057E+000
 -4.774382591E+000 2.085000038E+000
 -4.764382362E+000 2.917999983E+000
 -4.754382610E+000 2.605999947E+000
 -4.744382381E+000 2.319000006E+000
 -4.734382629E+000 2.289999962E+000
 -4.724382401E+000 2.372999907E+000
 -4.714382648E+000 2.486999989E+000
 -4.704382420E+000 2.632999897E+000
 -4.694382668E+000 2.811000109E+000
 -4.684382439E+000 3.000000000E+000
 -4.674382210E+000 3.025000095E+000
 -4.664382458E+000 2.859999895E+000
 -4.654382229E+000 2.926000118E+000
 -4.644382477E+000 3.019999981E+000
 -4.634382248E+000 3.105000019E+000
 -4.624382496E+000 3.194000006E+000
 -4.614382267E+000 3.312000036E+000
 -4.604382515E+000 3.457999945E+000
 -4.594382286E+000 3.663000107E+000
 -4.584382534E+000 3.948999882E+000
 -4.574382305E+000 4.271999836E+000
 -4.564382553E+000 4.636000156E+000
 -4.554382324E+000 5.066999912E+000
 -4.544382572E+000 5.730999947E+000
 -4.534382343E+000 6.448999882E+000
 -4.524382591E+000 7.199999809E+000
 -4.514382362E+000 7.964000225E+000
 -4.504382610E+000 7.809000015E+000
 -4.494382381E+000 7.185999870E+000
 -4.484382629E+000 6.969999790E+000
 -4.474382401E+000 6.296000004E+000
 -4.464382648E+000 4.874000072E+000
 -4.454382420E+000 4.718999863E+000
 -4.444382668E+000 4.638000011E+000
 -4.434382439E+000 4.596000195E+000
 -4.424382210E+000 4.585999966E+000
 -4.414382458E+000 4.421999931E+000
 -4.404382229E+000 4.181000233E+000
 -4.394382477E+000 3.911000013E+000
 -4.384382248E+000 3.611999989E+000
 -4.374382496E+000 3.293999910E+000
 -4.364382267E+000 2.956000090E+000
 -4.354382515E+000 2.627000093E+000
 -4.344382286E+000 2.305000067E+000
 -4.334382534E+000 2.089999914E+000
 -4.324382305E+000 1.988000035E+000
 -4.314382553E+000 1.904999971E+000
 -4.304382324E+000 1.838000059E+000
 -4.294382572E+000 1.786000013E+000
 -4.284382343E+000 1.748999953E+000
 -4.274382591E+000 1.735000014E+000
 -4.264382362E+000 1.779000044E+000
 -4.254382610E+000 1.879999995E+000
 -4.244382381E+000 2.049999952E+000
 -4.234382629E+000 2.305999994E+000
 -4.224382401E+000 2.648000002E+000
 -4.214382648E+000 3.063999891E+000
 -4.204382420E+000 3.507999897E+000
 -4.194382668E+000 3.338000059E+000
 -4.184382439E+000 3.055999994E+000
 -4.174382210E+000 2.772000074E+000
 -4.164382458E+000 2.484999895E+000
 -4.154382229E+000 2.174000025E+000
 -4.144382477E+000 2.111999989E+000
 -4.134382248E+000 2.128999949E+000
 -4.124382496E+000 2.154000044E+000
 -4.114382267E+000 2.181999922E+000
 -4.104382515E+000 2.257999897E+000
 -4.094382286E+000 2.467999935E+000
 -4.084382534E+000 2.805999994E+000
 -4.074382305E+000 3.082000017E+000
 -4.064382553E+000 3.362999916E+000
 -4.054382324E+000 3.608000040E+000
 -4.044382572E+000 3.815000057E+000
 -4.034382343E+000 3.984999895E+000
 -4.024382591E+000 4.118000031E+000
 -4.014382362E+000 4.212999821E+000
 -4.004382610E+000 4.269999981E+000
 -3.994382381E+000 4.289999962E+000
 -3.984382391E+000 4.190000057E+000
 -3.974382401E+000 3.977999926E+000
 -3.964382410E+000 3.657999992E+000
 -3.954382420E+000 4.586999893E+000
 -3.944382429E+000 4.513999939E+000
 -3.934382439E+000 3.832000017E+000
 -3.924382448E+000 3.535000086E+000
 -3.914382458E+000 3.466000080E+000
 -3.904382467E+000 3.410000086E+000
 -3.894382477E+000 3.367000103E+000
 -3.884382486E+000 3.328999996E+000
 -3.874382496E+000 3.292999983E+000
 -3.864382505E+000 3.259000063E+000
 -3.854382515E+000 3.232000113E+000
 -3.844382524E+000 3.221999884E+000
 -3.834382296E+000 3.243000031E+000
 -3.824382305E+000 3.299000025E+000
 -3.814382315E+000 3.390000105E+000
 -3.804382324E+000 3.559999943E+000
 -3.794382334E+000 3.486999989E+000
 -3.784382343E+000 3.750999928E+000
 -3.774382353E+000 4.179999828E+000
 -3.764382362E+000 4.334000111E+000
 -3.754382372E+000 4.140999794E+000
 -3.744382381E+000 4.027999878E+000
 -3.734382391E+000 3.859999895E+000
 -3.724382401E+000 3.729000092E+000
 -3.714382410E+000 3.637000084E+000
 -3.704382420E+000 3.559999943E+000
 -3.694382429E+000 3.470999956E+000
 -3.684382439E+000 3.381000042E+000
 -3.674382448E+000 3.257999897E+000
 -3.664382458E+000 3.187000036E+000
 -3.654382467E+000 3.128999949E+000
 -3.644382477E+000 3.081000090E+000
 -3.634382486E+000 3.039999962E+000
 -3.624382496E+000 3.005000114E+000
 -3.614382505E+000 2.976000071E+000
 -3.604382515E+000 2.956000090E+000
 -3.594382286E+000 2.950999975E+000
 -3.584382296E+000 2.956000090E+000
 -3.574382305E+000 2.960999966E+000
 -3.564382315E+000 2.976000071E+000
 -3.554382324E+000 3.006000042E+000
 -3.544382334E+000 3.023999929E+000
 -3.534382343E+000 3.030999899E+000
 -3.524382353E+000 3.026999950E+000
 -3.514382362E+000 3.019000053E+000
 -3.504382372E+000 3.010999918E+000
 -3.494382381E+000 2.996999979E+000
 -3.484382391E+000 2.976000071E+000
 -3.474382401E+000 2.951999903E+000
 -3.464382410E+000 2.918999910E+000
 -3.454382420E+000 2.878999949E+000
 -3.444382429E+000 2.799999952E+000
 -3.434382439E+000 2.608999968E+000
 -3.424382448E+000 2.545000076E+000
 -3.414382458E+000 2.532000065E+000
 -3.404382467E+000 2.532999992E+000
 -3.394382477E+000 2.549999952E+000
 -3.384382486E+000 2.575999975E+000
 -3.374382496E+000 2.611000061E+000
 -3.364382505E+000 2.653000116E+000
 -3.354382277E+000 2.707999945E+000
 -3.344382286E+000 2.783999920E+000
 -3.334382296E+000 2.858999968E+000
 -3.324382305E+000 2.927999973E+000
 -3.314382315E+000 3.140000105E+000
 -3.304382324E+000 3.407000065E+000
 -3.294382334E+000 3.516999960E+000
 -3.284382343E+000 3.466000080E+000
 -3.274382353E+000 3.477999926E+000
 -3.264382362E+000 3.907000065E+000
 -3.254382372E+000 3.437999964E+000
 -3.244382381E+000 3.423000097E+000
 -3.234382391E+000 3.487999916E+000
 -3.224382401E+000 3.591000080E+000
 -3.214382410E+000 3.732000113E+000
 -3.204382420E+000 3.848000050E+000
 -3.194382429E+000 3.667000055E+000
 -3.184382439E+000 3.565000057E+000
 -3.174382448E+000 3.562999964E+000
 -3.164382458E+000 3.563999891E+000
 -3.154382467E+000 3.960999966E+000
 -3.144382477E+000 4.633999825E+000
 -3.134382486E+000 4.998000145E+000
 -3.124382496E+000 5.289000034E+000
 -3.114382505E+000 5.800000191E+000
 -3.104382277E+000 5.921999931E+000
 -3.093382359E+000 7.030000210E+000
 -3.083382368E+000 5.658999920E+000
 -3.073382378E+000 4.844999790E+000
 -3.063382387E+000 4.255000114E+000
 -3.053382397E+000 3.882999897E+000
 -3.043382406E+000 3.515000105E+000
 -3.033382416E+000 3.184999943E+000
 -3.023382425E+000 2.940000057E+000
 -3.013382435E+000 2.815000057E+000
 -3.003382444E+000 2.799000025E+000
 -2.993382454E+000 2.540999889E+000
 -2.983382463E+000 2.174999952E+000
 -2.973382473E+000 2.223999977E+000
 -2.963382483E+000 2.246000051E+000
 -2.953382492E+000 2.242000103E+000
 -2.943382502E+000 2.210999966E+000
 -2.933382273E+000 2.153000116E+000
 -2.923382282E+000 7.255000114E+000
 -2.913382292E+000 2.025000095E+000
 -2.903382301E+000 6.087999940E-001
 -2.893382311E+000 2.621000111E-001
 -2.883382320E+000 2.630999982E-001
 -2.873382330E+000 2.640999854E-001
 -2.863382339E+000 2.651999891E-001
 -2.853382349E+000 2.662000060E-001
 -2.843382359E+000 2.671999931E-001
 -2.833382368E+000 2.682999969E-001
 -2.823382378E+000 2.693000138E-001
 -2.813382387E+000 2.703999877E-001
 -2.803382397E+000 2.714000046E-001
 -2.793382406E+000 2.725000083E-001
 -2.783382416E+000 2.734999955E-001
 -2.773382425E+000 2.739999890E-001
 -2.763382435E+000 2.737999856E-001
 -2.753382444E+000 2.728999853E-001
 -2.743382454E+000 2.712999880E-001
 -2.733382463E+000 2.689999938E-001
 -2.723382473E+000 2.660000026E-001
 -2.713382483E+000 2.623000145E-001
 -2.703382492E+000 2.578999996E-001
 -2.693382502E+000 2.527000010E-001
 -2.683382511E+000 2.388000041E-001
 -2.673382282E+000 2.357999980E-001
 -2.663382292E+000 2.329999954E-001
 -2.653382301E+000 2.302999943E-001
 -2.643382311E+000 2.276999950E-001
 -2.633382320E+000 2.252999991E-001
 -2.623382330E+000 2.231000066E-001
 -2.613382339E+000 2.212000042E-001
 -2.603382349E+000 2.196999937E-001
 -2.593382359E+000 2.185000032E-001
 -2.583382368E+000 2.176000029E-001
 -2.573382378E+000 2.169000059E-001
 -2.563382387E+000 2.163999975E-001
 -2.553382397E+000 2.159000039E-001
 -2.543382406E+000 2.154999971E-001
 -2.533382416E+000 2.151000053E-001
 -2.523382425E+000 2.146999985E-001
 -2.513382435E+000 2.143999934E-001
 -2.503382444E+000 2.141000032E-001
 -2.493382454E+000 2.137999982E-001
 -2.483382463E+000 2.134999931E-001
 -2.473382473E+000 2.133000046E-001
 -2.463382483E+000 2.131000012E-001
 -2.453382492E+000 2.128999978E-001
 -2.443382502E+000 2.126999944E-001
 -2.433382511E+000 2.125000060E-001
 -2.423382521E+000 2.124000043E-001
 -2.413382292E+000 2.123000026E-001
 -2.403382301E+000 2.123000026E-001
 -2.393382311E+000 2.122000009E-001
 -2.383382320E+000 2.122000009E-001
 -2.373382330E+000 2.122000009E-001
 -2.363382339E+000 2.122000009E-001
 -2.353382349E+000 2.123000026E-001
 -2.343382359E+000 2.123000026E-001
 -2.333382368E+000 2.124000043E-001
 -2.323382378E+000 2.125000060E-001
 -2.313382387E+000 2.126999944E-001
 -2.303382397E+000 2.127999961E-001
 -2.293382406E+000 2.129999995E-001
 -2.283382416E+000 2.132000029E-001
 -2.273382425E+000 2.133000046E-001
 -2.263382435E+000 2.134999931E-001
 -2.253382444E+000 2.136999965E-001
 -2.243382454E+000 2.138999999E-001
 -2.233382463E+000 2.142000049E-001
 -2.223382473E+000 2.143999934E-001
 -2.213382483E+000 2.145999968E-001
 -2.203382492E+000 2.149000019E-001
 -2.193382502E+000 2.151000053E-001
 -2.183382511E+000 2.153999954E-001
 -2.173382521E+000 2.157000005E-001
 -2.163382292E+000 2.159000039E-001
 -2.153382301E+000 2.161999941E-001
 -2.143382311E+000 2.164999992E-001
 -2.133382320E+000 2.168000042E-001
 -2.123382330E+000 2.171999961E-001
 -2.113382339E+000 2.175000012E-001
 -2.103382349E+000 2.178000063E-001
 -2.093382359E+000 2.181999981E-001
 -2.083382368E+000 2.185000032E-001
 -2.073382378E+000 2.188999951E-001
 -2.063382387E+000 2.193000019E-001
 -2.053382397E+000 2.196999937E-001
 -2.043382406E+000 2.199999988E-001
 -2.033382416E+000 2.204000056E-001
 -2.023382425E+000 2.207999974E-001
 -2.013382435E+000 2.211000025E-001
 -2.003382444E+000 2.214999944E-001
 -1.993382335E+000 2.219000012E-001
 -1.983382344E+000 2.222999930E-001
 -1.973382354E+000 2.225999981E-001
 -1.963382363E+000 2.230000049E-001
 -1.953382373E+000 2.233999968E-001
 -1.943382382E+000 2.238000035E-001
 -1.933382392E+000 2.240999937E-001
 -1.923382401E+000 2.245000005E-001
 -1.913382411E+000 2.249000072E-001
 -1.903382421E+000 2.252999991E-001
 -1.893382430E+000 2.257000059E-001
 -1.883382320E+000 2.259999961E-001
 -1.873382330E+000 2.264000028E-001
 -1.863382339E+000 2.267999947E-001
 -1.853382349E+000 2.272000015E-001
 -1.843382359E+000 2.275000066E-001
 -1.833382368E+000 2.278999984E-001
 -1.823382378E+000 2.283000052E-001
 -1.813382387E+000 2.286999971E-001
 -1.803382397E+000 2.291000038E-001
 -1.793382406E+000 2.293999940E-001
 -1.783382416E+000 2.298000008E-001
 -1.773382425E+000 2.301999927E-001
 -1.763382435E+000 2.305999994E-001
 -1.753382325E+000 2.310000062E-001
 -1.743382335E+000 2.313999981E-001
 -1.733382344E+000 2.317000031E-001
 -1.723382354E+000 2.320999950E-001
 -1.713382363E+000 2.325000018E-001
 -1.703382373E+000 2.328999937E-001
 -1.693382382E+000 2.333000004E-001
 -1.683382392E+000 2.337000072E-001
 -1.673382401E+000 2.340999991E-001
 -1.663382411E+000 2.344000041E-001
 -1.653382421E+000 2.347999960E-001
 -1.643382430E+000 2.352000028E-001
 -1.633382320E+000 2.355999947E-001
 -1.623382330E+000 2.360000014E-001
 -1.613382339E+000 2.363999933E-001
 -1.603382349E+000 2.368000001E-001
 -1.593382359E+000 2.371000051E-001
 -1.583382368E+000 2.374999970E-001
 -1.573382378E+000 2.379000038E-001
 -1.563382387E+000 2.382999957E-001
 -1.553382397E+000 2.387000024E-001
 -1.543382406E+000 2.390999943E-001
 -1.533382416E+000 2.395000011E-001
 -1.523382425E+000 2.398999929E-001
 -1.513382435E+000 2.402999997E-001
 -1.503382325E+000 2.407000065E-001
 -1.493382335E+000 2.410999984E-001
 -1.483382344E+000 2.414000034E-001
 -1.473382354E+000 2.417999953E-001
 -1.463382363E+000 2.422000021E-001
 -1.453382373E+000 2.418999970E-001
 -1.443382382E+000 2.413000017E-001
 -1.433382392E+000 2.406000048E-001
 -1.423382401E+000 2.398999929E-001
 -1.413382411E+000 2.391999960E-001
 -1.403382421E+000 2.382999957E-001
 -1.393382430E+000 2.374999970E-001
 -1.383382320E+000 2.365999967E-001
 -1.373382330E+000 2.356999964E-001
 -1.363382339E+000 2.348999977E-001
 -1.353382349E+000 2.342000008E-001
 -1.343382359E+000 2.336000055E-001
 -1.333382368E+000 2.330999970E-001
 -1.323382378E+000 2.328000069E-001
 -1.313382387E+000 2.325000018E-001
 -1.303382397E+000 2.322999984E-001
 -1.293382406E+000 2.321999967E-001
 -1.283382416E+000 2.321999967E-001
 -1.273382425E+000 2.321999967E-001
 -1.263382435E+000 2.321999967E-001
 -1.253382325E+000 2.322999984E-001
 -1.243382335E+000 2.322999984E-001
 -1.233382344E+000 2.324000001E-001
 -1.223382354E+000 2.325000018E-001
 -1.213382363E+000 2.326000035E-001
 -1.203382373E+000 2.327000052E-001
 -1.193382382E+000 2.328000069E-001
 -1.183382392E+000 2.328999937E-001
 -1.173382401E+000 2.330999970E-001
 -1.163382411E+000 2.331999987E-001
 -1.153382421E+000 2.334000021E-001
 -1.143382430E+000 2.336000055E-001
 -1.133382320E+000 2.337999940E-001
 -1.123382330E+000 2.339999974E-001
 -1.113382339E+000 2.342000008E-001
 -1.103382349E+000 2.345000058E-001
 -1.093382359E+000 2.346999943E-001
 -1.083382368E+000 2.349999994E-001
 -1.073382378E+000 2.353000045E-001
 -1.063382387E+000 2.354999930E-001
 -1.053382397E+000 2.358999997E-001
 -1.043382406E+000 2.362000048E-001
 -1.033382416E+000 2.364999950E-001
 -1.023382425E+000 2.369000018E-001
 -1.013382435E+000 2.372000068E-001
 -1.003382444E+000 2.374999970E-001
 -9.933824539E-001 2.379000038E-001
 -9.833824635E-001 2.382999957E-001
 -9.733824730E-001 2.386000007E-001
 -9.633824825E-001 2.389999926E-001
 -9.533824921E-001 2.393999994E-001
 -9.433822632E-001 2.397000045E-001
 -9.333822727E-001 2.400999963E-001
 -9.233822823E-001 2.405000031E-001
 -9.133822918E-001 2.408999950E-001
 -9.033823013E-001 2.413000017E-001
 -8.933823109E-001 2.416999936E-001
 -8.833823204E-001 2.421000004E-001
 -8.733823299E-001 2.425000072E-001
 -8.633823395E-001 2.430000007E-001
 -8.533823490E-001 2.433999926E-001
 -8.433823586E-001 2.437999994E-001
 -8.333823681E-001 2.442999929E-001
 -8.233823776E-001 2.446999997E-001
 -8.133823872E-001 2.451000065E-001
 -8.033823967E-001 2.456000000E-001
 -7.933824062E-001 2.460999936E-001
 -7.833824158E-001 2.466000021E-001
 -7.733824253E-001 2.471999973E-001
 -7.633824348E-001 2.477999926E-001
 -7.533824444E-001 2.487999946E-001
 -7.433824539E-001 2.496999949E-001
 -7.333824635E-001 2.506999969E-001
 -7.233824730E-001 2.517000139E-001
 -7.133824825E-001 2.526000142E-001
 -7.033824921E-001 2.535000145E-001
 -6.933822632E-001 2.545000017E-001
 -6.833822727E-001 2.554000020E-001
 -6.733822823E-001 2.563000023E-001
 -6.633822918E-001 2.570999861E-001
 -6.533823013E-001 2.579999864E-001
 -6.433823109E-001 2.588999867E-001
 -6.333823204E-001 2.597000003E-001
 -6.233823299E-001 2.605000138E-001
 -6.133823395E-001 2.612999976E-001
 -6.033823490E-001 2.621999979E-001
 -5.933823586E-001 2.628999949E-001
 -5.833823681E-001 2.637000084E-001
 -5.733823776E-001 2.644999921E-001
 -5.633823872E-001 2.651999891E-001
 -5.533823967E-001 2.660000026E-001
 -5.433824062E-001 2.666999996E-001
 -5.333824158E-001 2.673999965E-001
 -5.233824253E-001 2.680999935E-001
 -5.133824348E-001 2.687999904E-001
 -5.033824444E-001 2.694999874E-001
 -4.933824539E-001 2.700999975E-001
 -4.833824635E-001 2.707999945E-001
 -4.733824730E-001 2.714000046E-001
 -4.633824825E-001 2.720000148E-001
 -4.533824921E-001 2.725999951E-001
 -4.433822632E-001 2.732000053E-001
 -4.333822727E-001 2.737999856E-001
 -4.233822823E-001 2.743000090E-001
 -4.133822918E-001 2.748999894E-001
 -4.033823013E-001 2.754000127E-001
 -3.933823109E-001 2.759999931E-001
 -3.833823204E-001 2.764999866E-001
 -3.733823299E-001 2.770000100E-001
 -3.633823395E-001 2.773999870E-001
 -3.533823490E-001 2.779000103E-001
 -3.433823586E-001 2.784000039E-001
 -3.333823681E-001 2.788000107E-001
 -3.233823776E-001 2.791999876E-001
 -3.133823872E-001 2.795999944E-001
 -3.033823967E-001 2.800000012E-001
 -2.933824062E-001 2.804000080E-001
 -2.833824158E-001 2.808000147E-001
 -2.733824253E-001 2.811999917E-001
 -2.633824348E-001 2.815000117E-001
 -2.533824444E-001 2.818000019E-001
 -2.433824688E-001 2.822000086E-001
 -2.333824784E-001 2.824999988E-001
 -2.233824879E-001 2.827999890E-001
 -2.133824974E-001 2.829999924E-001
 -2.033825070E-001 2.833000124E-001
 -1.933822781E-001 2.834999859E-001
 -1.833822876E-001 2.838000059E-001
 -1.733822972E-001 2.840000093E-001
 -1.633823067E-001 2.842000127E-001
 -1.533823162E-001 2.843999863E-001
 -1.433823258E-001 2.845999897E-001
 -1.333823353E-001 2.847999930E-001
 -1.233823374E-001 2.849000096E-001
 -1.133823469E-001 2.851000130E-001
 -1.033823565E-001 2.851999998E-001
 -9.338236600E-002 2.852999866E-001
 -8.338237554E-002 2.854000032E-001
 -7.338238508E-002 2.854999900E-001
 -6.338239461E-002 2.854999900E-001
 -5.338240787E-002 2.856000066E-001
 -4.338241741E-002 2.856000066E-001
 -3.338242695E-002 2.856999934E-001
 -2.338243648E-002 2.856999934E-001
 -1.338244509E-002 2.856999934E-001
 -3.382454859E-003 2.856999934E-001
 6.617535837E-003 2.856000066E-001
 1.661752537E-002 2.856000066E-001
 2.661751583E-002 2.854999900E-001
 3.661750630E-002 2.854999900E-001
 4.661749676E-002 2.854000032E-001
 5.661772564E-002 2.852999866E-001
 6.661771983E-002 2.851999998E-001
 7.661771029E-002 2.849999964E-001
 8.661770076E-002 2.849000096E-001
 9.661769122E-002 2.847000062E-001
 1.066176817E-001 2.845999897E-001
 1.166176721E-001 2.843999863E-001
 1.266176552E-001 2.842000127E-001
 1.366176456E-001 2.840000093E-001
 1.466176361E-001 2.838000059E-001
 1.566176265E-001 2.834999859E-001
 1.666176170E-001 2.833000124E-001
 1.766176075E-001 2.829999924E-001
 1.866175979E-001 2.827000022E-001
 1.966175884E-001 2.824000120E-001
 2.066175789E-001 2.820999920E-001
 2.166175693E-001 2.818000019E-001
 2.266175598E-001 2.829000056E-001
 2.366175503E-001 2.840999961E-001
 2.466175407E-001 2.851999998E-001
 2.566175461E-001 2.861999869E-001
 2.666175365E-001 2.872000039E-001
 2.766175270E-001 2.881000042E-001
 2.866175175E-001 2.890000045E-001
 2.966175079E-001 2.897999883E-001
 3.066177368E-001 2.906000018E-001
 3.166177273E-001 2.912000120E-001
 3.266177177E-001 2.919000089E-001
 3.366177082E-001 2.924999893E-001
 3.466176987E-001 2.930000126E-001
 3.566176891E-001 2.935000062E-001
 3.666176796E-001 2.939999998E-001
 3.766176701E-001 2.942999899E-001
 3.866176605E-001 2.946999967E-001
 3.966176510E-001 2.949999869E-001
 4.066176414E-001 2.953000069E-001
 4.166176319E-001 2.955000103E-001
 4.266176224E-001 2.955999970E-001
 4.366176128E-001 2.957000136E-001
 4.466176033E-001 2.957000136E-001
 4.566175938E-001 2.955999970E-001
 4.666175842E-001 2.953999937E-001
 4.766175747E-001 2.951999903E-001
 4.866175652E-001 2.949000001E-001
 4.966175556E-001 2.944999933E-001
 5.066175461E-001 2.940999866E-001
 5.166175365E-001 2.935999930E-001
 5.266175270E-001 2.930000126E-001
 5.366175175E-001 2.924000025E-001
 5.466175079E-001 2.915999889E-001
 5.566177368E-001 2.908999920E-001
 5.666177273E-001 2.899999917E-001
 5.766177177E-001 2.890999913E-001
 5.866177082E-001 2.881000042E-001
 5.966176987E-001 2.870000005E-001
 6.066176891E-001 2.858999968E-001
 6.166176796E-001 2.847999930E-001
 6.266176701E-001 2.843999863E-001
 6.366176605E-001 2.838999927E-001
 6.466176510E-001 2.834999859E-001
 6.566176414E-001 2.829999924E-001
 6.666176319E-001 2.825999856E-001
 6.766176224E-001 2.822000086E-001
 6.866176128E-001 2.818000019E-001
 6.966176033E-001 2.813999951E-001
 7.066175938E-001 2.809999883E-001
 7.166175842E-001 2.806999981E-001
 7.266175747E-001 2.802999914E-001
 7.366175652E-001 2.799000144E-001
 7.466175556E-001 2.795999944E-001
 7.566175461E-001 2.791999876E-001
 7.666175365E-001 2.788999975E-001
 7.766175270E-001 2.786000073E-001
 7.866175175E-001 2.782999873E-001
 7.966175079E-001 2.779999971E-001
 8.066177368E-001 2.777000070E-001
 8.166177273E-001 2.773999870E-001
 8.266177177E-001 2.772000134E-001
 8.366177082E-001 2.768999934E-001
 8.466176987E-001 2.766000032E-001
 8.566176891E-001 2.763999999E-001
 8.666176796E-001 2.761999965E-001
 8.766176701E-001 2.759000063E-001
 8.866176605E-001 2.757000029E-001
 8.966176510E-001 2.754999995E-001
 9.076178074E-001 2.752999961E-001
 9.176175594E-001 2.750999928E-001
 9.276177883E-001 2.748999894E-001
 9.376175404E-001 2.748000026E-001
 9.476177692E-001 2.745999992E-001
 9.576175213E-001 2.745000124E-001
 9.676177502E-001 2.743000090E-001
 9.776175022E-001 2.741999924E-001
 9.876177311E-001 2.741000056E-001
 9.976174831E-001 2.739999890E-001
 1.007617712E+000 2.737999856E-001
 1.017617464E+000 2.736999989E-001
 1.027617693E+000 2.736000121E-001
 1.037617445E+000 2.736999989E-001
 1.047617674E+000 2.737999856E-001
 1.057617426E+000 2.739000022E-001
 1.067617655E+000 2.739000022E-001
 1.077617407E+000 2.739999890E-001
 1.087617636E+000 2.741000056E-001
 1.097617388E+000 2.741000056E-001
 1.107617617E+000 2.741999924E-001
 1.117617846E+000 2.743000090E-001
 1.127617598E+000 2.743000090E-001
 1.137617826E+000 2.743999958E-001
 1.147617579E+000 2.743999958E-001
 1.157617807E+000 2.745000124E-001
 1.167617559E+000 2.745000124E-001
 1.177617788E+000 2.745999992E-001
 1.187617540E+000 2.745999992E-001
 1.197617769E+000 2.745999992E-001
 1.207617521E+000 2.746999860E-001
 1.217617750E+000 2.746999860E-001
 1.227617502E+000 2.746999860E-001
 1.237617731E+000 2.746999860E-001
 1.247617483E+000 2.746999860E-001
 1.257617712E+000 2.748000026E-001
 1.267617464E+000 2.748000026E-001
 1.277617693E+000 2.748000026E-001
 1.287617445E+000 2.748000026E-001
 1.297617674E+000 2.748000026E-001
 1.307617426E+000 2.748000026E-001
 1.317617655E+000 2.748000026E-001
 1.327617407E+000 2.748000026E-001
 1.337617636E+000 2.746999860E-001
 1.347617388E+000 2.746999860E-001
 1.357617617E+000 2.746999860E-001
 1.367617846E+000 2.746999860E-001
 1.377617598E+000 2.746999860E-001
 1.387617826E+000 2.746999860E-001
 1.397617579E+000 2.745999992E-001
 1.407617807E+000 2.745999992E-001
 1.417617559E+000 2.745999992E-001
 1.427617788E+000 2.745999992E-001
 1.437617540E+000 2.745000124E-001
 1.447617769E+000 2.745000124E-001
 1.457617521E+000 2.745000124E-001
 1.467617750E+000 2.745000124E-001
 1.477617502E+000 2.743999958E-001
 1.487617731E+000 2.743999958E-001
 1.497617483E+000 2.743999958E-001
 1.507617712E+000 2.743000090E-001
 1.517617464E+000 2.743000090E-001
 1.527617693E+000 2.743000090E-001
 1.537617445E+000 2.743000090E-001
 1.547617674E+000 2.743000090E-001
 1.557617426E+000 2.741999924E-001
 1.567617655E+000 2.741999924E-001
 1.577617407E+000 2.741999924E-001
 1.587617636E+000 2.741999924E-001
 1.597617388E+000 2.741999924E-001
 1.607617617E+000 2.741999924E-001
 1.617617846E+000 2.741999924E-001
 1.627617598E+000 2.741999924E-001
 1.637617826E+000 2.741999924E-001
 1.647617579E+000 2.741999924E-001
 1.657617807E+000 2.741999924E-001
 1.667617559E+000 2.741999924E-001
 1.677617788E+000 2.741999924E-001
 1.687617540E+000 2.741999924E-001
 1.697617769E+000 2.741999924E-001
 1.707617521E+000 2.741999924E-001
 1.717617750E+000 2.741999924E-001
 1.727617502E+000 2.741999924E-001
 1.737617731E+000 2.741999924E-001
 1.747617483E+000 2.741999924E-001
 1.757617712E+000 2.743000090E-001
 1.767617464E+000 2.777000070E-001
 1.777617693E+000 2.811999917E-001
 1.787617445E+000 2.842999995E-001
 1.797617674E+000 2.870999873E-001
 1.807617426E+000 2.894999981E-001
 1.817617655E+000 2.915999889E-001
 1.827617407E+000 2.933000028E-001
 1.837617636E+000 2.946999967E-001
 1.847617388E+000 2.958000004E-001
 1.857617617E+000 2.964999974E-001
 1.867617846E+000 2.969000041E-001
 1.877617598E+000 2.969999909E-001
 1.887617826E+000 2.967000008E-001
 1.897617579E+000 2.960000038E-001
 1.907617807E+000 2.951000035E-001
 1.917617559E+000 2.937000096E-001
 1.927617788E+000 2.921000123E-001
 1.937617540E+000 2.901000082E-001
 1.947617769E+000 2.876999974E-001
 1.957617521E+000 2.851000130E-001
 1.967617750E+000 2.820999920E-001
 1.977617502E+000 2.786999941E-001
 1.987617731E+000 2.750000060E-001
 1.997617483E+000 2.709999979E-001
 2.007617712E+000 2.669000030E-001
 2.017617464E+000 2.669999897E-001
 2.027617693E+000 2.671000063E-001
 2.037617445E+000 2.671999931E-001
 2.047617674E+000 2.671999931E-001
 2.057617426E+000 2.673000097E-001
 2.067617655E+000 2.673999965E-001
 2.077617407E+000 2.675999999E-001
 2.087617636E+000 2.676999867E-001
 2.097617388E+000 2.678000033E-001
 2.107617617E+000 2.678999901E-001
 2.117617846E+000 2.680999935E-001
 2.127617598E+000 2.682000101E-001
 2.137617826E+000 2.682999969E-001
 2.147617579E+000 2.685000002E-001
 2.157617807E+000 2.687000036E-001
 2.167617559E+000 2.687999904E-001
 2.177617788E+000 2.687999904E-001
 2.187617540E+000 2.685000002E-001
 2.197617769E+000 2.680999935E-001
 2.207617521E+000 2.675000131E-001
 2.217617750E+000 2.666000128E-001
 2.227617502E+000 2.655999959E-001
 2.237617731E+000 2.644000053E-001
 2.247617483E+000 2.628999949E-001
 2.257617712E+000 2.612999976E-001
 2.267617464E+000 2.597999871E-001
 2.277617693E+000 2.583999932E-001
 2.287617445E+000 2.572000027E-001
 2.297617674E+000 2.560999990E-001
 2.307617426E+000 2.551999986E-001
 2.317617655E+000 2.544000149E-001
 2.327617407E+000 2.538000047E-001
 2.337617636E+000 2.533000112E-001
 2.347617388E+000 2.529999912E-001
 2.357617617E+000 2.527999878E-001
 2.367617846E+000 2.527000010E-001
 2.377617598E+000 2.522999942E-001
 2.387617826E+000 2.515000105E-001
 2.397617579E+000 2.506999969E-001
 2.407617807E+000 2.498999983E-001
 2.417617559E+000 2.490999997E-001
 2.427617788E+000 2.483000010E-001
 2.437617540E+000 2.475000024E-001
 2.447617769E+000 2.471999973E-001
 2.457617521E+000 2.472999990E-001
 2.467617750E+000 2.475000024E-001
 2.477617502E+000 2.476000041E-001
 2.487617731E+000 2.476000041E-001
 2.497617483E+000 2.476000041E-001
 2.507617712E+000 2.476000041E-001
 2.517617464E+000 2.475000024E-001
 2.527617693E+000 2.472999990E-001
 2.537617445E+000 2.470999956E-001
 2.547617674E+000 2.469000071E-001
 2.557617426E+000 2.466000021E-001
 2.567617655E+000 2.462999970E-001
 2.577617407E+000 2.459000051E-001
 2.587617636E+000 2.454999983E-001
 2.597617388E+000 2.450000048E-001
 2.607617617E+000 2.444999963E-001
 2.617617846E+000 2.439000010E-001
 2.627617598E+000 2.433000058E-001
 2.637617826E+000 2.425999939E-001
 2.647617579E+000 2.418999970E-001
 2.657617807E+000 2.412000000E-001
 2.667617559E+000 2.404000014E-001
 2.677617788E+000 2.395000011E-001
 2.687617540E+000 2.386000007E-001
 2.697617769E+000 2.377000004E-001
 2.707617521E+000 2.366999984E-001
 2.717617750E+000 2.356999964E-001
 2.727617502E+000 2.345999926E-001
 2.737617731E+000 2.335000038E-001
 2.747617483E+000 2.322999984E-001
 2.757617712E+000 2.310999930E-001
 2.767617464E+000 2.298000008E-001
 2.777617693E+000 2.284999937E-001
 2.787617445E+000 2.270999998E-001
 2.797617674E+000 2.257000059E-001
 2.807617426E+000 2.242999971E-001
 2.817617655E+000 2.228000015E-001
 2.827617407E+000 2.212000042E-001
 2.837617636E+000 2.196000069E-001
 2.847617388E+000 2.179999948E-001
 2.857617617E+000 2.162999958E-001
 2.867617846E+000 2.145999968E-001
 2.877617598E+000 2.127999961E-001
 2.887617826E+000 2.109999955E-001
 2.897617579E+000 2.094999999E-001
 2.907617807E+000 2.081000060E-001
 2.917617559E+000 2.066999972E-001
 2.927617788E+000 2.053000033E-001
 2.937617540E+000 2.038999945E-001
 2.947617769E+000 2.026000023E-001
 2.957617521E+000 2.011999935E-001
 2.967617750E+000 1.999000013E-001
 2.977617502E+000 1.985999942E-001
 2.987617731E+000 1.972000003E-001
 2.997617483E+000 1.959999949E-001
 3.007617712E+000 1.947000027E-001
 3.017617464E+000 1.933999956E-001
 3.027617693E+000 1.922000051E-001
 3.037617445E+000 1.908999979E-001
 3.047617674E+000 1.897000074E-001
 3.057617426E+000 1.885000020E-001
 3.067617655E+000 1.872999966E-001
 3.077617407E+000 1.861000061E-001
 3.087617636E+000 1.849000007E-001
 3.097617388E+000 1.837999970E-001
 3.107617617E+000 1.826000065E-001
 3.117617846E+000 1.815000027E-001
 3.127617598E+000 1.803999990E-001
 3.137617826E+000 1.792999953E-001
 3.147617579E+000 1.782000065E-001
 3.157617807E+000 1.771000028E-001
 3.167617559E+000 1.761000007E-001
 3.177617788E+000 1.749999970E-001
 3.187617540E+000 1.739999950E-001
 3.197617769E+000 1.729999930E-001
 3.207617521E+000 1.719000041E-001
 3.217617750E+000 1.710000038E-001
 3.227617502E+000 1.700000018E-001
 3.237617731E+000 1.689999998E-001
 3.247617483E+000 1.680999994E-001
 3.257617712E+000 1.670999974E-001
 3.267617464E+000 1.661999971E-001
 3.277617693E+000 1.652999967E-001
 3.287617445E+000 1.643999964E-001
 3.297617674E+000 1.634999961E-001
 3.307617426E+000 1.625999957E-001
 3.317617655E+000 3.635999858E-001
 3.327617407E+000 2.793999910E-001
 3.337617636E+000 1.590999961E-001
 3.347617388E+000 1.586000025E-001
 3.357617617E+000 1.626999974E-001
 3.367617846E+000 1.667000055E-001
 3.377617598E+000 1.706999987E-001
 3.387617826E+000 1.747000068E-001
 3.397617579E+000 1.785999984E-001
 3.407617807E+000 1.826000065E-001
 3.417617559E+000 1.864999980E-001
 3.427617788E+000 1.904000044E-001
 3.437617540E+000 1.941999942E-001
 3.447617769E+000 1.981000006E-001
 3.457617521E+000 2.019000053E-001
 3.467617750E+000 2.055999935E-001
 3.477617502E+000 2.093999982E-001
 3.487617731E+000 2.131000012E-001
 3.497617483E+000 2.169000059E-001
 3.507617712E+000 2.205000073E-001
 3.517617464E+000 2.241999954E-001
 3.527617693E+000 2.277999967E-001
 3.537617445E+000 2.314999998E-001
 3.547617674E+000 2.349999994E-001
 3.557617426E+000 2.386000007E-001
 3.567617655E+000 2.421000004E-001
 3.577617407E+000 2.454999983E-001
 3.587617636E+000 2.488999963E-001
 3.597617388E+000 2.520999908E-001
 3.607617617E+000 2.552999854E-001
 3.617617846E+000 2.583999932E-001
 3.627617598E+000 2.614000142E-001
 3.637617826E+000 2.642999887E-001
 3.647617579E+000 2.671000063E-001
 3.657617807E+000 2.698000073E-001
 3.667617559E+000 2.725000083E-001
 3.677617788E+000 2.750000060E-001
 3.687617540E+000 2.775000036E-001
 3.697617769E+000 2.797999978E-001
 3.707617521E+000 2.820999920E-001
 3.717617750E+000 2.842999995E-001
 3.727617502E+000 2.865000069E-001
 3.737617731E+000 2.885000110E-001
 3.747617483E+000 2.903999984E-001
 3.757617712E+000 2.922999859E-001
 3.767617464E+000 2.930999994E-001
 3.777617693E+000 2.940999866E-001
 3.787617445E+000 2.953999937E-001
 3.797617674E+000 2.969000041E-001
 3.807617426E+000 2.982999980E-001
 3.817617655E+000 2.998999953E-001
 3.827617407E+000 3.014999926E-001
 3.837617636E+000 3.032000065E-001
 3.847617388E+000 3.048999906E-001
 3.857617617E+000 3.066999912E-001
 3.867617846E+000 3.086000085E-001
 3.877617598E+000 3.104999959E-001
 3.887617826E+000 3.125000000E-001
 3.897617579E+000 3.145999908E-001
 3.907617807E+000 3.224000037E-001
 3.917617559E+000 3.353999853E-001
 3.927617788E+000 3.465999961E-001
 3.937617540E+000 3.558999896E-001
 3.947617769E+000 3.634000123E-001
 3.957617521E+000 3.689999878E-001
 3.967617750E+000 3.727000058E-001
 3.977617502E+000 3.745999932E-001
 3.987617731E+000 3.747000098E-001
 3.997617483E+000 3.729000092E-001
 4.007617474E+000 3.691999912E-001
 4.017617226E+000 3.637000024E-001
 4.027617455E+000 3.564000130E-001
 4.037617207E+000 3.472000062E-001
 4.047617435E+000 3.361000121E-001
 4.057617188E+000 3.231999874E-001
 4.067617416E+000 3.084000051E-001
 4.077617168E+000 2.917999923E-001
 4.087617397E+000 2.732999921E-001
 4.097617149E+000 2.614000142E-001
 4.107617378E+000 2.603999972E-001
 4.117617607E+000 2.594999969E-001
 4.127617359E+000 2.587000132E-001
 4.137617588E+000 2.578999996E-001
 4.147617340E+000 2.570999861E-001
 4.157617569E+000 2.563999891E-001
 4.167617321E+000 2.556999922E-001
 4.177617550E+000 2.551000118E-001
 4.187617302E+000 2.545000017E-001
 4.197617531E+000 2.540000081E-001
 4.207617283E+000 2.535000145E-001
 4.217617512E+000 2.531000078E-001
 4.227617264E+000 2.527000010E-001
 4.237617493E+000 2.524000108E-001
 4.247617245E+000 2.520999908E-001
 4.257617474E+000 2.518999875E-001
 4.267617226E+000 2.517000139E-001
 4.277617455E+000 2.515000105E-001
 4.287617207E+000 2.515000105E-001
 4.297617435E+000 2.513999939E-001
 4.307617188E+000 2.513999939E-001
 4.317617416E+000 2.515000105E-001
 4.327617168E+000 2.515000105E-001
 4.337617397E+000 2.517000139E-001
 4.347617149E+000 2.518999875E-001
 4.357617378E+000 2.520999908E-001
 4.367617607E+000 2.524000108E-001
 4.377617359E+000 2.527000010E-001
 4.387617588E+000 2.531000078E-001
 4.397617340E+000 2.535000145E-001
 4.407617569E+000 2.540000081E-001
 4.417617321E+000 2.545000017E-001
 4.427617550E+000 2.551000118E-001
 4.437617302E+000 2.556999922E-001
 4.447617531E+000 2.563999891E-001
 4.457617283E+000 2.569999993E-001
 4.467617512E+000 2.578000128E-001
 4.477617264E+000 2.588000000E-001
 4.487617493E+000 2.601000071E-001
 4.497617245E+000 2.615999877E-001
 4.507617474E+000 2.633999884E-001
 4.517617226E+000 2.655000091E-001
 4.527617455E+000 2.678999901E-001
 4.537617207E+000 2.705000043E-001
 4.547617435E+000 2.734999955E-001
 4.557617188E+000 2.766000032E-001
 4.567617416E+000 2.800999880E-001
 4.577617168E+000 2.838000059E-001
 4.587617397E+000 2.878000140E-001
 4.597617149E+000 2.921000123E-001
 4.607617378E+000 2.966000140E-001
 4.617617607E+000 3.014000058E-001
 4.627617359E+000 3.064999878E-001
 4.637617588E+000 3.118000031E-001
 4.647617340E+000 3.174999952E-001
 4.657617569E+000 3.233999908E-001
 4.667617321E+000 3.294999897E-001
 4.677617550E+000 3.359000087E-001
 4.687617302E+000 3.425999880E-001
 4.697617531E+000 3.495999873E-001
 4.707617283E+000 3.567999899E-001
 4.717617512E+000 3.643000126E-001
 4.727617264E+000 3.714999855E-001
 4.737617493E+000 3.774999976E-001
 4.747617245E+000 3.826999962E-001
 4.757617474E+000 3.869999945E-001
 4.767617226E+000 3.903999925E-001
 4.777617455E+000 3.930000067E-001
 4.787617207E+000 3.946999907E-001
 4.797617435E+000 3.955999911E-001
 4.807617188E+000 3.955999911E-001
 4.817617416E+000 3.946999907E-001
 4.827617168E+000 3.930000067E-001
 4.837617397E+000 3.903999925E-001
 4.847617149E+000 3.869999945E-001
 4.857617378E+000 3.826999962E-001
 4.867617607E+000 3.774999976E-001
 4.877617359E+000 3.718000054E-001
 4.887617588E+000 3.664999902E-001
 4.897617340E+000 3.616000116E-001
 4.908617496E+000 3.571999967E-001
 4.918617725E+000 3.533000052E-001
 4.928617001E+000 3.497999907E-001
 4.938617229E+000 3.467000127E-001
 4.948617458E+000 3.440999985E-001
 4.958617687E+000 3.420000076E-001
 4.968616962E+000 3.402999938E-001
 4.978617191E+000 3.389999866E-001
 4.988617420E+000 3.382000029E-001
 4.998617649E+000 3.379000127E-001
 5.008616924E+000 3.379999995E-001
 5.018617153E+000 3.384999931E-001
 5.028617382E+000 3.388999999E-001
 5.038617611E+000 3.391999900E-001
 5.048617840E+000 3.395999968E-001
 5.058617115E+000 3.400000036E-001
 5.068617344E+000 3.404000103E-001
 5.078617573E+000 3.409000039E-001
 5.088617802E+000 3.312999904E-001
 5.098617077E+000 3.319999874E-001
 5.108617306E+000 3.327000141E-001
 5.118617535E+000 3.334999979E-001
 5.128617764E+000 3.343000114E-001
 5.138617039E+000 3.350000083E-001
 5.148617268E+000 3.357999921E-001
 5.158617496E+000 3.366000056E-001
 5.168617725E+000 3.375000060E-001
 5.178617001E+000 3.382999897E-001
 5.188617229E+000 3.391000032E-001
 5.198617458E+000 3.400000036E-001
 5.208617687E+000 3.407999873E-001
 5.218616962E+000 3.416999876E-001
 5.228617191E+000 3.425000012E-001
 5.238617420E+000 3.434000015E-001
 5.248617649E+000 3.443000019E-001
 5.258616924E+000 3.452000022E-001
 5.268617153E+000 3.461000025E-001
 5.278617382E+000 3.470000029E-001
 5.288617611E+000 3.589000106E-001
 5.298617840E+000 3.682000041E-001
 5.308617115E+000 3.765999973E-001
 5.318617344E+000 3.840000033E-001
 5.328617573E+000 3.903999925E-001
 5.338617802E+000 3.957999945E-001
 5.348617077E+000 4.002000093E-001
 5.358617306E+000 4.036999941E-001
 5.368617535E+000 4.061000049E-001
 5.378617764E+000 4.075999856E-001
 5.388617039E+000 4.081000090E-001
 5.398617268E+000 4.075999856E-001
 5.408617496E+000 4.061000049E-001
 5.418617725E+000 4.036999941E-001
 5.428617001E+000 4.002000093E-001
 5.438617229E+000 3.957999945E-001
 5.448617458E+000 3.903999925E-001
 5.458617687E+000 3.840000033E-001
 5.468616962E+000 3.765999973E-001
 5.478617191E+000 3.682000041E-001
 5.488617420E+000 3.587999940E-001
 5.498617649E+000 3.485000134E-001
 5.508616924E+000 3.397000134E-001
 5.518617153E+000 3.377999961E-001
 5.528617382E+000 3.359999955E-001
 5.538617611E+000 3.343000114E-001
 5.548617840E+000 3.327000141E-001
 5.558617115E+000 3.310999870E-001
 5.568617344E+000 3.294999897E-001
 5.578617573E+000 3.278999925E-001
 5.588617802E+000 3.264000118E-001
 5.598617077E+000 3.248000145E-001
 5.608617306E+000 3.233000040E-001
 5.618617535E+000 3.217999935E-001
 5.628617764E+000 3.203000128E-001
 5.638617039E+000 3.188999891E-001
 5.648617268E+000 3.174000084E-001
 5.658617496E+000 3.160000145E-001
 5.668617725E+000 3.145999908E-001
 5.678617001E+000 3.131999969E-001
 5.688617229E+000 3.118000031E-001
 5.698617458E+000 3.104999959E-001
 5.708617687E+000 3.091999888E-001
 5.718616962E+000 3.077999949E-001
 5.728617191E+000 3.064999878E-001
 5.738617420E+000 3.052999973E-001
 5.748617649E+000 3.039999902E-001
 5.758616924E+000 3.027999997E-001
 5.768617153E+000 3.014999926E-001
 5.778617382E+000 3.003000021E-001
 5.788617611E+000 2.991000116E-001
 5.798617840E+000 2.980000079E-001
 5.808617115E+000 2.967999876E-001
 5.818617344E+000 2.957000136E-001
 5.828617573E+000 2.946000099E-001
 5.838617802E+000 2.935000062E-001
 5.848617077E+000 2.924000025E-001
 5.858617306E+000 2.912999988E-001
 5.868617535E+000 2.903000116E-001
 5.878617764E+000 2.892999947E-001
 5.888617039E+000 2.881999910E-001
 5.898617268E+000 2.872999907E-001
 5.908617496E+000 2.863000035E-001
 5.918617725E+000 2.852999866E-001
 5.928617001E+000 2.843999863E-001
 5.938617229E+000 2.834999859E-001
 5.948617458E+000 2.825999856E-001
 5.958617687E+000 2.816999853E-001
 5.968616962E+000 2.808000147E-001
 5.978617191E+000 2.800000012E-001
 5.988617420E+000 2.791999876E-001
 5.998617649E+000 2.784000039E-001
 6.008616924E+000 2.775999904E-001
 6.018617153E+000 2.768000066E-001
 6.028617382E+000 2.759999931E-001
 6.038617611E+000 2.752999961E-001
 6.048617840E+000 2.745999992E-001
 6.058617115E+000 2.739000022E-001
 6.068617344E+000 2.732000053E-001
 6.078617573E+000 2.725000083E-001
 6.088617802E+000 2.718999982E-001
 6.098617077E+000 2.712000012E-001
 6.108617306E+000 2.705999911E-001
 6.118617535E+000 2.700000107E-001
 6.128617764E+000 2.694999874E-001
 6.138617039E+000 2.689000070E-001
 6.148617268E+000 2.682999969E-001
 6.158617496E+000 2.678000033E-001
 6.168617725E+000 2.673000097E-001
 6.178617001E+000 2.667999864E-001
 6.188617229E+000 2.662999928E-001
 6.198617458E+000 2.658999860E-001
 6.208617687E+000 2.653999925E-001
 6.218616962E+000 2.649999857E-001
 6.228617191E+000 2.646000087E-001
 6.238617420E+000 2.642000020E-001
 6.248617649E+000 2.637999952E-001
 6.258616924E+000 2.635000050E-001
 6.268617153E+000 2.632000148E-001
 6.278617382E+000 2.637000084E-001
 6.288617611E+000 2.657999992E-001
 6.298617840E+000 2.687999904E-001
 6.308617115E+000 2.727000117E-001
 6.318617344E+000 2.775000036E-001
 6.328617573E+000 2.836999893E-001
 6.338617802E+000 2.901999950E-001
 6.348617077E+000 2.966000140E-001
 6.358617306E+000 3.027000129E-001
 6.368617535E+000 3.084999919E-001
 6.378617764E+000 3.142000139E-001
 6.388617039E+000 3.195999861E-001
 6.398617268E+000 3.248000145E-001
 6.408617496E+000 3.298000097E-001
 6.418617725E+000 3.345000148E-001
 6.428617001E+000 3.391000032E-001
 6.438617229E+000 3.434000015E-001
 6.448617458E+000 3.474000096E-001
 6.458617687E+000 3.513000011E-001
 6.468616962E+000 3.549000025E-001
 6.478617191E+000 3.583999872E-001
 6.488617420E+000 3.614999950E-001
 6.498617649E+000 3.644999862E-001
 6.508616924E+000 3.673000038E-001
 6.518617153E+000 3.698000014E-001
 6.528617382E+000 3.720999956E-001
 6.538617611E+000 3.740999997E-001
 6.548617840E+000 3.759999871E-001
 6.558617115E+000 3.776000142E-001
 6.568617344E+000 3.790000081E-001
 6.578617573E+000 3.801999986E-001
 6.588617802E+000 3.811999857E-001
 6.598617077E+000 3.819000125E-001
 6.608617306E+000 3.824000061E-001
 6.618617535E+000 3.826999962E-001
 6.628617764E+000 3.828000128E-001
 6.638617039E+000 3.824999928E-001
 6.648617268E+000 3.810000122E-001
 6.658617496E+000 3.792000115E-001
 6.668617725E+000 3.770999908E-001
 6.678617001E+000 3.747999966E-001
 6.688617229E+000 3.722999990E-001
 6.698617458E+000 3.695999980E-001
 6.708617687E+000 3.664999902E-001
 6.718616962E+000 3.643000126E-001
 6.728617191E+000 3.634000123E-001
 6.738617420E+000 3.625000119E-001
 6.748617649E+000 3.614999950E-001
 6.758616924E+000 3.603999913E-001
 6.768617153E+000 3.592000008E-001
 6.778617382E+000 3.578999937E-001
 6.788617611E+000 3.564999998E-001
 6.798617840E+000 3.551000059E-001
 6.808617115E+000 3.535999954E-001
 6.818617344E+000 3.521000147E-001
 6.828617573E+000 3.504999876E-001
 6.838617802E+000 3.490000069E-001
 6.848617077E+000 3.474000096E-001
 6.858617306E+000 3.458000124E-001
 6.868617535E+000 3.440999985E-001
 6.878617764E+000 3.425000012E-001
 6.888617039E+000 3.407999873E-001
 6.898617268E+000 3.391000032E-001
 6.908617496E+000 3.373999894E-001
 6.918617725E+000 3.357000053E-001
 6.928617001E+000 3.339000046E-001
 6.938617229E+000 3.662000000E-001
 6.948617458E+000 3.648000062E-001
 6.958617687E+000 3.637999892E-001
 6.968616962E+000 3.630000055E-001
 6.978617191E+000 3.623000085E-001
 6.988617420E+000 3.616999984E-001
 6.998617649E+000 3.612000048E-001
 7.008616924E+000 3.609000146E-001
 7.018617153E+000 3.607999980E-001
 7.028617382E+000 3.607000113E-001
 7.038617611E+000 3.607999980E-001
 7.048617840E+000 3.621999919E-001
 7.058617115E+000 3.639999926E-001
 7.068617344E+000 3.659999967E-001
 7.078617573E+000 3.682999909E-001
 7.088617802E+000 3.707999885E-001
 7.098617077E+000 3.736000061E-001
 7.108617306E+000 3.765999973E-001
 7.118617535E+000 3.797999918E-001
 7.128617764E+000 3.831999898E-001
 7.138617039E+000 3.869000077E-001
 7.148617268E+000 3.907999992E-001
 7.158617496E+000 3.948999941E-001
 7.168617725E+000 3.993000090E-001
 7.178617001E+000 4.038999975E-001
 7.188617229E+000 4.088000059E-001
 7.198617458E+000 4.138000011E-001
 7.208617687E+000 4.192000031E-001
 7.218616962E+000 4.246999919E-001
 7.228617191E+000 4.305000007E-001
 7.238617420E+000 4.372999966E-001
 7.248617649E+000 4.471000135E-001
 7.258616924E+000 4.564000070E-001
 7.268617153E+000 4.645999968E-001
 7.278617382E+000 4.717999995E-001
 7.288617611E+000 4.778999984E-001
 7.298617840E+000 4.830000103E-001
 7.308617115E+000 4.869999886E-001
 7.318617344E+000 4.898999929E-001
 7.328617573E+000 4.918000102E-001
 7.338617802E+000 4.927000105E-001
 7.348617077E+000 4.925000072E-001
 7.358617306E+000 4.912000000E-001
 7.368617535E+000 4.889000058E-001
 7.378617764E+000 4.855000079E-001
 7.388617039E+000 4.810999930E-001
 7.398617268E+000 4.778999984E-001
 7.408617496E+000 4.760000110E-001
 7.418617725E+000 4.733000100E-001
 7.428617001E+000 4.699000120E-001
 7.438617229E+000 4.657000005E-001
 7.448617458E+000 4.605999887E-001
 7.458617687E+000 4.548000097E-001
 7.468616962E+000 4.499000013E-001
 7.478617191E+000 4.499000013E-001
 7.488617420E+000 4.498000145E-001
 7.498617649E+000 4.496000111E-001
 7.508616924E+000 4.490999877E-001
 7.518617153E+000 4.483999908E-001
 7.528617382E+000 4.476000071E-001
 7.538617611E+000 4.472999871E-001
 7.548617840E+000 4.472000003E-001
 7.558617115E+000 4.469999969E-001
 7.568617344E+000 4.467000067E-001
 7.578617573E+000 4.463999867E-001
 7.588617802E+000 4.458999932E-001
 7.598617077E+000 4.453999996E-001
 7.608617306E+000 4.447999895E-001
 7.618617535E+000 4.440999925E-001
 7.628617764E+000 4.433000088E-001
 7.638617039E+000 4.424000084E-001
 7.648617268E+000 4.413999915E-001
 7.658617496E+000 4.404000044E-001
 7.668617725E+000 4.393000007E-001
 7.678617001E+000 4.381000102E-001
 7.688617229E+000 4.368000031E-001
 7.698617458E+000 4.354000092E-001
 7.708617687E+000 4.338999987E-001
 7.718616962E+000 4.323000014E-001
 7.728617191E+000 4.307000041E-001
 7.738617420E+000 4.289999902E-001
 7.748617649E+000 4.271999896E-001
 7.758616924E+000 4.253000021E-001
 7.768617153E+000 4.232999980E-001
 7.778617382E+000 4.212000072E-001
 7.788617611E+000 4.190999866E-001
 7.798617840E+000 4.169000089E-001
 7.808617115E+000 4.146000147E-001
 7.818617344E+000 4.122000039E-001
 7.828617573E+000 4.097999930E-001
 7.838617802E+000 4.072999954E-001
 7.848617077E+000 4.047000110E-001
 7.858617306E+000 4.020000100E-001
 7.868617535E+000 4.007000029E-001
 7.878617764E+000 4.007999897E-001
 7.888617039E+000 4.007999897E-001
 7.898617268E+000 4.009000063E-001
 7.908617496E+000 4.009999931E-001
 7.918617725E+000 4.011000097E-001
 7.928617001E+000 4.011999965E-001
 7.938617229E+000 4.013000131E-001
 7.948617458E+000 4.014999866E-001
 7.958617687E+000 4.016999900E-001
 7.968616962E+000 4.020000100E-001
 7.978617191E+000 4.022000134E-001
 7.988617420E+000 4.025000036E-001
 7.998617649E+000 4.027999938E-001
 8.008617401E+000 4.032000005E-001
 8.018617630E+000 4.034999907E-001
 8.028617859E+000 4.038999975E-001
 8.038618088E+000 4.043999910E-001
 8.048618317E+000 4.047999978E-001
 8.058617592E+000 4.052999914E-001
 8.068617821E+000 4.058000147E-001
 8.078618050E+000 4.063999951E-001
 8.088618279E+000 4.068999887E-001
 8.098617554E+000 4.074999988E-001
 8.108617783E+000 4.081000090E-001
 8.118618011E+000 4.088000059E-001
 8.128618240E+000 4.095000029E-001
 8.138617516E+000 4.101999998E-001
 8.148617744E+000 4.108999968E-001
 8.158617973E+000 4.117000103E-001
 8.168618202E+000 4.124999940E-001
 8.178617477E+000 4.133000076E-001
 8.188617706E+000 4.140999913E-001
 8.198617935E+000 4.149999917E-001
 8.208618164E+000 4.158999920E-001
 8.218617439E+000 4.167999923E-001
 8.228617668E+000 4.178000093E-001
 8.238617897E+000 4.187999964E-001
 8.248618126E+000 4.198000133E-001
 8.258617401E+000 4.208000004E-001
 8.268617630E+000 4.219000041E-001
 8.278617859E+000 4.225000143E-001
 8.288618088E+000 4.230000079E-001
 8.298618317E+000 4.235999882E-001
 8.308617592E+000 4.241000116E-001
 8.318617821E+000 4.246999919E-001
 8.328618050E+000 4.253000021E-001
 8.338618279E+000 4.257999957E-001
 8.348617554E+000 4.262000024E-001
 8.358617783E+000 4.266999960E-001
 8.368618011E+000 4.269999862E-001
 8.378618240E+000 4.273999929E-001
 8.388617516E+000 4.275999963E-001
 8.398617744E+000 4.278999865E-001
 8.408617973E+000 4.282000065E-001
 8.418618202E+000 4.284000099E-001
 8.428617477E+000 4.287000000E-001
 8.438617706E+000 4.289999902E-001
 8.448617935E+000 4.293000102E-001
 8.458618164E+000 4.296000004E-001
 8.468617439E+000 4.298999906E-001
 8.478617668E+000 4.302000105E-001
 8.488617897E+000 4.307999909E-001
 8.498618126E+000 4.329999983E-001
 8.508617401E+000 4.352000058E-001
 8.518617630E+000 4.375000000E-001
 8.528617859E+000 4.397999942E-001
 8.538618088E+000 4.422000051E-001
 8.548618317E+000 4.444999993E-001
 8.558617592E+000 4.469999969E-001
 8.568617821E+000 4.494000077E-001
 8.578618050E+000 4.517999887E-001
 8.588618279E+000 4.541999996E-001
 8.598617554E+000 4.578000009E-001
 8.608617783E+000 4.614000022E-001
 8.618618011E+000 4.650000036E-001
 8.628618240E+000 4.684999883E-001
 8.638617516E+000 4.711000025E-001
 8.648617744E+000 4.726000130E-001
 8.658617973E+000 4.740000069E-001
 8.668618202E+000 4.753000140E-001
 8.678617477E+000 4.765000045E-001
 8.688617706E+000 4.776999950E-001
 8.698617935E+000 4.787999988E-001
 8.708618164E+000 4.797999859E-001
 8.718617439E+000 4.806999862E-001
 8.728617668E+000 4.815999866E-001
 8.738617897E+000 4.824000001E-001
 8.748618126E+000 4.830999970E-001
 8.758617401E+000 4.837000072E-001
 8.768617630E+000 4.842999876E-001
 8.778617859E+000 4.848000109E-001
 8.788618088E+000 4.851999879E-001
 8.798618317E+000 4.855000079E-001
 8.808617592E+000 4.857000113E-001
 8.818617821E+000 4.859000146E-001
 8.828618050E+000 4.860000014E-001
 8.838618279E+000 4.860000014E-001
 8.848617554E+000 4.860000014E-001
 8.858617783E+000 4.867999852E-001
 8.868618011E+000 4.411000013E-001
 8.878618240E+000 4.408000112E-001
 8.888617516E+000 4.404000044E-001
 8.898617744E+000 4.402000010E-001
 8.909617424E+000 4.399000108E-001
 8.919617653E+000 4.397000074E-001
 8.929617882E+000 4.395000041E-001
 8.939618111E+000 4.393000007E-001
 8.949617386E+000 4.392000139E-001
 8.959617615E+000 4.390999973E-001
 8.969617844E+000 4.390000105E-001
 8.979618073E+000 4.390000105E-001
 8.989618301E+000 4.390000105E-001
 8.999617577E+000 4.390000105E-001
 9.009617805E+000 4.390999973E-001
 9.019618034E+000 4.392000139E-001
 9.029618263E+000 4.393000007E-001
 9.039617538E+000 4.395000041E-001
 9.049617767E+000 4.397000074E-001
 9.059617996E+000 4.399000108E-001
 9.069618225E+000 4.401000142E-001
 9.079617500E+000 4.404000044E-001
 9.089617729E+000 4.406999946E-001
 9.099617958E+000 4.410000145E-001
 9.109618187E+000 4.413999915E-001
 9.119617462E+000 4.417000115E-001
 9.129617691E+000 4.420999885E-001
 9.139617920E+000 4.424999952E-001
 9.149618149E+000 4.429000020E-001
 9.159617424E+000 4.433000088E-001
 9.169617653E+000 4.436999857E-001
 9.179617882E+000 4.440999925E-001
 9.189618111E+000 4.445999861E-001
 9.199617386E+000 4.451000094E-001
 9.209617615E+000 4.454999864E-001
 9.219617844E+000 4.460000098E-001
 9.229618073E+000 4.478000104E-001
 9.239618301E+000 4.508999884E-001
 9.249617577E+000 4.539000094E-001
 9.259617805E+000 4.568000138E-001
 9.269618034E+000 4.595000148E-001
 9.279618263E+000 4.620999992E-001
 9.289617538E+000 4.645000100E-001
 9.299617767E+000 4.668000042E-001
 9.309617996E+000 4.688999951E-001
 9.319618225E+000 4.708999991E-001
 9.329617500E+000 4.727999866E-001
 9.339617729E+000 4.745000005E-001
 9.349617958E+000 4.760999978E-001
 9.359618187E+000 4.774999917E-001
 9.369617462E+000 4.787999988E-001
 9.379617691E+000 4.799999893E-001
 9.389617920E+000 4.810000062E-001
 9.399618149E+000 4.817999899E-001
 9.409617424E+000 4.824999869E-001
 9.419617653E+000 4.830999970E-001
 9.429617882E+000 4.835000038E-001
 9.439618111E+000 4.837999940E-001
 9.449617386E+000 4.839000106E-001
 9.459617615E+000 4.839000106E-001
 9.469617844E+000 4.837999940E-001
 9.479618073E+000 4.835000038E-001
 9.489618301E+000 4.830999970E-001
 9.499617577E+000 4.824999869E-001
 9.509617805E+000 4.817999899E-001
 9.519618034E+000 4.808999896E-001
 9.529618263E+000 4.799000025E-001
 9.539617538E+000 4.790000021E-001
 9.549617767E+000 4.803000093E-001
 9.559617996E+000 4.815999866E-001
 9.569618225E+000 4.830000103E-001
 9.579617500E+000 4.844999909E-001
 9.589617729E+000 4.860000014E-001
 9.599617958E+000 4.876999855E-001
 9.609618187E+000 4.894999862E-001
 9.619617462E+000 4.912999868E-001
 9.629617691E+000 4.932000041E-001
 9.639617920E+000 4.952999949E-001
 9.649618149E+000 4.981000125E-001
 9.659617424E+000 5.018000007E-001
 9.669617653E+000 5.055000186E-001
 9.679617882E+000 5.091999769E-001
 9.689618111E+000 5.130000114E-001
 9.699617386E+000 5.169000030E-001
 9.709617615E+000 5.207999945E-001
 9.719617844E+000 5.246999860E-001
 9.729618073E+000 5.286999941E-001
 9.739618301E+000 5.327000022E-001
 9.749617577E+000 5.368000269E-001
 9.759617805E+000 5.394999981E-001
 9.769618034E+000 5.399000049E-001
 9.779618263E+000 5.403000116E-001
 9.789617538E+000 5.407000184E-001
 9.799617767E+000 5.410000086E-001
 9.809617996E+000 5.414000154E-001
 9.819618225E+000 5.417000055E-001
 9.829617500E+000 5.421000123E-001
 9.839617729E+000 5.424000025E-001
 9.849617958E+000 5.426999927E-001
 9.859618187E+000 5.429999828E-001
 9.869617462E+000 5.432999730E-001
 9.879617691E+000 5.436000228E-001
 9.889617920E+000 5.437999964E-001
 9.899618149E+000 5.440999866E-001
 9.909617424E+000 5.435000062E-001
 9.919617653E+000 5.338000059E-001
 9.929617882E+000 5.266000032E-001
 9.939618111E+000 5.220000148E-001
 9.949617386E+000 5.199999809E-001
 9.959617615E+000 5.198000073E-001
 9.969617844E+000 5.195000172E-001
 9.979618073E+000 5.192999840E-001
 9.989618301E+000 5.189999938E-001
 9.999617577E+000 5.187000036E-001
 1.000961781E+001 5.184000134E-001
 1.001961803E+001 5.181000233E-001
 1.002961826E+001 5.177999735E-001
 1.003961754E+001 5.174999833E-001
 1.004961777E+001 5.171999931E-001
 1.005961800E+001 5.169000030E-001
 1.006961823E+001 5.164999962E-001
 1.007961750E+001 5.162000060E-001
 1.008961773E+001 5.157999992E-001
 1.009961796E+001 5.155000091E-001
 1.010961819E+001 5.151000023E-001
 1.011961746E+001 5.146999955E-001
 1.012961769E+001 5.142999887E-001
 1.013961792E+001 5.139999986E-001
 1.014961815E+001 5.135999918E-001
 1.015961742E+001 5.137000084E-001
 1.016961765E+001 5.145000219E-001
 1.017961788E+001 5.153999925E-001
 1.018961811E+001 5.163999796E-001
 1.019961739E+001 5.174000263E-001
 1.020961761E+001 5.184000134E-001
 1.021961784E+001 5.195000172E-001
 1.022961807E+001 5.206999779E-001
 1.023961830E+001 5.218999982E-001
 1.024961758E+001 5.231000185E-001
 1.025961781E+001 5.243999958E-001
 1.026961803E+001 5.257999897E-001
 1.027961826E+001 5.271999836E-001
 1.028961754E+001 5.285999775E-001
 1.029961777E+001 5.300999880E-001
 1.030961800E+001 5.317000151E-001
 1.031961823E+001 5.332999825E-001
 1.032961750E+001 5.349000096E-001
 1.033961773E+001 5.360999703E-001
 1.034961796E+001 5.370000005E-001
 1.035961819E+001 5.378999710E-001
 1.036961746E+001 5.389000177E-001
 1.037961769E+001 5.399000049E-001
 1.038961792E+001 5.410000086E-001
 1.039961815E+001 5.421000123E-001
 1.040961742E+001 5.432000160E-001
 1.041961765E+001 5.443999767E-001
 1.042961788E+001 5.455999970E-001
 1.043961811E+001 5.468000174E-001
 1.044961739E+001 5.480999947E-001
 1.045961761E+001 5.493999720E-001
 1.046961784E+001 5.507000089E-001
 1.047961807E+001 5.519999862E-001
 1.048961830E+001 5.533000231E-001
 1.049961758E+001 5.547000170E-001
 1.050961781E+001 5.561000109E-001
 1.051961803E+001 5.575000048E-001
 1.052961826E+001 5.588999987E-001
 1.053961754E+001 5.604000092E-001
 1.054961777E+001 5.618000031E-001
 1.055961800E+001 5.633000135E-001
 1.056961823E+001 5.648000240E-001
 1.057961750E+001 5.662999749E-001
 1.058961773E+001 5.679000020E-001
 1.059961796E+001 5.695999861E-001
 1.060961819E+001 5.781999826E-001
 1.061961746E+001 5.879999995E-001
 1.062961769E+001 5.957999825E-001
 1.063961792E+001 6.018000245E-001
 1.064961815E+001 6.060000062E-001
 1.065961742E+001 6.082999706E-001
 1.066961765E+001 6.087999940E-001
 1.067961788E+001 6.072999835E-001
 1.068961811E+001 6.040999889E-001
 1.069961739E+001 5.989999771E-001
 1.070961761E+001 5.920000076E-001
 1.071961784E+001 5.831999779E-001
 1.072961807E+001 5.724999905E-001
 1.073961830E+001 5.651000142E-001
 1.074961758E+001 5.651999712E-001
 1.075961781E+001 5.651000142E-001
 1.076961803E+001 5.651000142E-001
 1.077961826E+001 5.649999976E-001
 1.078961754E+001 5.648000240E-001
 1.079961777E+001 5.645999908E-001
 1.080961800E+001 5.644000173E-001
 1.081961823E+001 5.641000271E-001
 1.082961750E+001 5.637999773E-001
 1.083961773E+001 5.633999705E-001
 1.084961796E+001 5.630000234E-001
 1.085961819E+001 5.626000166E-001
 1.086961746E+001 5.620999932E-001
 1.087961769E+001 5.616000295E-001
 1.088961792E+001 5.611000061E-001
 1.089961815E+001 5.605999827E-001
 1.090961742E+001 5.601000190E-001
 1.091961765E+001 5.597000122E-001
 1.092961788E+001 5.591999888E-001
 1.093961811E+001 5.588999987E-001
 1.094961739E+001 5.584999919E-001
 1.095961761E+001 5.580999851E-001
 1.096961784E+001 5.577999949E-001
 1.097961807E+001 5.576000214E-001
 1.098961830E+001 5.575000048E-001
 1.099961758E+001 5.575000048E-001
 1.100961781E+001 5.575000048E-001
 1.101961803E+001 5.576000214E-001
 1.102961826E+001 5.576999784E-001
 1.103961754E+001 5.577999949E-001
 1.104961777E+001 5.580000281E-001
 1.105961800E+001 5.582000017E-001
 1.106961823E+001 5.583999753E-001
 1.107961750E+001 5.587000251E-001
 1.108961773E+001 5.590000153E-001
 1.109961796E+001 5.594000220E-001
 1.110961819E+001 5.598000288E-001
 1.111961746E+001 5.601999760E-001
 1.112961769E+001 5.606999993E-001
 1.113961792E+001 5.612000227E-001
 1.114961815E+001 5.616999865E-001
 1.115961742E+001 5.623000264E-001
 1.116961765E+001 5.629000068E-001
 1.117961788E+001 5.636000037E-001
 1.118961811E+001 5.643000007E-001
 1.119961739E+001 5.649999976E-001
 1.120961761E+001 5.658000112E-001
 1.121961784E+001 5.666000247E-001
 1.122961807E+001 5.673999786E-001
 1.123961830E+001 5.683000088E-001
 1.124961758E+001 5.691999793E-001
 1.125961781E+001 5.701000094E-001
 1.126961803E+001 5.710999966E-001
 1.127961826E+001 5.720999837E-001
 1.128961754E+001 5.705999732E-001
 1.129961777E+001 5.691000223E-001
 1.130961800E+001 5.677000284E-001
 1.131961823E+001 5.663999915E-001
 1.132961750E+001 5.649999976E-001
 1.133961773E+001 5.637000203E-001
 1.134961796E+001 5.625000000E-001
 1.135961819E+001 5.612999797E-001
 1.136961746E+001 5.601999760E-001
 1.137961769E+001 5.590999722E-001
 1.138961792E+001 5.580000281E-001
 1.139961815E+001 5.569999814E-001
 1.140961742E+001 5.559999943E-001
 1.141961765E+001 5.551000237E-001
 1.142961788E+001 5.539000034E-001
 1.143961811E+001 5.526000261E-001
 1.144961739E+001 5.514000058E-001
 1.145961761E+001 5.501999855E-001
 1.146961784E+001 5.490000248E-001
 1.147961807E+001 5.479000211E-001
 1.148961830E+001 5.468999743E-001
 1.149961758E+001 5.458999872E-001
 1.150961781E+001 5.449000001E-001
 1.151961803E+001 5.440000296E-001
 1.152961826E+001 5.432000160E-001
 1.153961754E+001 5.424000025E-001
 1.154961777E+001 5.415999889E-001
 1.155961800E+001 5.408999920E-001
 1.156961823E+001 5.403000116E-001
 1.157961750E+001 5.396999717E-001
 1.158961773E+001 5.390999913E-001
 1.159961796E+001 5.386000276E-001
 1.160961819E+001 5.382000208E-001
 1.161961746E+001 5.378000140E-001
 1.162961769E+001 5.374000072E-001
 1.163961792E+001 5.371000171E-001
 1.164961815E+001 5.368999839E-001
 1.165961742E+001 5.367000103E-001
 1.166961765E+001 5.365999937E-001
 1.167961788E+001 5.364999771E-001
 1.168961811E+001 5.360999703E-001
 1.169961739E+001 5.351999998E-001
 1.170961761E+001 5.342000127E-001
 1.171961784E+001 5.332999825E-001
 1.172961807E+001 5.324000120E-001
 1.173961830E+001 5.315999985E-001
 1.174961758E+001 5.307000279E-001
 1.175961781E+001 5.299000144E-001
 1.176961803E+001 5.291000009E-001
 1.177961826E+001 5.282999873E-001
 1.178961754E+001 5.275999904E-001
 1.179961777E+001 5.267999768E-001
 1.180961800E+001 5.260999799E-001
 1.181961823E+001 5.253999829E-001
 1.182961750E+001 5.248000026E-001
 1.183961773E+001 5.241000056E-001
 1.184961796E+001 5.235000253E-001
 1.185961819E+001 5.228999853E-001
 1.186961746E+001 5.224000216E-001
 1.187961769E+001 5.217999816E-001
 1.188961792E+001 5.213000178E-001
 1.189961815E+001 5.207999945E-001
 1.190961742E+001 5.202999711E-001
 1.191961765E+001 5.198000073E-001
 1.192961788E+001 5.192999840E-001
 1.193961811E+001 5.188999772E-001
 1.194961739E+001 5.184000134E-001
 1.195961761E+001 5.180000067E-001
 1.196961784E+001 5.175999999E-001
 1.197961807E+001 5.171999931E-001
 1.198961830E+001 5.169000030E-001
 1.199961758E+001 5.164999962E-001
 1.200961781E+001 5.162000060E-001
 1.201961803E+001 5.157999992E-001
 1.202961826E+001 5.155000091E-001
 1.203961754E+001 5.152000189E-001
 1.204961777E+001 5.149999857E-001
 1.205961800E+001 5.146999955E-001
 1.206961823E+001 5.144000053E-001
 1.207961750E+001 5.141999722E-001
 1.208961773E+001 5.139999986E-001
 1.209961796E+001 5.138000250E-001
 1.210961819E+001 5.135999918E-001
 1.211961746E+001 5.134000182E-001
 1.212961769E+001 5.133000016E-001
 1.213961792E+001 5.131000280E-001
 1.214961815E+001 5.130000114E-001
 1.215961742E+001 5.128999949E-001
 1.216961765E+001 5.127000213E-001
 1.217961788E+001 5.126000047E-001
 1.218961811E+001 5.126000047E-001
 1.219961739E+001 5.124999881E-001
 1.220961761E+001 5.123999715E-001
 1.221961784E+001 5.123999715E-001
 1.222961807E+001 5.123000145E-001
 1.223961830E+001 5.123000145E-001
 1.224961758E+001 5.123000145E-001
 1.225961781E+001 5.123000145E-001
 1.226961803E+001 5.123000145E-001
 1.227961826E+001 5.123000145E-001
 1.228961754E+001 5.123000145E-001
 1.229961777E+001 5.123999715E-001
 1.230961800E+001 5.123999715E-001
 1.231961823E+001 5.124999881E-001
 1.232961750E+001 5.126000047E-001
 1.233961773E+001 5.127000213E-001
 1.234961796E+001 5.127999783E-001
 1.235961819E+001 5.128999949E-001
 1.236961746E+001 5.130000114E-001
 1.237961769E+001 5.131999850E-001
 1.238961792E+001 5.131999850E-001
 1.239961815E+001 5.131000280E-001
 1.240961742E+001 5.131000280E-001
 1.241961765E+001 5.130000114E-001
 1.242961788E+001 5.130000114E-001
 1.243961811E+001 5.128999949E-001
 1.244961739E+001 5.128999949E-001
 1.245961761E+001 5.128999949E-001
 1.246961784E+001 5.128999949E-001
 1.247961807E+001 5.130000114E-001
 1.248961830E+001 5.130000114E-001
 1.249961758E+001 5.130000114E-001
 1.250961781E+001 5.131000280E-001
 1.251961803E+001 5.131000280E-001
 1.252961826E+001 5.131999850E-001
 1.253961754E+001 5.133000016E-001
 1.254961777E+001 5.134000182E-001
 1.255961800E+001 5.134999752E-001
 1.256961823E+001 5.135999918E-001
 1.257961750E+001 5.138000250E-001
 1.258961773E+001 5.138999820E-001
 1.259961796E+001 5.135999918E-001
 1.260961819E+001 5.131999850E-001
 1.261961746E+001 5.127000213E-001
 1.262961769E+001 5.123000145E-001
 1.263961792E+001 5.119000077E-001
 1.264961815E+001 5.116000175E-001
 1.265961742E+001 5.112000108E-001
 1.266961765E+001 5.109000206E-001
 1.267961788E+001 5.105999708E-001
 1.268961811E+001 5.102999806E-001
 1.269961739E+001 5.099999905E-001
 1.270961761E+001 5.097000003E-001
 1.271961784E+001 5.094000101E-001
 1.272961807E+001 5.091000199E-001
 1.273961830E+001 5.088000298E-001
 1.274961758E+001 5.085999966E-001
 1.275961781E+001 5.083000064E-001
 1.276961803E+001 5.080999732E-001
 1.277961826E+001 5.078999996E-001
 1.278961754E+001 5.077000260E-001
 1.279961777E+001 5.073999763E-001
 1.280961800E+001 5.066000223E-001
 1.281961823E+001 5.058000088E-001
 1.282961750E+001 5.049999952E-001
 1.283961773E+001 5.041999817E-001
 1.284961796E+001 5.034000278E-001
 1.285961819E+001 5.026000142E-001
 1.286961746E+001 5.019000173E-001
 1.287961769E+001 5.011000037E-001
 1.288961792E+001 5.004000068E-001
 1.289961815E+001 4.997000098E-001
 1.291061783E+001 4.990000129E-001
 1.292061806E+001 4.982999861E-001
 1.293061829E+001 4.975999892E-001
 1.294061852E+001 4.968999922E-001
 1.295061874E+001 4.963000119E-001
 1.296061707E+001 4.955999851E-001
 1.297061729E+001 4.950000048E-001
 1.298061752E+001 4.943000078E-001
 1.299061775E+001 4.936999977E-001
 1.300061798E+001 4.930999875E-001
 1.301061821E+001 4.925000072E-001
 1.302061844E+001 4.918999970E-001
 1.303061867E+001 4.914000034E-001
 1.304061699E+001 4.907999933E-001
 1.305061722E+001 4.902999997E-001
 1.306061745E+001 4.896999896E-001
 1.307061768E+001 4.891999960E-001
 1.308061790E+001 4.887000024E-001
 1.309061813E+001 4.880999923E-001
 1.310061836E+001 4.875999987E-001
 1.311061859E+001 4.871000051E-001
 1.312061691E+001 4.866999984E-001
 1.313061714E+001 4.862000048E-001
 1.314061737E+001 4.857000113E-001
 1.315061760E+001 4.853000045E-001
 1.316061783E+001 4.848000109E-001
 1.317061806E+001 4.844000041E-001
 1.318061829E+001 4.839999974E-001
 1.319061852E+001 4.835999906E-001
 1.320061874E+001 4.832000136E-001
 1.321061707E+001 4.826999903E-001
 1.322061729E+001 4.823000133E-001
 1.323061752E+001 4.819000065E-001
 1.324061775E+001 4.815999866E-001
 1.325061798E+001 4.812000096E-001
 1.326061821E+001 4.808000028E-001
 1.327061844E+001 4.803999960E-001
 1.328061867E+001 4.799999893E-001
 1.329061699E+001 4.796999991E-001
 1.330061722E+001 4.792999923E-001
 1.331061745E+001 4.788999856E-001
 1.332061768E+001 4.785999954E-001
 1.333061790E+001 4.781999886E-001
 1.334061813E+001 4.778999984E-001
 1.335061836E+001 4.774999917E-001
 1.336061859E+001 4.772000015E-001
 1.337061691E+001 4.763000011E-001
 1.338061714E+001 4.753000140E-001
 1.339061737E+001 4.742999971E-001
 1.340061760E+001 4.733000100E-001
 1.341061783E+001 4.724000096E-001
 1.342061806E+001 4.713999927E-001
 1.343061829E+001 4.704999924E-001
 1.344061852E+001 4.697000086E-001
 1.345061874E+001 4.688000083E-001
 1.346061707E+001 4.679000080E-001
 1.347061729E+001 4.670999944E-001
 1.348061752E+001 4.663000107E-001
 1.349061775E+001 4.654999971E-001
 1.350061798E+001 4.647000134E-001
 1.351061821E+001 4.638999999E-001
 1.352061844E+001 4.630999863E-001
 1.353061867E+001 4.623000026E-001
 1.354061699E+001 4.616000056E-001
 1.355061722E+001 4.607999921E-001
 1.356061745E+001 4.600999951E-001
 1.357061768E+001 4.593999982E-001
 1.358061790E+001 4.587000012E-001
 1.359061813E+001 4.580000043E-001
 1.360061836E+001 4.573000073E-001
 1.361061859E+001 4.566000104E-001
 1.362061691E+001 4.559000134E-001
 1.363061714E+001 4.553000033E-001
 1.364061737E+001 4.546000063E-001
 1.365061760E+001 4.539999962E-001
 1.366061783E+001 4.532999992E-001
 1.367061806E+001 4.526999891E-001
 1.368061829E+001 4.521000087E-001
 1.369061852E+001 4.514000118E-001
 1.370061874E+001 4.508000016E-001
 1.371061707E+001 4.501999915E-001
 1.372061729E+001 4.496000111E-001
 1.373061752E+001 4.490000010E-001
 1.374061775E+001 4.483999908E-001
 1.375061798E+001 4.478999972E-001
 1.376061821E+001 4.472999871E-001
 1.377061844E+001 4.467000067E-001
 1.378061867E+001 4.460999966E-001
 1.379061699E+001 4.456000030E-001
 1.380061722E+001 4.449999928E-001
 1.381061745E+001 4.444999993E-001
 1.382061768E+001 4.440000057E-001
 1.383061790E+001 4.433999956E-001
 1.384061813E+001 4.429000020E-001
 1.385061836E+001 4.424000084E-001
 1.386061859E+001 4.419000149E-001
 1.387061691E+001 4.413000047E-001
 1.388061714E+001 4.408000112E-001
 1.389061737E+001 4.402999878E-001
 1.390061760E+001 4.397999942E-001
 1.391061783E+001 4.393999875E-001
 1.392061806E+001 4.388999939E-001
 1.393061829E+001 4.384000003E-001
 1.394061852E+001 4.379000068E-001
 1.395061874E+001 4.375000000E-001
 1.396061707E+001 4.370000064E-001
 1.397061729E+001 4.365999997E-001
 1.398061752E+001 4.361000061E-001
 1.399061775E+001 4.356999993E-001
 1.400061798E+001 4.352999926E-001
 1.401061821E+001 4.347999990E-001
 1.402061844E+001 4.343999922E-001
 1.403061867E+001 4.339999855E-001
 1.404061699E+001 4.336000085E-001
 1.405061722E+001 4.332000017E-001
 1.406061745E+001 4.327999949E-001
 1.407061768E+001 4.323999882E-001
 1.408061790E+001 4.320000112E-001
 1.409061813E+001 4.316999912E-001
 1.410061836E+001 4.313000143E-001
 1.411061859E+001 4.309000075E-001
 1.412061691E+001 4.305000007E-001
 1.413061714E+001 4.302000105E-001
 1.414061737E+001 4.298000038E-001
 1.415061760E+001 4.295000136E-001
 1.416061783E+001 4.291000068E-001
 1.417061806E+001 4.287999868E-001
 1.418061829E+001 4.284000099E-001
 1.419061852E+001 4.280999899E-001
 1.420061874E+001 4.277999997E-001
 1.421061707E+001 4.273999929E-001
 1.422061729E+001 4.271000028E-001
 1.423061752E+001 4.268000126E-001
 1.424061775E+001 4.264999926E-001
 1.425061798E+001 4.262000024E-001
 1.426061821E+001 4.259999990E-001
 1.427061844E+001 4.257000089E-001
 1.428061867E+001 4.255000055E-001
 1.429061699E+001 4.253000021E-001
 1.430061722E+001 4.250999987E-001
 1.431061745E+001 4.248999953E-001
 1.432061768E+001 4.246999919E-001
 1.433061790E+001 4.246000051E-001
 1.434061813E+001 4.244000018E-001
 1.435061836E+001 4.242999852E-001
 1.436061859E+001 4.241999984E-001
 1.437061691E+001 4.241000116E-001
 1.438061714E+001 4.239999950E-001
 1.439061737E+001 4.239000082E-001
 1.440061760E+001 4.239000082E-001
 1.441061783E+001 4.237999916E-001
 1.442061806E+001 4.237999916E-001
 1.443061829E+001 4.237000048E-001
 1.444061852E+001 4.237000048E-001
 1.445061874E+001 4.237000048E-001
 1.446061707E+001 4.237000048E-001
 1.447061729E+001 4.237000048E-001
 1.448061752E+001 4.237000048E-001
 1.449061775E+001 4.237999916E-001
 1.450061798E+001 4.237999916E-001
 1.451061821E+001 4.237999916E-001
 1.452061844E+001 4.239000082E-001
 1.453061867E+001 4.239999950E-001
 1.454061699E+001 4.239999950E-001
 1.455061722E+001 4.241000116E-001
 1.456061745E+001 4.241999984E-001
 1.457061768E+001 4.242999852E-001
 1.458061790E+001 4.244000018E-001
 1.459061813E+001 4.244999886E-001
 1.460061836E+001 4.246999919E-001
 1.461061859E+001 4.248000085E-001
 1.462061691E+001 4.250000119E-001
 1.463061714E+001 4.250999987E-001
 1.464061737E+001 4.253000021E-001
 1.465061760E+001 4.255000055E-001
 1.466061783E+001 4.255999923E-001
 1.467061806E+001 4.257999957E-001
 1.468061829E+001 4.259999990E-001
 1.469061852E+001 4.262999892E-001
 1.470061874E+001 4.264999926E-001
 1.471061707E+001 4.268000126E-001
 1.472061729E+001 4.271000028E-001
 1.473061752E+001 4.275000095E-001
 1.474061775E+001 4.278999865E-001
 1.475061798E+001 4.280999899E-001
 1.476061821E+001 4.282999933E-001
 1.477061844E+001 4.284999967E-001
 1.478061867E+001 4.287000000E-001
 1.479061699E+001 4.289999902E-001
 1.480061722E+001 4.293000102E-001
 1.481061745E+001 4.296000004E-001
 1.482061768E+001 4.300000072E-001
 1.483061790E+001 4.305000007E-001
 1.484061813E+001 4.309000075E-001
 1.485061836E+001 4.314000010E-001
 1.486061859E+001 4.320000112E-001
 1.487061691E+001 4.325000048E-001
 1.488061714E+001 4.330999851E-001
 1.489061737E+001 4.336999953E-001
 1.490061760E+001 4.343000054E-001
 1.491061783E+001 4.350000024E-001
 1.492061806E+001 4.363000095E-001
 1.493061829E+001 4.383000135E-001
 1.494061852E+001 4.401000142E-001
 1.495061874E+001 4.419000149E-001
 1.496061707E+001 4.435999990E-001
 1.497061729E+001 4.453000128E-001
 1.498061752E+001 4.469999969E-001
 1.499061775E+001 4.485999942E-001
 1.500061798E+001 4.501000047E-001
 1.501061821E+001 4.512000084E-001
 1.502061844E+001 4.521999955E-001
 1.503061867E+001 4.532000124E-001
 1.504061699E+001 4.541999996E-001
 1.505061722E+001 4.550999999E-001
 1.506061745E+001 4.559000134E-001
 1.507061768E+001 4.566999972E-001
 1.508061790E+001 4.573999941E-001
 1.509061813E+001 4.580999911E-001
 1.510061836E+001 4.587000012E-001
 1.511061859E+001 4.593000114E-001
 1.512061691E+001 4.598000050E-001
 1.513061714E+001 4.602999985E-001
 1.514061737E+001 4.607000053E-001
 1.515061760E+001 4.609999955E-001
 1.516061783E+001 4.612999856E-001
 1.517061806E+001 4.616000056E-001
 1.518061829E+001 4.618000090E-001
 1.519061852E+001 4.618999958E-001
 1.520061874E+001 4.620000124E-001
 1.521061707E+001 4.620000124E-001
 1.522061729E+001 4.620000124E-001
 1.523061752E+001 4.618999958E-001
 1.524061775E+001 4.618000090E-001
 1.525061798E+001 4.614000022E-001
 1.526061821E+001 4.607999921E-001
 1.527061844E+001 4.602000117E-001
 1.528061867E+001 4.595000148E-001
 1.529061699E+001 4.587999880E-001
 1.530061722E+001 4.580000043E-001
 1.531061745E+001 4.571999907E-001
 1.532061768E+001 4.562999904E-001
 1.533061790E+001 4.553999901E-001
 1.534061813E+001 4.544000030E-001
 1.535061836E+001 4.532999992E-001
 1.536061859E+001 4.521999955E-001
 1.537061691E+001 4.510999918E-001
 1.538061714E+001 4.499000013E-001
 1.539061737E+001 4.485999942E-001
 1.540061760E+001 4.472999871E-001
 1.541061783E+001 4.458999932E-001
 1.542061806E+001 4.444999993E-001
 1.543061829E+001 4.429999888E-001
 1.544061852E+001 4.415000081E-001
 1.545061874E+001 4.399000108E-001
 1.546061707E+001 4.383000135E-001
 1.547061729E+001 4.366999865E-001
 1.548061752E+001 4.350999892E-001
 1.549061775E+001 4.334999919E-001
 1.550061798E+001 4.318999946E-001
 1.551061821E+001 4.302999973E-001
 1.552061844E+001 4.287000000E-001
 1.553061867E+001 4.271000028E-001
 1.554061699E+001 4.255000055E-001
 1.555061722E+001 4.239000082E-001
 1.556061745E+001 4.223999977E-001
 1.557061768E+001 4.208000004E-001
 1.558061790E+001 4.192000031E-001
 1.559061813E+001 4.176999927E-001
 1.560061836E+001 4.160999954E-001
 1.561061859E+001 4.144999981E-001
 1.562061691E+001 4.129999876E-001
 1.563061714E+001 4.113999903E-001
 1.564061737E+001 4.099000096E-001
 1.565061760E+001 4.083000124E-001
 1.566061783E+001 4.068000019E-001
 1.567061806E+001 4.052000046E-001
 1.568061829E+001 4.036999941E-001
 1.569061852E+001 4.022000134E-001
 1.570061874E+001 4.005999863E-001
 1.571061707E+001 3.991000056E-001
 1.572061729E+001 3.975999951E-001
 1.573061752E+001 3.961000144E-001
 1.574061775E+001 3.944999874E-001
 1.575061798E+001 3.930000067E-001
 1.576061821E+001 3.914999962E-001
 1.577061844E+001 3.899999857E-001
 1.578061867E+001 3.885000050E-001
 1.579061699E+001 3.874000013E-001
 1.580061722E+001 3.864000142E-001
 1.581061745E+001 3.855000138E-001
 1.582061768E+001 3.844999969E-001
 1.583061790E+001 3.835000098E-001
 1.584061813E+001 3.826000094E-001
 1.585061836E+001 3.815999925E-001
 1.586061859E+001 3.806999922E-001
 1.587061691E+001 3.797999918E-001
 1.588061714E+001 3.788999915E-001
 1.589061737E+001 3.779999912E-001
 1.590061760E+001 3.770999908E-001
 1.591061783E+001 3.761999905E-001
 1.592061806E+001 3.754000068E-001
 1.593061829E+001 3.745000064E-001
 1.594061852E+001 3.736999929E-001
 1.595061874E+001 3.727999926E-001
 1.596061707E+001 3.720000088E-001
 1.597061729E+001 3.711999953E-001
 1.598061752E+001 3.704000115E-001
 1.599061775E+001 3.697000146E-001
 1.600061798E+001 3.689000010E-001
 1.601061821E+001 3.680999875E-001
 1.602061844E+001 3.673999906E-001
 1.603061867E+001 3.666000068E-001
 1.604061699E+001 3.659000099E-001
 1.605061722E+001 3.652000129E-001
 1.606061745E+001 3.644999862E-001
 1.607061768E+001 3.637999892E-001
 1.608061790E+001 3.630999923E-001
 1.609061813E+001 3.623999953E-001
 1.610061836E+001 3.617999852E-001
 1.611061859E+001 3.612999916E-001
 1.612061691E+001 3.607000113E-001
 1.613061714E+001 3.601999879E-001
 1.614061737E+001 3.598000109E-001
 1.615061760E+001 3.592999876E-001
 1.616061783E+001 3.589999974E-001
 1.617061806E+001 3.585999906E-001
 1.618061829E+001 3.583000004E-001
 1.619061852E+001 3.580999970E-001
 1.620061874E+001 3.578000069E-001
 1.621061707E+001 3.574999869E-001
 1.622061729E+001 3.571999967E-001
 1.623061752E+001 3.569000065E-001
 1.624061775E+001 3.565999866E-001
 1.625061798E+001 3.562999964E-001
 1.626061821E+001 3.560000062E-001
 1.627061844E+001 3.556999862E-001
 1.628061867E+001 3.553999960E-001
 1.629061699E+001 3.551000059E-001
 1.630061722E+001 3.549000025E-001
 1.631061745E+001 3.546000123E-001
 1.632061768E+001 3.544000089E-001
 1.633061790E+001 3.540999889E-001
 1.634061813E+001 3.540999889E-001
 1.635061836E+001 3.558000028E-001
 1.636061859E+001 3.573000133E-001
 1.637061691E+001 3.587999940E-001
 1.638061714E+001 3.601999879E-001
 1.639061737E+001 3.614999950E-001
 1.640061760E+001 3.626999855E-001
 1.641061783E+001 3.637999892E-001
 1.642061806E+001 3.648000062E-001
 1.643061829E+001 3.655999899E-001
 1.644061852E+001 3.664000034E-001
 1.645061874E+001 3.670000136E-001
 1.646061707E+001 3.675999939E-001
 1.647061729E+001 3.680000007E-001
 1.648061752E+001 3.666999936E-001
 1.649061775E+001 3.652999997E-001
 1.650061798E+001 3.635999858E-001
 1.651061821E+001 3.617999852E-001
 1.652061844E+001 3.598000109E-001
 1.653061867E+001 3.576000035E-001
 1.654061699E+001 3.551999927E-001
 1.655061722E+001 3.526000082E-001
 1.656061745E+001 3.497999907E-001
 1.657061768E+001 3.467999995E-001
 1.658061790E+001 3.436000049E-001
 1.659061813E+001 3.402000070E-001
 1.660061836E+001 3.366000056E-001
 1.661061859E+001 3.328000009E-001
 1.662061691E+001 3.289000094E-001
 1.663061714E+001 3.253000081E-001
 1.664061737E+001 3.224000037E-001
 1.665061760E+001 3.203999996E-001
 1.666061783E+001 3.190999925E-001
 1.667061806E+001 3.183999956E-001
 1.668061829E+001 3.177999854E-001
 1.669061852E+001 3.170999885E-001
 1.670061874E+001 3.163999915E-001
 1.671061707E+001 3.156999946E-001
 1.672061729E+001 3.149999976E-001
 1.673061752E+001 3.143000007E-001
 1.674061775E+001 3.134999871E-001
 1.675061798E+001 3.127999902E-001
 1.676061821E+001 3.120000064E-001
 1.677061844E+001 3.111999929E-001
 1.678061867E+001 3.104000092E-001
 1.679061699E+001 3.095999956E-001
 1.680061722E+001 3.088000119E-001
 1.681061745E+001 3.079000115E-001
 1.682061768E+001 3.070000112E-001
 1.683061790E+001 3.059999943E-001
 1.684061813E+001 3.050000072E-001
 1.685061836E+001 3.039999902E-001
 1.686061859E+001 3.028999865E-001
 1.687061691E+001 3.018000126E-001
 1.688061714E+001 3.005999923E-001
 1.689061737E+001 2.994999886E-001
 1.690061760E+001 2.982999980E-001
 1.691161728E+001 2.971000075E-001
 1.692161751E+001 2.958000004E-001
 1.693161774E+001 2.946000099E-001
 1.694161797E+001 2.933000028E-001
 1.695161819E+001 2.919999957E-001
 1.696161842E+001 2.906000018E-001
 1.697161865E+001 2.892000079E-001
 1.698161697E+001 2.879000008E-001
 1.699161720E+001 2.865000069E-001
 1.700161743E+001 2.851999998E-001
 1.701161766E+001 2.836999893E-001
 1.702161789E+001 2.820999920E-001
 1.703161812E+001 2.804999948E-001
 1.704161835E+001 2.788999975E-001
 1.705161858E+001 2.773000002E-001
 1.706161880E+001 2.757000029E-001
 1.707161713E+001 2.741000056E-001
 1.708161736E+001 2.725000083E-001
 1.709161758E+001 2.709999979E-001
 1.710161781E+001 2.694000006E-001
 1.711161804E+001 2.678000033E-001
 1.712161827E+001 2.662999928E-001
 1.713161850E+001 2.648000121E-001
 1.714161873E+001 2.633000016E-001
 1.715161705E+001 2.617000043E-001
 1.716161728E+001 2.601999938E-001
 1.717161751E+001 2.587000132E-001
 1.718161774E+001 2.572000027E-001
 1.719161797E+001 2.558000088E-001
 1.720161819E+001 2.542999983E-001
 1.721161842E+001 2.527999878E-001
 1.722161865E+001 2.513999939E-001
 1.723161697E+001 2.498999983E-001
 1.724161720E+001 2.485000044E-001
 1.725161743E+001 2.469999939E-001
 1.726161766E+001 2.456000000E-001
 1.727161789E+001 2.442000061E-001
 1.728161812E+001 2.427999973E-001
 1.729161835E+001 2.414000034E-001
 1.730161858E+001 2.399999946E-001
 1.731161880E+001 2.386000007E-001
 1.732161713E+001 2.372000068E-001
 1.733161736E+001 2.358999997E-001
 1.734161758E+001 2.345000058E-001
 1.735161781E+001 2.330999970E-001
 1.736161804E+001 2.318000048E-001
 1.737161827E+001 2.303999960E-001
 1.738161850E+001 2.291000038E-001
 1.739161873E+001 2.277999967E-001
 1.740161705E+001 2.264000028E-001
 1.741161728E+001 2.250999957E-001
 1.742161751E+001 2.238000035E-001
 1.743161774E+001 2.223999947E-001
 1.744161797E+001 2.211000025E-001
 1.745161819E+001 2.197999954E-001
 1.746161842E+001 2.185000032E-001
 1.747161865E+001 2.171999961E-001
 1.748161697E+001 2.159000039E-001
 1.749161720E+001 2.145999968E-001
 1.750161743E+001 2.133000046E-001
 1.751161766E+001 2.119999975E-001
 1.752161789E+001 2.106000036E-001
 1.753161812E+001 2.090999931E-001
 1.754161835E+001 2.076999992E-001
 1.755161858E+001 2.062000036E-001
 1.756161880E+001 2.047999948E-001
 1.757161713E+001 2.032999992E-001
 1.758161736E+001 2.019000053E-001
 1.759161758E+001 2.004999965E-001
 1.760161781E+001 1.991000026E-001
 1.761161804E+001 1.976000071E-001
 1.762161827E+001 1.961999983E-001
 1.763161850E+001 1.949000061E-001
 1.764161873E+001 1.938000023E-001
 1.765161705E+001 1.926999986E-001
 1.766161728E+001 1.915999949E-001
 1.767161751E+001 1.905000061E-001
 1.768161774E+001 1.894000024E-001
 1.769161797E+001 1.884000003E-001
 1.770161819E+001 1.872999966E-001
 1.771161842E+001 1.862999946E-001
 1.772161865E+001 1.852999926E-001
 1.773161697E+001 1.843000054E-001
 1.774161720E+001 1.834000051E-001
 1.775161743E+001 1.824000031E-001
 1.776161766E+001 1.815000027E-001
 1.777161789E+001 1.805000007E-001
 1.778161812E+001 1.796000004E-001
 1.779161835E+001 1.787000000E-001
 1.780161858E+001 1.777999997E-001
 1.781161880E+001 1.768999994E-001
 1.782161713E+001 1.761000007E-001
 1.783161736E+001 1.752000004E-001
 1.784161758E+001 1.743000001E-001
 1.785161781E+001 1.735000014E-001
 1.786161804E+001 1.727000028E-001
 1.787161827E+001 1.718000025E-001
 1.788161850E+001 1.710000038E-001
 1.789161873E+001 1.702000052E-001
 1.790161705E+001 1.693000048E-001
 1.791161728E+001 1.685000062E-001
 1.792161751E+001 1.676999927E-001
 1.793161774E+001 1.668999940E-001
 1.794161797E+001 1.660999954E-001
 1.795161819E+001 1.652999967E-001
 1.796161842E+001 1.644999981E-001
 1.797161865E+001 1.636999995E-001
 1.798161697E+001 1.630000025E-001
 1.799161720E+001 1.622000039E-001
 1.800161743E+001 1.614000052E-001
 1.801161766E+001 1.606999934E-001
 1.802161789E+001 1.598999947E-001
 1.803161812E+001 1.591999978E-001
 1.804161835E+001 1.583999991E-001
 1.805161858E+001 1.577000022E-001
 1.806161880E+001 1.569000036E-001
 1.807161713E+001 1.562000066E-001
 1.808161736E+001 1.554999948E-001
 1.809161758E+001 1.547999978E-001
 1.810161781E+001 1.541000009E-001
 1.811161804E+001 1.533000022E-001
 1.812161827E+001 1.526000053E-001
 1.813161850E+001 1.518999934E-001
 1.814161873E+001 1.512999982E-001
 1.815161705E+001 1.506000012E-001
 1.816161728E+001 1.499000043E-001
 1.817161751E+001 1.492000073E-001
 1.818161774E+001 1.484999955E-001
 1.819161797E+001 1.479000002E-001
 1.820161819E+001 1.472000033E-001
 1.821161842E+001 1.465999931E-001
 1.822161865E+001 1.458999962E-001
 1.823161697E+001 1.453000009E-001
 1.824161720E+001 1.446000040E-001
 1.825161743E+001 1.439999938E-001
 1.826161766E+001 1.433999985E-001
 1.827161789E+001 1.427000016E-001
 1.828161812E+001 1.421000063E-001
 1.829161835E+001 1.414999962E-001
 1.830161858E+001 1.409000009E-001
 1.831161880E+001 1.403000057E-001
 1.832161713E+001 1.396999955E-001
 1.833161736E+001 1.391000003E-001
 1.834161758E+001 1.385000050E-001
 1.835161781E+001 1.378999949E-001
 1.836161804E+001 1.374000013E-001
 1.837161827E+001 1.368000060E-001
 1.838161850E+001 1.361999959E-001
 1.839161873E+001 1.356000006E-001
 1.840161705E+001 1.351000071E-001
 1.841161728E+001 1.344999969E-001
 1.842161751E+001 1.340000033E-001
 1.843161774E+001 1.333999932E-001
 1.844161797E+001 1.328999996E-001
 1.845161819E+001 1.324000061E-001
 1.846161842E+001 1.317999959E-001
 1.847161865E+001 1.313000023E-001
 1.848161697E+001 1.307999939E-001
 1.849161720E+001 1.303000003E-001
 1.850161743E+001 1.298000067E-001
 1.851161766E+001 1.292999983E-001
 1.852161789E+001 1.288000047E-001
 1.853161812E+001 1.282999963E-001
 1.854161835E+001 1.278000027E-001
 1.855161858E+001 1.272999942E-001
 1.856161880E+001 1.268000007E-001
 1.857161713E+001 1.263999939E-001
 1.858161736E+001 1.262000054E-001
 1.859161758E+001 1.262000054E-001
 1.860161781E+001 1.264999956E-001
 1.861161804E+001 1.270000041E-001
 1.862161827E+001 1.277000010E-001
 1.863161850E+001 1.287000030E-001
 1.864161873E+001 1.299999952E-001
 1.865161705E+001 1.315000057E-001
 1.866161728E+001 1.332000047E-001
 1.867161751E+001 1.351999938E-001
 1.868161774E+001 1.371999979E-001
 1.869161797E+001 1.391000003E-001
 1.870161819E+001 1.406999975E-001
 1.871161842E+001 1.421999931E-001
 1.872161865E+001 1.435000002E-001
 1.873161697E+001 1.446000040E-001
 1.874161720E+001 1.456000060E-001
 1.875161743E+001 1.463000029E-001
 1.876161766E+001 1.469999999E-001
 1.877161789E+001 1.474000067E-001
 1.878161812E+001 1.476999968E-001
 1.879161835E+001 1.477999985E-001
 1.880161858E+001 1.476999968E-001
 1.881161880E+001 1.474000067E-001
 1.882161713E+001 1.469999999E-001
 1.883161736E+001 1.456000060E-001
 1.884161758E+001 1.423999965E-001
 1.885161781E+001 1.374000013E-001
 1.886161804E+001 1.307999939E-001
 1.887161827E+001 1.222999990E-001
 1.888161850E+001 1.120999977E-001
 1.889161873E+001 1.000000015E-001
 1.890161705E+001 8.617000282E-002
 1.891161728E+001 7.050000131E-002
 1.892161751E+001 6.618999690E-002
 1.893161774E+001 6.481999904E-002
 1.894161797E+001 6.345999986E-002
 1.895161819E+001 6.213000044E-002
 1.896161842E+001 6.081999838E-002
 1.897161865E+001 5.951999873E-002
 1.898161697E+001 5.824000016E-002
 1.899161720E+001 5.697999895E-002
 1.900161743E+001 5.573999882E-002
 1.901161766E+001 5.451999977E-002
 1.902161789E+001 5.332000181E-002
 1.903161812E+001 5.212999880E-002
 1.904161835E+001 5.096000060E-002
 1.905161858E+001 4.981999844E-002
 1.906161880E+001 4.868999869E-002
 1.907161713E+001 4.757000133E-002
 1.908161736E+001 4.648000002E-002
 1.909161758E+001 4.540999979E-002
 1.910161781E+001 4.434999824E-002
 1.911161804E+001 4.331000149E-002
 1.912161827E+001 4.228999838E-002
 1.913161850E+001 4.129000008E-002
 1.914161873E+001 4.030999914E-002
 1.915161705E+001 3.934000060E-002
 1.916161728E+001 3.840000182E-002
 1.917161751E+001 3.747000173E-002
 1.918161774E+001 3.655999899E-002
 1.919161797E+001 3.567000106E-002
 1.920161819E+001 3.480000049E-002
 1.921161842E+001 3.393999860E-002
 1.922161865E+001 3.311000019E-002
 1.923161697E+001 3.229000047E-002
 1.924161720E+001 3.149000183E-002
 1.925161743E+001 3.071000054E-002
 1.926161766E+001 2.995000035E-002
 1.927161789E+001 2.920999937E-002
 1.928161812E+001 2.848999947E-002
 1.929161835E+001 2.778000012E-002
 1.930161858E+001 2.708999999E-002
 1.931161880E+001 2.641999908E-002
 1.932161713E+001 2.576999925E-002
 1.933161736E+001 2.514000051E-002
 1.934161758E+001 2.452999912E-002
 1.935161781E+001 2.393000014E-002
 1.936161804E+001 2.335000038E-002
 1.937161827E+001 2.278999984E-002
 1.938161850E+001 2.226000093E-002
 1.939161873E+001 2.174000069E-002
 1.940161705E+001 2.123999968E-002
 1.941161728E+001 2.075999975E-002
 1.942161751E+001 2.030000091E-002
 1.943161774E+001 1.985000074E-002
 1.944161797E+001 1.943000033E-002
 1.945161819E+001 1.902999915E-002
 1.946161842E+001 1.864000037E-002
 1.947161865E+001 1.827999949E-002
 1.948161697E+001 1.793999970E-002
 1.949161720E+001 1.761000045E-002
 1.950161743E+001 1.730000041E-002
 1.951161766E+001 1.702000014E-002
 1.952161789E+001 1.675000042E-002
 1.953161812E+001 1.649999991E-002
 1.954161835E+001 1.627000049E-002
 1.955161858E+001 1.606000029E-002
 1.956161880E+001 1.586999930E-002
 1.957161713E+001 1.569999941E-002
 1.958161736E+001 1.176999975E-002
 1.959161758E+001 7.344000041E-003
 1.960161781E+001 3.959000111E-003
 1.961161804E+001 1.611000043E-003
 1.962161827E+001 3.012999950E-004
 1.963161850E+001 0.000000000E+000
 1.964161873E+001 0.000000000E+000
 1.965161705E+001 0.000000000E+000
 1.966161728E+001 0.000000000E+000
 1.967161751E+001 0.000000000E+000
 1.968161774E+001 0.000000000E+000
 1.969161797E+001 0.000000000E+000
 1.970161819E+001 0.000000000E+000
 1.971161842E+001 0.000000000E+000
 1.972161865E+001 0.000000000E+000
 1.973161697E+001 0.000000000E+000
 1.974161720E+001 0.000000000E+000
 1.975161743E+001 0.000000000E+000
 1.976161766E+001 0.000000000E+000
 1.977161789E+001 0.000000000E+000
 1.978161812E+001 0.000000000E+000
 1.979161835E+001 0.000000000E+000
 1.980161858E+001 0.000000000E+000
 1.981161880E+001 0.000000000E+000
 1.982161713E+001 0.000000000E+000
 1.983161736E+001 0.000000000E+000
 1.984161758E+001 0.000000000E+000
 1.985161781E+001 0.000000000E+000
 1.986161804E+001 0.000000000E+000
 1.987161827E+001 0.000000000E+000
 1.988161850E+001 0.000000000E+000
 1.989161873E+001 0.000000000E+000
 1.990161705E+001 0.000000000E+000
 1.991161728E+001 0.000000000E+000
 1.992161751E+001 0.000000000E+000
 1.993161774E+001 0.000000000E+000
 1.994161797E+001 0.000000000E+000
 1.995161819E+001 0.000000000E+000
 1.996161842E+001 0.000000000E+000
 1.997161865E+001 0.000000000E+000
 1.998161697E+001 0.000000000E+000
 1.999161720E+001 0.000000000E+000
 2.000161743E+001 0.000000000E+000
 2.001161766E+001 0.000000000E+000
 2.002161789E+001 0.000000000E+000
 2.003161812E+001 0.000000000E+000
 2.004161835E+001 0.000000000E+000
 2.005161858E+001 0.000000000E+000
 2.006161880E+001 0.000000000E+000
 2.007161713E+001 0.000000000E+000
 2.008161736E+001 0.000000000E+000
 2.009161758E+001 0.000000000E+000
 2.010161781E+001 0.000000000E+000
 2.011161804E+001 0.000000000E+000
 2.012161827E+001 0.000000000E+000
 2.013161850E+001 0.000000000E+000
 2.014161873E+001 0.000000000E+000
 2.015161705E+001 0.000000000E+000
 2.016161728E+001 0.000000000E+000
 2.017161751E+001 0.000000000E+000
 2.018161774E+001 0.000000000E+000
 2.019161797E+001 0.000000000E+000
 2.020161819E+001 0.000000000E+000
 2.021161842E+001 0.000000000E+000
 2.022161865E+001 0.000000000E+000
 2.023161697E+001 0.000000000E+000
 2.024161720E+001 0.000000000E+000
 2.025161743E+001 0.000000000E+000
 2.026161766E+001 0.000000000E+000
 2.027161789E+001 0.000000000E+000
 2.028161812E+001 0.000000000E+000
 2.029161835E+001 0.000000000E+000
 2.030161858E+001 0.000000000E+000
 2.031161880E+001 0.000000000E+000
 2.032161713E+001 0.000000000E+000
 2.033161736E+001 0.000000000E+000
 2.034161758E+001 0.000000000E+000
 2.035161781E+001 0.000000000E+000
 2.036161804E+001 0.000000000E+000
 2.037161827E+001 0.000000000E+000
 2.038161850E+001 0.000000000E+000
 2.039161873E+001 0.000000000E+000
 2.040161705E+001 0.000000000E+000
 2.041161728E+001 0.000000000E+000
 2.042161751E+001 0.000000000E+000
 2.043161774E+001 0.000000000E+000
 2.044161797E+001 0.000000000E+000
 2.045161819E+001 0.000000000E+000
 2.046161842E+001 0.000000000E+000
 2.047161865E+001 0.000000000E+000
 2.048161697E+001 0.000000000E+000
 2.049161720E+001 0.000000000E+000
 2.050161743E+001 0.000000000E+000
 2.051161766E+001 0.000000000E+000
 2.052161789E+001 0.000000000E+000
 2.053161812E+001 0.000000000E+000
 2.054161835E+001 0.000000000E+000
 2.055161858E+001 0.000000000E+000
 2.056161880E+001 0.000000000E+000
 2.057161713E+001 0.000000000E+000
 2.058161736E+001 0.000000000E+000
 2.059161758E+001 0.000000000E+000
 2.060161781E+001 0.000000000E+000
 2.061161804E+001 0.000000000E+000
 2.062161827E+001 0.000000000E+000
 2.063161850E+001 0.000000000E+000
 2.064161873E+001 0.000000000E+000
 2.065161705E+001 0.000000000E+000
 2.066161728E+001 0.000000000E+000
 2.067161751E+001 0.000000000E+000
 2.068161774E+001 0.000000000E+000
 2.069161797E+001 0.000000000E+000
 2.070161819E+001 0.000000000E+000
 2.071161842E+001 0.000000000E+000
 2.072161865E+001 0.000000000E+000
 2.073161697E+001 0.000000000E+000
 2.074161720E+001 0.000000000E+000
 2.075161743E+001 0.000000000E+000
 2.076161766E+001 0.000000000E+000
 2.077161789E+001 0.000000000E+000
 2.078161812E+001 0.000000000E+000
 2.079161835E+001 0.000000000E+000
 2.080161858E+001 0.000000000E+000
 2.081161880E+001 0.000000000E+000
 2.082161713E+001 0.000000000E+000
 2.083161736E+001 0.000000000E+000
 2.084161758E+001 0.000000000E+000
 2.085161781E+001 0.000000000E+000
 2.086161804E+001 0.000000000E+000
 2.087161827E+001 0.000000000E+000
 2.088161850E+001 0.000000000E+000
 2.089161873E+001 0.000000000E+000
 2.090161705E+001 0.000000000E+000
 2.091261864E+001 0.000000000E+000
 2.092261696E+001 0.000000000E+000
 2.093261719E+001 0.000000000E+000
 2.094261742E+001 0.000000000E+000
 2.095261765E+001 0.000000000E+000
 2.096261787E+001 0.000000000E+000
 2.097261810E+001 0.000000000E+000
 2.098261833E+001 0.000000000E+000
 2.099261856E+001 0.000000000E+000
 2.100261879E+001 0.000000000E+000
 2.101261711E+001 0.000000000E+000
 2.102261734E+001 0.000000000E+000
 2.103261757E+001 0.000000000E+000
 2.104261780E+001 0.000000000E+000
 2.105261803E+001 0.000000000E+000
 2.106261826E+001 0.000000000E+000
 2.107261848E+001 0.000000000E+000
 2.108261871E+001 0.000000000E+000
 2.109261703E+001 0.000000000E+000
 2.110261726E+001 0.000000000E+000
 2.111261749E+001 0.000000000E+000
 2.112261772E+001 0.000000000E+000
 2.113261795E+001 0.000000000E+000
 2.114261818E+001 0.000000000E+000
 2.115261841E+001 0.000000000E+000
 2.116261864E+001 0.000000000E+000
 2.117261696E+001 0.000000000E+000
 2.118261719E+001 0.000000000E+000
 2.119261742E+001 0.000000000E+000
 2.120261765E+001 0.000000000E+000
 2.121261787E+001 0.000000000E+000
 2.122261810E+001 0.000000000E+000
 2.123261833E+001 0.000000000E+000
 2.124261856E+001 0.000000000E+000
 2.125261879E+001 0.000000000E+000
 2.126261711E+001 0.000000000E+000
 2.127261734E+001 0.000000000E+000
 2.128261757E+001 0.000000000E+000
 2.129261780E+001 0.000000000E+000
 2.130261803E+001 0.000000000E+000
 2.131261826E+001 0.000000000E+000
 2.132261848E+001 0.000000000E+000
 2.133261871E+001 0.000000000E+000
 2.134261703E+001 0.000000000E+000
 2.135261726E+001 0.000000000E+000
 2.136261749E+001 0.000000000E+000
 2.137261772E+001 0.000000000E+000
 2.138261795E+001 0.000000000E+000
 2.139261818E+001 0.000000000E+000
 2.140261841E+001 0.000000000E+000
 2.141261864E+001 0.000000000E+000
 2.142261696E+001 0.000000000E+000
 2.143261719E+001 0.000000000E+000
 2.144261742E+001 0.000000000E+000
 2.145261765E+001 0.000000000E+000
 2.146261787E+001 0.000000000E+000
 2.147261810E+001 0.000000000E+000
 2.148261833E+001 0.000000000E+000
 2.149261856E+001 0.000000000E+000
 2.150261879E+001 0.000000000E+000
 2.151261711E+001 0.000000000E+000
 2.152261734E+001 0.000000000E+000
 2.153261757E+001 0.000000000E+000
 2.154261780E+001 0.000000000E+000
 2.155261803E+001 0.000000000E+000
 2.156261826E+001 0.000000000E+000
 2.157261848E+001 0.000000000E+000
 2.158261871E+001 0.000000000E+000
 2.159261703E+001 0.000000000E+000
 2.160261726E+001 0.000000000E+000
 2.161261749E+001 0.000000000E+000
 2.162261772E+001 0.000000000E+000
 2.163261795E+001 0.000000000E+000
 2.164261818E+001 0.000000000E+000
 2.165261841E+001 0.000000000E+000
 2.166261864E+001 0.000000000E+000
 2.167261696E+001 0.000000000E+000
 2.168261719E+001 0.000000000E+000
 2.169261742E+001 0.000000000E+000
 2.170261765E+001 0.000000000E+000
 2.171261787E+001 0.000000000E+000
 2.172261810E+001 0.000000000E+000
 2.173261833E+001 0.000000000E+000
 2.174261856E+001 0.000000000E+000
 2.175261879E+001 0.000000000E+000
 2.176261711E+001 0.000000000E+000
 2.177261734E+001 0.000000000E+000
 2.178261757E+001 0.000000000E+000
 2.179261780E+001 0.000000000E+000
 2.180261803E+001 0.000000000E+000
 2.181261826E+001 0.000000000E+000
 2.182261848E+001 0.000000000E+000
 2.183261871E+001 0.000000000E+000
 2.184261703E+001 0.000000000E+000
 2.185261726E+001 0.000000000E+000
 2.186261749E+001 0.000000000E+000
 2.187261772E+001 0.000000000E+000
 2.188261795E+001 0.000000000E+000
 2.189261818E+001 0.000000000E+000
 2.190261841E+001 0.000000000E+000
 2.191261864E+001 0.000000000E+000
 2.192261696E+001 0.000000000E+000
 2.193261719E+001 0.000000000E+000
 2.194261742E+001 0.000000000E+000
 2.195261765E+001 0.000000000E+000
 2.196261787E+001 0.000000000E+000
 2.197261810E+001 0.000000000E+000
 2.198261833E+001 0.000000000E+000
 2.199261856E+001 0.000000000E+000
 2.200261879E+001 0.000000000E+000
 2.201261711E+001 0.000000000E+000
 2.202261734E+001 0.000000000E+000
 2.203261757E+001 0.000000000E+000
 2.204261780E+001 0.000000000E+000
 2.205261803E+001 0.000000000E+000
 2.206261826E+001 0.000000000E+000
 2.207261848E+001 0.000000000E+000
 2.208261871E+001 0.000000000E+000
 2.209261703E+001 0.000000000E+000
 2.210261726E+001 0.000000000E+000
 2.211261749E+001 0.000000000E+000
 2.212261772E+001 0.000000000E+000
 2.213261795E+001 0.000000000E+000
 2.214261818E+001 0.000000000E+000
 2.215261841E+001 0.000000000E+000
 2.216261864E+001 0.000000000E+000
 2.217261696E+001 0.000000000E+000
 2.218261719E+001 0.000000000E+000
 2.219261742E+001 0.000000000E+000
 2.220261765E+001 0.000000000E+000
 2.221261787E+001 0.000000000E+000
 2.222261810E+001 0.000000000E+000
 2.223261833E+001 0.000000000E+000
 2.224261856E+001 0.000000000E+000
 2.225261879E+001 0.000000000E+000
 2.226261711E+001 0.000000000E+000
 2.227261734E+001 0.000000000E+000
 2.228261757E+001 0.000000000E+000
 2.229261780E+001 0.000000000E+000
 2.230261803E+001 0.000000000E+000
 2.231261826E+001 0.000000000E+000
 2.232261848E+001 0.000000000E+000
 2.233261871E+001 0.000000000E+000
 2.234261703E+001 0.000000000E+000
 2.235261726E+001 0.000000000E+000
 2.236261749E+001 0.000000000E+000
 2.237261772E+001 0.000000000E+000
 2.238261795E+001 0.000000000E+000
 2.239261818E+001 0.000000000E+000
 2.240261841E+001 0.000000000E+000
 2.241261864E+001 0.000000000E+000
 2.242261696E+001 0.000000000E+000
 2.243261719E+001 0.000000000E+000
 2.244261742E+001 0.000000000E+000
 2.245261765E+001 0.000000000E+000
 2.246261787E+001 0.000000000E+000
 2.247261810E+001 0.000000000E+000
 2.248261833E+001 0.000000000E+000
 2.249261856E+001 0.000000000E+000
 2.250261879E+001 0.000000000E+000
 2.251261711E+001 0.000000000E+000
 2.252261734E+001 0.000000000E+000
 2.253261757E+001 0.000000000E+000
 2.254261780E+001 0.000000000E+000
 2.255261803E+001 0.000000000E+000
 2.256261826E+001 0.000000000E+000
 2.257261848E+001 0.000000000E+000
 2.258261871E+001 0.000000000E+000
 2.259261703E+001 0.000000000E+000
 2.260261726E+001 0.000000000E+000
 2.261261749E+001 0.000000000E+000
 2.262261772E+001 0.000000000E+000
 2.263261795E+001 0.000000000E+000
 2.264261818E+001 0.000000000E+000
 2.265261841E+001 0.000000000E+000
 2.266261864E+001 0.000000000E+000
 2.267261696E+001 0.000000000E+000
 2.268261719E+001 0.000000000E+000
 2.269261742E+001 0.000000000E+000
 2.270261765E+001 0.000000000E+000
 2.271261787E+001 0.000000000E+000
 2.272261810E+001 0.000000000E+000
 2.273261833E+001 0.000000000E+000
 2.274261856E+001 0.000000000E+000
 2.275261879E+001 0.000000000E+000
 2.276261711E+001 0.000000000E+000
 2.277261734E+001 0.000000000E+000
 2.278261757E+001 0.000000000E+000
 2.279261780E+001 0.000000000E+000
 2.280261803E+001 0.000000000E+000
 2.281261826E+001 0.000000000E+000
 2.282261848E+001 0.000000000E+000
 2.283261871E+001 0.000000000E+000
 2.284261703E+001 0.000000000E+000
 2.285261726E+001 0.000000000E+000
 2.286261749E+001 0.000000000E+000
 2.287261772E+001 0.000000000E+000
 2.288261795E+001 0.000000000E+000
 2.289261818E+001 0.000000000E+000
 2.290261841E+001 0.000000000E+000
 2.291261864E+001 0.000000000E+000
 2.292261696E+001 0.000000000E+000
 2.293261719E+001 0.000000000E+000
 2.294261742E+001 0.000000000E+000
 2.295261765E+001 0.000000000E+000
 2.296261787E+001 0.000000000E+000
 2.297261810E+001 0.000000000E+000
 2.298261833E+001 0.000000000E+000
 2.299261856E+001 0.000000000E+000
 2.300261879E+001 0.000000000E+000
 2.301261711E+001 0.000000000E+000
 2.302261734E+001 0.000000000E+000
 2.303261757E+001 0.000000000E+000
 2.304261780E+001 0.000000000E+000
 2.305261803E+001 0.000000000E+000
 2.306261826E+001 0.000000000E+000
 2.307261848E+001 0.000000000E+000
 2.308261871E+001 0.000000000E+000
 2.309261703E+001 0.000000000E+000
 2.310261726E+001 0.000000000E+000
 2.311261749E+001 0.000000000E+000
 2.312261772E+001 0.000000000E+000
 2.313261795E+001 0.000000000E+000
 2.314261818E+001 0.000000000E+000
 2.315261841E+001 0.000000000E+000
 2.316261864E+001 0.000000000E+000
 2.317261696E+001 0.000000000E+000
 2.318261719E+001 0.000000000E+000
 2.319261742E+001 0.000000000E+000
 2.320261765E+001 0.000000000E+000
 2.321261787E+001 0.000000000E+000
 2.322261810E+001 0.000000000E+000
 2.323261833E+001 0.000000000E+000
 2.324261856E+001 0.000000000E+000
 2.325261879E+001 0.000000000E+000
 2.326261711E+001 0.000000000E+000
 2.327261734E+001 0.000000000E+000
 2.328261757E+001 0.000000000E+000
 2.329261780E+001 0.000000000E+000
 2.330261803E+001 0.000000000E+000
 2.331261826E+001 0.000000000E+000
 2.332261848E+001 0.000000000E+000
 2.333261871E+001 0.000000000E+000
 2.334261703E+001 0.000000000E+000
 2.335261726E+001 0.000000000E+000
 2.336261749E+001 0.000000000E+000
 2.337261772E+001 0.000000000E+000
 2.338261795E+001 0.000000000E+000
 2.339261818E+001 0.000000000E+000
 2.340261841E+001 0.000000000E+000
 2.341261864E+001 0.000000000E+000
 2.342261696E+001 0.000000000E+000
 2.343261719E+001 0.000000000E+000
 2.344261742E+001 0.000000000E+000
 2.345261765E+001 0.000000000E+000
 2.346261787E+001 0.000000000E+000
 2.347261810E+001 0.000000000E+000
 2.348261833E+001 0.000000000E+000
 2.349261856E+001 0.000000000E+000
 2.350261879E+001 0.000000000E+000
 2.351261711E+001 0.000000000E+000
 2.352261734E+001 0.000000000E+000
 2.353261757E+001 0.000000000E+000
 2.354261780E+001 0.000000000E+000
 2.355261803E+001 0.000000000E+000
 2.356261826E+001 0.000000000E+000
 2.357261848E+001 0.000000000E+000
 2.358261871E+001 0.000000000E+000
 2.359261703E+001 0.000000000E+000
 2.360261726E+001 0.000000000E+000
 2.361261749E+001 0.000000000E+000
 2.362261772E+001 0.000000000E+000
 2.363261795E+001 0.000000000E+000
 2.364261818E+001 0.000000000E+000
 2.365261841E+001 0.000000000E+000
 2.366261864E+001 0.000000000E+000
 2.367261696E+001 0.000000000E+000
 2.368261719E+001 0.000000000E+000
 2.369261742E+001 0.000000000E+000
 2.370261765E+001 0.000000000E+000
 2.371261787E+001 0.000000000E+000
 2.372261810E+001 0.000000000E+000
 2.373261833E+001 0.000000000E+000
 2.374261856E+001 0.000000000E+000
 2.375261879E+001 0.000000000E+000
 2.376261711E+001 0.000000000E+000
 2.377261734E+001 0.000000000E+000
 2.378261757E+001 0.000000000E+000
 2.379261780E+001 0.000000000E+000
 2.380261803E+001 0.000000000E+000
 2.381261826E+001 0.000000000E+000
 2.382261848E+001 0.000000000E+000
 2.383261871E+001 0.000000000E+000
 2.384261703E+001 0.000000000E+000
 2.385261726E+001 0.000000000E+000
 2.386261749E+001 0.000000000E+000
 2.387261772E+001 0.000000000E+000
 2.388261795E+001 0.000000000E+000
 2.389261818E+001 0.000000000E+000
 2.390261841E+001 0.000000000E+000
 2.391261864E+001 0.000000000E+000
 2.392261696E+001 0.000000000E+000
 2.393261719E+001 0.000000000E+000
 2.394261742E+001 0.000000000E+000
 2.395261765E+001 0.000000000E+000
 2.396261787E+001 0.000000000E+000
 2.397261810E+001 0.000000000E+000
 2.398261833E+001 0.000000000E+000
 2.399261856E+001 0.000000000E+000
 2.400261879E+001 0.000000000E+000
 2.401261711E+001 0.000000000E+000
 2.402261734E+001 0.000000000E+000
 2.403261757E+001 0.000000000E+000
 2.404261780E+001 0.000000000E+000
 2.405261803E+001 0.000000000E+000
 2.406261826E+001 0.000000000E+000
 2.407261848E+001 0.000000000E+000
 2.408261871E+001 0.000000000E+000
 2.409261703E+001 0.000000000E+000
 2.410261726E+001 0.000000000E+000
 2.411261749E+001 0.000000000E+000
 2.412261772E+001 0.000000000E+000
 2.413261795E+001 0.000000000E+000
 2.414261818E+001 0.000000000E+000
 2.415261841E+001 0.000000000E+000
 2.416261864E+001 0.000000000E+000
 2.417261696E+001 0.000000000E+000
 2.418261719E+001 0.000000000E+000
 2.419261742E+001 0.000000000E+000
 2.420261765E+001 0.000000000E+000
 2.421261787E+001 0.000000000E+000
 2.422261810E+001 0.000000000E+000
 2.423261833E+001 0.000000000E+000
 2.424261856E+001 0.000000000E+000
 2.425261879E+001 0.000000000E+000
 2.426261711E+001 0.000000000E+000
 2.427261734E+001 0.000000000E+000
 2.428261757E+001 0.000000000E+000
 2.429261780E+001 0.000000000E+000
 2.430261803E+001 0.000000000E+000
 2.431261826E+001 0.000000000E+000
 2.432261848E+001 0.000000000E+000
 2.433261871E+001 0.000000000E+000
 2.434261703E+001 0.000000000E+000
 2.435261726E+001 0.000000000E+000
 2.436261749E+001 0.000000000E+000
 2.437261772E+001 0.000000000E+000
 2.438261795E+001 0.000000000E+000
 2.439261818E+001 0.000000000E+000
 2.440261841E+001 0.000000000E+000
 2.441261864E+001 0.000000000E+000
 2.442261696E+001 0.000000000E+000
 2.443261719E+001 0.000000000E+000
 2.444261742E+001 0.000000000E+000
 2.445261765E+001 0.000000000E+000
 2.446261787E+001 0.000000000E+000
 2.447261810E+001 0.000000000E+000
 2.448261833E+001 0.000000000E+000
 2.449261856E+001 0.000000000E+000
 2.450261879E+001 0.000000000E+000
 2.451261711E+001 0.000000000E+000
 2.452261734E+001 0.000000000E+000
 2.453261757E+001 0.000000000E+000
 2.454261780E+001 0.000000000E+000
 2.455261803E+001 0.000000000E+000
 2.456261826E+001 0.000000000E+000
 2.457261848E+001 0.000000000E+000
 2.458261871E+001 0.000000000E+000
 2.459261703E+001 0.000000000E+000
 2.460261726E+001 0.000000000E+000
 2.461261749E+001 0.000000000E+000
 2.462261772E+001 0.000000000E+000
 2.463261795E+001 0.000000000E+000
 2.464261818E+001 0.000000000E+000
 2.465261841E+001 0.000000000E+000
 2.466261864E+001 0.000000000E+000
 2.467261696E+001 0.000000000E+000
 2.468261719E+001 0.000000000E+000
 2.469261742E+001 0.000000000E+000
 2.470261765E+001 0.000000000E+000
 2.471261787E+001 0.000000000E+000
 2.472261810E+001 0.000000000E+000
 2.473261833E+001 0.000000000E+000
 2.474261856E+001 0.000000000E+000
 2.475261879E+001 0.000000000E+000
 2.476261711E+001 0.000000000E+000
 2.477261734E+001 0.000000000E+000
 2.478261757E+001 0.000000000E+000
 2.479261780E+001 0.000000000E+000
 2.480261803E+001 0.000000000E+000
 2.481261826E+001 0.000000000E+000
 2.482261848E+001 0.000000000E+000
 2.483261871E+001 0.000000000E+000
 2.484261703E+001 0.000000000E+000
 2.485261726E+001 0.000000000E+000
 2.486261749E+001 0.000000000E+000
 2.487261772E+001 0.000000000E+000
 2.488261795E+001 0.000000000E+000
 2.489261818E+001 0.000000000E+000
 2.490261841E+001 0.000000000E+000
 2.491361809E+001 0.000000000E+000
 2.492361832E+001 0.000000000E+000
 2.493361855E+001 0.000000000E+000
 2.494361877E+001 0.000000000E+000
 2.495361710E+001 0.000000000E+000
 2.496361732E+001 0.000000000E+000
 2.497361755E+001 0.000000000E+000
 2.498361778E+001 0.000000000E+000
 2.499361801E+001 0.000000000E+000
 2.500361824E+001 0.000000000E+000
 2.501361847E+001 0.000000000E+000
 2.502361870E+001 0.000000000E+000
 2.503361702E+001 0.000000000E+000
 2.504361725E+001 0.000000000E+000
 2.505361748E+001 0.000000000E+000
 2.506361771E+001 0.000000000E+000
 2.507361794E+001 0.000000000E+000
 2.508361816E+001 0.000000000E+000
 2.509361839E+001 0.000000000E+000
 2.510361862E+001 0.000000000E+000
 2.511361694E+001 0.000000000E+000
 2.512361717E+001 0.000000000E+000
 2.513361740E+001 0.000000000E+000
 2.514361763E+001 0.000000000E+000
 2.515361786E+001 0.000000000E+000
 2.516361809E+001 0.000000000E+000
 2.517361832E+001 0.000000000E+000
 2.518361855E+001 0.000000000E+000
 2.519361877E+001 0.000000000E+000
 2.520361710E+001 0.000000000E+000
 2.521361732E+001 0.000000000E+000
 2.522361755E+001 0.000000000E+000
 2.523361778E+001 0.000000000E+000
 2.524361801E+001 0.000000000E+000
 2.525361824E+001 0.000000000E+000
 2.526361847E+001 0.000000000E+000
 2.527361870E+001 0.000000000E+000
 2.528361702E+001 0.000000000E+000
 2.529361725E+001 0.000000000E+000
 2.530361748E+001 0.000000000E+000
 2.531361771E+001 0.000000000E+000
 2.532361794E+001 0.000000000E+000
 2.533361816E+001 0.000000000E+000
 2.534361839E+001 0.000000000E+000
 2.535361862E+001 0.000000000E+000
 2.536361694E+001 0.000000000E+000
 2.537361717E+001 0.000000000E+000
 2.538361740E+001 0.000000000E+000
 2.539361763E+001 0.000000000E+000
 2.540361786E+001 0.000000000E+000
 2.541361809E+001 0.000000000E+000
 2.542361832E+001 0.000000000E+000
 2.543361855E+001 0.000000000E+000
 2.544361877E+001 0.000000000E+000
 2.545361710E+001 0.000000000E+000
 2.546361732E+001 0.000000000E+000
 2.547361755E+001 0.000000000E+000
 2.548361778E+001 0.000000000E+000
 2.549361801E+001 0.000000000E+000
 2.550361824E+001 0.000000000E+000
 2.551361847E+001 0.000000000E+000
 2.552361870E+001 0.000000000E+000
 2.553361702E+001 0.000000000E+000
 2.554361725E+001 0.000000000E+000
 2.555361748E+001 0.000000000E+000
 2.556361771E+001 0.000000000E+000
 2.557361794E+001 0.000000000E+000
 2.558361816E+001 0.000000000E+000
 2.559361839E+001 0.000000000E+000
 2.560361862E+001 0.000000000E+000
 2.561361694E+001 0.000000000E+000
 2.562361717E+001 0.000000000E+000
 2.563361740E+001 0.000000000E+000
 2.564361763E+001 0.000000000E+000
 2.565361786E+001 0.000000000E+000
 2.566361809E+001 0.000000000E+000
 2.567361832E+001 0.000000000E+000
 2.568361855E+001 0.000000000E+000
 2.569361877E+001 0.000000000E+000
 2.570361710E+001 0.000000000E+000
 2.571361732E+001 0.000000000E+000
 2.572361755E+001 0.000000000E+000
 2.573361778E+001 0.000000000E+000
 2.574361801E+001 0.000000000E+000
 2.575361824E+001 0.000000000E+000
 2.576361847E+001 0.000000000E+000
 2.577361870E+001 0.000000000E+000
 2.578361702E+001 0.000000000E+000
 2.579361725E+001 0.000000000E+000
 2.580361748E+001 0.000000000E+000
 2.581361771E+001 0.000000000E+000
 2.582361794E+001 0.000000000E+000
 2.583361816E+001 0.000000000E+000
 2.584361839E+001 0.000000000E+000
 2.585361862E+001 0.000000000E+000
 2.586361694E+001 0.000000000E+000
 2.587361717E+001 0.000000000E+000
 2.588361740E+001 0.000000000E+000
 2.589361763E+001 0.000000000E+000
 2.590361786E+001 0.000000000E+000
 2.591361809E+001 0.000000000E+000
 2.592361832E+001 0.000000000E+000
 2.593361855E+001 0.000000000E+000
 2.594361877E+001 0.000000000E+000
 2.595361710E+001 0.000000000E+000
 2.596361732E+001 0.000000000E+000
 2.597361755E+001 0.000000000E+000
 2.598361778E+001 0.000000000E+000
 2.599361801E+001 0.000000000E+000
 2.600361824E+001 0.000000000E+000
 2.601361847E+001 0.000000000E+000
 2.602361870E+001 0.000000000E+000
 2.603361702E+001 0.000000000E+000
 2.604361725E+001 0.000000000E+000
 2.605361748E+001 0.000000000E+000
 2.606361771E+001 0.000000000E+000
 2.607361794E+001 0.000000000E+000
 2.608361816E+001 0.000000000E+000
 2.609361839E+001 0.000000000E+000
 2.610361862E+001 0.000000000E+000
 2.611361694E+001 0.000000000E+000
 2.612361717E+001 0.000000000E+000
 2.613361740E+001 0.000000000E+000
 2.614361763E+001 0.000000000E+000
 2.615361786E+001 0.000000000E+000
 2.616361809E+001 0.000000000E+000
 2.617361832E+001 0.000000000E+000
 2.618361855E+001 0.000000000E+000
 2.619361877E+001 0.000000000E+000
 2.620361710E+001 0.000000000E+000
 2.621361732E+001 0.000000000E+000
 2.622361755E+001 0.000000000E+000
 2.623361778E+001 0.000000000E+000
 2.624361801E+001 0.000000000E+000
 2.625361824E+001 0.000000000E+000
 2.626361847E+001 0.000000000E+000
 2.627361870E+001 0.000000000E+000
 2.628361702E+001 0.000000000E+000
 2.629361725E+001 0.000000000E+000
 2.630361748E+001 0.000000000E+000
 2.631361771E+001 0.000000000E+000
 2.632361794E+001 0.000000000E+000
 2.633361816E+001 0.000000000E+000
 2.634361839E+001 0.000000000E+000
 2.635361862E+001 0.000000000E+000
 2.636361694E+001 0.000000000E+000
 2.637361717E+001 0.000000000E+000
 2.638361740E+001 0.000000000E+000
 2.639361763E+001 0.000000000E+000
 2.640361786E+001 0.000000000E+000
 2.641361809E+001 0.000000000E+000
 2.642361832E+001 0.000000000E+000
 2.643361855E+001 0.000000000E+000
 2.644361877E+001 0.000000000E+000
 2.645361710E+001 0.000000000E+000
 2.646361732E+001 0.000000000E+000
 2.647361755E+001 0.000000000E+000
 2.648361778E+001 0.000000000E+000
 2.649361801E+001 0.000000000E+000
 2.650361824E+001 0.000000000E+000
 2.651361847E+001 0.000000000E+000
 2.652361870E+001 0.000000000E+000
 2.653361702E+001 0.000000000E+000
 2.654361725E+001 0.000000000E+000
 2.655361748E+001 0.000000000E+000
 2.656361771E+001 0.000000000E+000
 2.657361794E+001 0.000000000E+000
 2.658361816E+001 0.000000000E+000
 2.659361839E+001 0.000000000E+000
 2.660361862E+001 0.000000000E+000
 2.661361694E+001 0.000000000E+000
 2.662361717E+001 0.000000000E+000
 2.663361740E+001 0.000000000E+000
 2.664361763E+001 0.000000000E+000
 2.665361786E+001 0.000000000E+000
 2.666361809E+001 0.000000000E+000
 2.667361832E+001 0.000000000E+000
 2.668361855E+001 0.000000000E+000
 2.669361877E+001 0.000000000E+000
 2.670361710E+001 0.000000000E+000
 2.671361732E+001 0.000000000E+000
 2.672361755E+001 0.000000000E+000
 2.673361778E+001 0.000000000E+000
 2.674361801E+001 0.000000000E+000
 2.675361824E+001 0.000000000E+000
 2.676361847E+001 0.000000000E+000
 2.677361870E+001 0.000000000E+000
 2.678361702E+001 0.000000000E+000
 2.679361725E+001 0.000000000E+000
 2.680361748E+001 0.000000000E+000
 2.681361771E+001 0.000000000E+000
 2.682361794E+001 0.000000000E+000
 2.683361816E+001 0.000000000E+000
 2.684361839E+001 0.000000000E+000
 2.685361862E+001 0.000000000E+000
 2.686361694E+001 0.000000000E+000
 2.687361717E+001 0.000000000E+000
 2.688361740E+001 0.000000000E+000
 2.689361763E+001 0.000000000E+000
 2.690361786E+001 0.000000000E+000
